repo,arquivo,linha,funcao
Clinica,src/Clinica.Application/Abstracoes/IAcompanhamentoPacienteService.cs,6,OpcaoAcompanhamento
Clinica,src/Clinica.Application/Abstracoes/IAcompanhamentoPacienteService.cs,7,ConfiguracaoAcompanhamento
Clinica,src/Clinica.Application/Abstracoes/IAcompanhamentoPacienteService.cs,10,EstadoIndicacaoBsv
Clinica,src/Clinica.Application/Abstracoes/IAcompanhamentoPacienteService.cs,12,AtualizarAcompanhamento
Clinica,src/Clinica.Application/Abstracoes/IAcompanhamentoPacienteService.cs,15,LinhaAcompanhamento
Clinica,src/Clinica.Application/Abstracoes/OpcoesArmazenamento.cs,30,OpcoesArmazenamento
Clinica,src/Clinica.Application/Abstracoes/OpcoesArmazenamento.cs,52,De
Clinica,src/Clinica.Application/Abstracoes/OpcoesArmazenamento.cs,72,EndpointPermitido
Clinica,src/Clinica.Application/Abstracoes/OpcoesArmazenamento.cs,89,DoAmbiente
Clinica,src/Clinica.Application/Abstracoes/OpcoesArmazenamento.cs,92,Var
Clinica,src/Clinica.Application/Abstracoes/OpcoesArmazenamento.cs,95,Limpar
Clinica,src/Clinica.Application/Assinatura/AssinaturaDigitalService.cs,16,AreaAssinatura
Clinica,src/Clinica.Application/Assinatura/AssinaturaDigitalService.cs,23,PedidoAssinatura
Clinica,src/Clinica.Application/Assinatura/AssinaturaDigitalService.cs,33,ResultadoAssinatura
Clinica,src/Clinica.Application/Assinatura/AssinaturaDigitalService.cs,47,ConferenciaAssinatura
Clinica,src/Clinica.Application/Assinatura/AssinaturaDigitalService.cs,55,NaoConferida
Clinica,src/Clinica.Application/Assinatura/AssinaturaDigitalService.cs,123,Hash
Clinica,src/Clinica.Application/Assinatura/AssinaturaDigitalService.cs,144,AssinarAsync
Clinica,src/Clinica.Application/Assinatura/AssinaturaDigitalService.cs,237,AnexarAssinaturaAsync
Clinica,src/Clinica.Application/Assinatura/AssinaturaDigitalService.cs,269,Conferir
Clinica,src/Clinica.Application/Assinatura/AssinaturaDigitalService.cs,293,ConferirTodas
Clinica,src/Clinica.Application/Assinatura/AssinaturaDigitalService.cs,305,ConferirUma
Clinica,src/Clinica.Application/Assinatura/AssinaturaDigitalService.cs,372,Criticar
Clinica,src/Clinica.Application/Assinatura/AssinaturaDigitalService.cs,499,RecortarAsn1
Clinica,src/Clinica.Application/Assinatura/AssinaturaDigitalService.cs,523,CarimboDeTempo
Clinica,src/Clinica.Application/Assinatura/AssinaturaDigitalService.cs,565,LerGenTime
Clinica,src/Clinica.Application/Assinatura/AssinaturaDigitalService.cs,588,GarantirFonte
Clinica,src/Clinica.Application/Assinatura/AssinaturaDigitalService.cs,614,GetFont
Clinica,src/Clinica.Application/Assinatura/AssinaturaDigitalService.cs,618,ResolveTypeface
Clinica,src/Clinica.Application/Assinatura/AssinaturaDigitalService.cs,625,DesenharCarimbo
Clinica,src/Clinica.Application/Assinatura/AssinaturaDigitalService.cs,656,Desenhar
Clinica,src/Clinica.Application/Assinatura/AssinaturaDigitalService.cs,712,Caber
Clinica,src/Clinica.Application/Assinatura/CertificadoIcpBrasil.cs,14,CertificadoAssinatura
Clinica,src/Clinica.Application/Assinatura/CertificadoIcpBrasil.cs,60,ImpedimentoCertificado
Clinica,src/Clinica.Application/Assinatura/CertificadoIcpBrasil.cs,100,DoRepositorioDoUsuario
Clinica,src/Clinica.Application/Assinatura/CertificadoIcpBrasil.cs,126,DeArquivo
Clinica,src/Clinica.Application/Assinatura/CertificadoIcpBrasil.cs,139,PodeAssinar
Clinica,src/Clinica.Application/Assinatura/CertificadoIcpBrasil.cs,155,Ler
Clinica,src/Clinica.Application/Assinatura/CertificadoIcpBrasil.cs,172,CpfDoTitular
Clinica,src/Clinica.Application/Assinatura/CertificadoIcpBrasil.cs,211,ConferirCadeia
Clinica,src/Clinica.Application/Assinatura/CertificadoIcpBrasil.cs,241,NomeSimples
Clinica,src/Clinica.Application/Assinatura/CertificadoIcpBrasil.cs,265,LerOtherName
Clinica,src/Clinica.Application/Assinatura/RevisaoIncrementalPdf.cs,58,AnexarAssinaturaAsync
Clinica,src/Clinica.Application/Assinatura/RevisaoIncrementalPdf.cs,174,SelarAsync
Clinica,src/Clinica.Application/Assinatura/RevisaoIncrementalPdf.cs,238,MontarXref
Clinica,src/Clinica.Application/Assinatura/RevisaoIncrementalPdf.cs,295,Carimbo
Clinica,src/Clinica.Application/Assinatura/RevisaoIncrementalPdf.cs,346,Num
Clinica,src/Clinica.Application/Assinatura/RevisaoIncrementalPdf.cs,358,TextoPdf
Clinica,src/Clinica.Application/Assinatura/RevisaoIncrementalPdf.cs,372,ParaWinAnsi
Clinica,src/Clinica.Application/Assinatura/RevisaoIncrementalPdf.cs,435,LarguraNaHelvetica
Clinica,src/Clinica.Application/Assinatura/RevisaoIncrementalPdf.cs,455,Caber
Clinica,src/Clinica.Application/Assinatura/RevisaoIncrementalPdf.cs,467,DataPdf
Clinica,src/Clinica.Application/Assinatura/RevisaoIncrementalPdf.cs,477,PaginaPdf
Clinica,src/Clinica.Application/Assinatura/RevisaoIncrementalPdf.cs,499,Ler
Clinica,src/Clinica.Application/Assinatura/RevisaoIncrementalPdf.cs,593,NumeroDaReferencia
Clinica,src/Clinica.Application/Assinatura/RevisaoIncrementalPdf.cs,600,ObjetoTexto
Clinica,src/Clinica.Application/Assinatura/RevisaoIncrementalPdf.cs,621,CatalogoComCampo
Clinica,src/Clinica.Application/Assinatura/RevisaoIncrementalPdf.cs,639,PaginaDe
Clinica,src/Clinica.Application/Assinatura/RevisaoIncrementalPdf.cs,664,Descendentes
Clinica,src/Clinica.Application/Assinatura/RevisaoIncrementalPdf.cs,681,PaginaComAnotacao
Clinica,src/Clinica.Application/Assinatura/RevisaoIncrementalPdf.cs,692,AcrescentarNaArray
Clinica,src/Clinica.Application/Assinatura/RevisaoIncrementalPdf.cs,720,RecortarDicionario
Clinica,src/Clinica.Application/Assinatura/SafeID/AssinadorSafeID.cs,61,GetSignatureSizeAsync
Clinica,src/Clinica.Application/Assinatura/SafeID/AssinadorSafeID.cs,70,GetSignatureAsync
Clinica,src/Clinica.Application/Assinatura/SafeID/AssinadorSafeID.cs,158,ExigirPkcs7EnormalizarParaDer
Clinica,src/Clinica.Application/Assinatura/SafeID/AutorizacaoSafeIDService.cs,12,SessaoSafeID
Clinica,src/Clinica.Application/Assinatura/SafeID/AutorizacaoSafeIDService.cs,60,ConfiguradoAsync
Clinica,src/Clinica.Application/Assinatura/SafeID/AutorizacaoSafeIDService.cs,79,AutorizarAsync
Clinica,src/Clinica.Application/Assinatura/SafeID/AutorizacaoSafeIDService.cs,155,ConferirCredenciaisAsync
Clinica,src/Clinica.Application/Assinatura/SafeID/ClienteSafeID.cs,58,TokenDaAplicacaoAsync
Clinica,src/Clinica.Application/Assinatura/SafeID/ClienteSafeID.cs,79,UrlDeAutorizacao
Clinica,src/Clinica.Application/Assinatura/SafeID/ClienteSafeID.cs,111,TokenPorCodigoAsync
Clinica,src/Clinica.Application/Assinatura/SafeID/ClienteSafeID.cs,136,TokenPorCredenciaisAsync
Clinica,src/Clinica.Application/Assinatura/SafeID/ClienteSafeID.cs,165,CertificadosAsync
Clinica,src/Clinica.Application/Assinatura/SafeID/ClienteSafeID.cs,214,AssinarHashAsync
Clinica,src/Clinica.Application/Assinatura/SafeID/ClienteSafeID.cs,280,DecodificarAssinatura
Clinica,src/Clinica.Application/Assinatura/SafeID/ClienteSafeID.cs,294,SemArmaduraNemEspaco
Clinica,src/Clinica.Application/Assinatura/SafeID/ClienteSafeID.cs,301,ArmaduraPem
Clinica,src/Clinica.Application/Assinatura/SafeID/ClienteSafeID.cs,303,TentarBase64
Clinica,src/Clinica.Application/Assinatura/SafeID/ClienteSafeID.cs,325,TentarHexadecimalDer
Clinica,src/Clinica.Application/Assinatura/SafeID/ClienteSafeID.cs,349,Evidencia
Clinica,src/Clinica.Application/Assinatura/SafeID/ClienteSafeID.cs,363,EhCaractereBase64
Clinica,src/Clinica.Application/Assinatura/SafeID/ClienteSafeID.cs,371,DetalheDoPsc
Clinica,src/Clinica.Application/Assinatura/SafeID/ClienteSafeID.cs,380,SlotsDoCpfAsync
Clinica,src/Clinica.Application/Assinatura/SafeID/ClienteSafeID.cs,400,PostFormAsync
Clinica,src/Clinica.Application/Assinatura/SafeID/ClienteSafeID.cs,408,PostJsonAsync
Clinica,src/Clinica.Application/Assinatura/SafeID/ClienteSafeID.cs,423,GetAsync
Clinica,src/Clinica.Application/Assinatura/SafeID/ClienteSafeID.cs,434,Autorizar
Clinica,src/Clinica.Application/Assinatura/SafeID/ClienteSafeID.cs,445,GarantirAsync
Clinica,src/Clinica.Application/Assinatura/SafeID/ClienteSafeID.cs,460,LerToken
Clinica,src/Clinica.Application/Assinatura/SafeID/ClienteSafeID.cs,478,RespostaToken
Clinica,src/Clinica.Application/Assinatura/SafeID/ClienteSafeID.cs,486,RespostaCertificados
Clinica,src/Clinica.Application/Assinatura/SafeID/ClienteSafeID.cs,490,ItemCertificado
Clinica,src/Clinica.Application/Assinatura/SafeID/ClienteSafeID.cs,494,RespostaAssinatura
Clinica,src/Clinica.Application/Assinatura/SafeID/ClienteSafeID.cs,500,ItemAssinatura
Clinica,src/Clinica.Application/Assinatura/SafeID/ClienteSafeID.cs,504,RespostaSlots
Clinica,src/Clinica.Application/Assinatura/SafeID/ClienteSafeID.cs,508,ItemSlot
Clinica,src/Clinica.Application/Assinatura/SafeID/ClienteSafeID.cs,521,DesafioPkce
Clinica,src/Clinica.Application/Assinatura/SafeID/ClienteSafeID.cs,524,Gerar
Clinica,src/Clinica.Application/Assinatura/SafeID/ClienteSafeID.cs,532,Base64Url
Clinica,src/Clinica.Application/Assinatura/SafeID/ConfiguracaoSafeID.cs,39,DoAmbiente
Clinica,src/Clinica.Application/Assinatura/SafeID/ConfiguracaoSafeID.cs,65,EhHomologacao
Clinica,src/Clinica.Application/Assinatura/SafeID/ConfiguracaoSafeID.cs,80,LerUris
Clinica,src/Clinica.Application/Assinatura/SafeID/ConfiguracaoSafeID.cs,94,Limpar
Clinica,src/Clinica.Application/Assinatura/SafeID/EscutaLoopback.cs,12,RetornoAutorizacao
Clinica,src/Clinica.Application/Assinatura/SafeID/EscutaLoopback.cs,64,Abrir
Clinica,src/Clinica.Application/Assinatura/SafeID/EscutaLoopback.cs,113,EsperarAsync
Clinica,src/Clinica.Application/Assinatura/SafeID/EscutaLoopback.cs,159,ResponderAsync
Clinica,src/Clinica.Application/Assinatura/SafeID/EscutaLoopback.cs,183,PaginaSimples
Clinica,src/Clinica.Application/Assinatura/SafeID/EscutaLoopback.cs,192,Dispose
Clinica,src/Clinica.Application/Assinatura/SafeID/OpcoesSafeID.cs,23,OpcoesSafeID
Clinica,src/Clinica.Application/Assinatura/SafeID/OpcoesSafeID.cs,129,TokenSafeID
Clinica,src/Clinica.Application/Assinatura/SafeID/OpcoesSafeID.cs,149,CertificadoDeNuvem
Clinica,src/Clinica.Application/Assinatura/SafeID/ProvedorOpcoesSafeID.cs,37,ObterAsync
Clinica,src/Clinica.Application/Assinatura/TitularDoCertificado.cs,37,Exigir
Clinica,src/Clinica.Application/Diagnostico.cs,17,Registrar
Clinica,src/Clinica.Application/Email/EnviadorSmtp.cs,21,EnviarAsync
Clinica,src/Clinica.Application/Email/OpcoesEmail.cs,22,OpcoesEmail
Clinica,src/Clinica.Application/Email/OpcoesEmail.cs,44,De
Clinica,src/Clinica.Application/Email/OpcoesEmail.cs,63,PortaValida
Clinica,src/Clinica.Application/Modelos/AcessoWeb.cs,24,Pagina
Clinica,src/Clinica.Application/Modelos/AcessoWeb.cs,42,Do
Clinica,src/Clinica.Application/Modelos/AcessoWeb.cs,53,AberturaDe
Clinica,src/Clinica.Application/Modelos/AcessoWeb.cs,60,MostraProntuario
Clinica,src/Clinica.Application/Modelos/Agenda.cs,40,ConflitoAgenda
Clinica,src/Clinica.Application/Modelos/Agenda.cs,49,OcupacaoProfissional
Clinica,src/Clinica.Application/Modelos/Agenda.cs,65,ResumoDiaRecepcao
Clinica,src/Clinica.Application/Modelos/Agenda.cs,96,SessaoRecusada
Clinica,src/Clinica.Application/Modelos/Agenda.cs,105,SerieAgendada
Clinica,src/Clinica.Application/Modelos/AvisosDeChoque.cs,7,AvisoDeChoque
Clinica,src/Clinica.Application/Modelos/AvisosDeChoque.cs,28,CabecalhoPara
Clinica,src/Clinica.Application/Modelos/AvisosDeChoque.cs,38,EhGrave
Clinica,src/Clinica.Application/Modelos/AvisosDeChoque.cs,49,Montar
Clinica,src/Clinica.Application/Modelos/BuscaDeVagas.cs,6,Vaga
Clinica,src/Clinica.Application/Modelos/BuscaDeVagas.cs,11,Abreviar
Clinica,src/Clinica.Application/Modelos/BuscaDeVagas.cs,28,ResultadoBuscaDeVagas
Clinica,src/Clinica.Application/Modelos/BuscaDeVagas.cs,69,Calcular
Clinica,src/Clinica.Application/Modelos/BuscaDeVagas.cs,126,AtendeNoDia
Clinica,src/Clinica.Application/Modelos/BuscaDeVagas.cs,132,JornadaPresumida
Clinica,src/Clinica.Application/Modelos/CabecalhoClinicoPaciente.cs,60,CabecalhoClinicoPaciente
Clinica,src/Clinica.Application/Modelos/CobrancaDaSessao.cs,38,CobrancaDaSessao
Clinica,src/Clinica.Application/Modelos/CobrancaDaSessao.cs,64,Montar
Clinica,src/Clinica.Application/Modelos/Consultorio.cs,24,SessaoDoDia
Clinica,src/Clinica.Application/Modelos/Consultorio.cs,111,DiaDoProfissional
Clinica,src/Clinica.Application/Modelos/Consultorio.cs,141,SemanaDoProfissional
Clinica,src/Clinica.Application/Modelos/Consultorio.cs,184,RegistroPendente
Clinica,src/Clinica.Application/Modelos/Consultorio.cs,200,DiasEmAberto
Clinica,src/Clinica.Application/Modelos/Consultorio.cs,213,PacienteDaCarteira
Clinica,src/Clinica.Application/Modelos/Consultorio.cs,230,DiasSemVir
Clinica,src/Clinica.Application/Modelos/Consultorio.cs,242,PontoEscore
Clinica,src/Clinica.Application/Modelos/Consultorio.cs,255,EvolucaoDoEscore
Clinica,src/Clinica.Application/Modelos/ContextoDaFolha.cs,28,Montar
Clinica,src/Clinica.Application/Modelos/CronometroDaSessao.cs,43,De
Clinica,src/Clinica.Application/Modelos/CronometroDaSessao.cs,71,EmCurso
Clinica,src/Clinica.Application/Modelos/CronometroDaSessao.cs,85,Formatar
Clinica,src/Clinica.Application/Modelos/DadosPrestador.cs,42,CodigoTuss
Clinica,src/Clinica.Application/Modelos/DadosPrestador.cs,51,ComRegistroAns
Clinica,src/Clinica.Application/Modelos/FechamentosDaAgenda.cs,33,Descrever
Clinica,src/Clinica.Application/Modelos/FechamentosDaAgenda.cs,56,Nomear
Clinica,src/Clinica.Application/Modelos/FolhasParaEntregar.cs,50,HerancaDaSessao
Clinica,src/Clinica.Application/Modelos/FolhasParaEntregar.cs,69,Procedencia
Clinica,src/Clinica.Application/Modelos/FolhasParaEntregar.cs,92,FolhaParaEntregar
Clinica,src/Clinica.Application/Modelos/FolhasParaEntregar.cs,136,Montar
Clinica,src/Clinica.Application/Modelos/FolhasParaEntregar.cs,177,RotuloCurto
Clinica,src/Clinica.Application/Modelos/FolhasParaEntregar.cs,222,Curto
Clinica,src/Clinica.Application/Modelos/Gestao.cs,12,IndicadoresAgenda
Clinica,src/Clinica.Application/Modelos/Gestao.cs,47,ProdutividadeProfissional
Clinica,src/Clinica.Application/Modelos/Gestao.cs,93,MesGerencial
Clinica,src/Clinica.Application/Modelos/Gestao.cs,116,PainelGerencial
Clinica,src/Clinica.Application/Modelos/Gestao.cs,131,ResultadoCampanha
Clinica,src/Clinica.Application/Modelos/Gestao.cs,147,ResumoNps
Clinica,src/Clinica.Application/Modelos/Gestao.cs,172,InatividadePaciente
Clinica,src/Clinica.Application/Modelos/Gestao.cs,185,CandidatoRecall
Clinica,src/Clinica.Application/Modelos/Gestao.cs,200,ValorLancamento
Clinica,src/Clinica.Application/Modelos/Gestao.cs,218,RecebimentoComDeducao
Clinica,src/Clinica.Application/Modelos/Gestao.cs,242,LancamentoEspecie
Clinica,src/Clinica.Application/Modelos/Gestao.cs,257,LancamentoDatado
Clinica,src/Clinica.Application/Modelos/Gestao.cs,294,ResumoAtendimentosPaciente
Clinica,src/Clinica.Application/Modelos/GradeSemana.cs,15,CelulaSemana
Clinica,src/Clinica.Application/Modelos/GradeSemana.cs,32,FaixaSemana
Clinica,src/Clinica.Application/Modelos/GradeSemana.cs,47,GradeSemana
Clinica,src/Clinica.Application/Modelos/GradeSemana.cs,65,Montar
Clinica,src/Clinica.Application/Modelos/GradeSemana.cs,124,Piso
Clinica,src/Clinica.Application/Modelos/GraficoDaDor.cs,7,MedidaDaDor
Clinica,src/Clinica.Application/Modelos/GraficoDaDor.cs,38,VaiDesenhar
Clinica,src/Clinica.Application/Modelos/GraficoDaDor.cs,48,Svg
Clinica,src/Clinica.Application/Modelos/GraficoDaDor.cs,104,Linha
Clinica,src/Clinica.Application/Modelos/GraficoDaDor.cs,110,N
Clinica,src/Clinica.Application/Modelos/HtmlParaTexto.cs,16,Quebras
Clinica,src/Clinica.Application/Modelos/HtmlParaTexto.cs,21,ItemDeLista
Clinica,src/Clinica.Application/Modelos/HtmlParaTexto.cs,24,FimDeItem
Clinica,src/Clinica.Application/Modelos/HtmlParaTexto.cs,27,FimDeLista
Clinica,src/Clinica.Application/Modelos/HtmlParaTexto.cs,30,Celula
Clinica,src/Clinica.Application/Modelos/HtmlParaTexto.cs,33,ScriptOuEstilo
Clinica,src/Clinica.Application/Modelos/HtmlParaTexto.cs,36,QualquerTag
Clinica,src/Clinica.Application/Modelos/HtmlParaTexto.cs,39,EspacosRepetidos
Clinica,src/Clinica.Application/Modelos/HtmlParaTexto.cs,42,QuebraComEspacos
Clinica,src/Clinica.Application/Modelos/HtmlParaTexto.cs,45,QuebrasRepetidas
Clinica,src/Clinica.Application/Modelos/HtmlParaTexto.cs,48,Converter
Clinica,src/Clinica.Application/Modelos/ImportacaoAnexosSmartClinic.cs,45,Abrir
Clinica,src/Clinica.Application/Modelos/ImportacaoAnexosSmartClinic.cs,105,LinhaAnexoPrevia
Clinica,src/Clinica.Application/Modelos/ImportacaoAnexosSmartClinic.cs,113,PreviaAnexosSmartClinic
Clinica,src/Clinica.Application/Modelos/ImportacaoAnexosSmartClinic.cs,123,ResultadoAnexosSmartClinic
Clinica,src/Clinica.Application/Modelos/ImportacaoAnexosSmartClinic.cs,134,Montar
Clinica,src/Clinica.Application/Modelos/ImportacaoAnexosSmartClinic.cs,151,Fechou
Clinica,src/Clinica.Application/Modelos/ImportacaoPacientes.cs,13,FichaResumida
Clinica,src/Clinica.Application/Modelos/ImportacaoPacientes.cs,65,Rotulo
Clinica,src/Clinica.Application/Modelos/ImportacaoPacientes.cs,90,Dica
Clinica,src/Clinica.Application/Modelos/ImportacaoPacientes.cs,115,ColunaDe
Clinica,src/Clinica.Application/Modelos/ImportacaoPacientes.cs,118,Definir
Clinica,src/Clinica.Application/Modelos/ImportacaoPacientes.cs,124,Tem
Clinica,src/Clinica.Application/Modelos/ImportacaoPacientes.cs,136,Ler
Clinica,src/Clinica.Application/Modelos/ImportacaoPacientes.cs,159,Ler
Clinica,src/Clinica.Application/Modelos/ImportacaoPacientes.cs,192,DetectarSeparador
Clinica,src/Clinica.Application/Modelos/ImportacaoPacientes.cs,206,Dividir
Clinica,src/Clinica.Application/Modelos/ImportacaoPacientes.cs,261,readonly
Clinica,src/Clinica.Application/Modelos/ImportacaoPacientes.cs,312,Sugerir
Clinica,src/Clinica.Application/Modelos/ImportacaoPacientes.cs,347,PrimeiroLivre
Clinica,src/Clinica.Application/Modelos/ImportacaoPacientes.cs,355,Normalizar
Clinica,src/Clinica.Application/Modelos/ImportacaoPacientes.cs,382,LinhaPrevia
Clinica,src/Clinica.Application/Modelos/ImportacaoPacientes.cs,421,PreviaImportacao
Clinica,src/Clinica.Application/Modelos/ImportacaoPacientes.cs,436,ResultadoImportacao
Clinica,src/Clinica.Application/Modelos/ImportacaoSmartClinic.cs,25,Indice
Clinica,src/Clinica.Application/Modelos/ImportacaoSmartClinic.cs,34,AutorAnterior
Clinica,src/Clinica.Application/Modelos/ImportacaoSmartClinic.cs,50,EvolucaoPlanejada
Clinica,src/Clinica.Application/Modelos/ImportacaoSmartClinic.cs,54,AgendamentoPlanejado
Clinica,src/Clinica.Application/Modelos/ImportacaoSmartClinic.cs,58,ResumoArquivoClinico
Clinica,src/Clinica.Application/Modelos/ImportacaoSmartClinic.cs,62,ResumoAgendaAnterior
Clinica,src/Clinica.Application/Modelos/ImportacaoSmartClinic.cs,67,PreviaSmartClinic
Clinica,src/Clinica.Application/Modelos/ImportacaoSmartClinic.cs,83,ResultadoSmartClinic
Clinica,src/Clinica.Application/Modelos/ImportacaoSmartClinic.cs,98,RegistroImportadoSemProfissional
Clinica,src/Clinica.Application/Modelos/ImportacaoSmartClinic.cs,102,ItemConferencia
Clinica,src/Clinica.Application/Modelos/ImportacaoSmartClinic.cs,125,Montar
Clinica,src/Clinica.Application/Modelos/ImportacaoSmartClinic.cs,163,Fechou
Clinica,src/Clinica.Application/Modelos/ItemConciliacao.cs,6,ItemConciliacao
Clinica,src/Clinica.Application/Modelos/LoteTissModelos.cs,4,RetornoGuiaDecisao
Clinica,src/Clinica.Application/Modelos/Medidas.cs,25,PontoMedida
Clinica,src/Clinica.Application/Modelos/Medidas.cs,43,SerieMedida
Clinica,src/Clinica.Application/Modelos/Medidas.cs,88,ResumoMedidas
Clinica,src/Clinica.Application/Modelos/MensagensDeContato.cs,18,PrimeiroNome
Clinica,src/Clinica.Application/Modelos/MensagensDeContato.cs,27,ConfirmacaoDeSessao
Clinica,src/Clinica.Application/Modelos/MensagensDeContato.cs,34,AssuntoConfirmacao
Clinica,src/Clinica.Application/Modelos/MensagensDeContato.cs,43,QuandoPorExtenso
Clinica,src/Clinica.Application/Modelos/MensagensDeContato.cs,59,ConviteDeRetorno
Clinica,src/Clinica.Application/Modelos/MensagensDeContato.cs,65,Assinatura
Clinica,src/Clinica.Application/Modelos/ModoDaBusca.cs,51,Modo
Clinica,src/Clinica.Application/Modelos/ModoDaBusca.cs,74,Consulta
Clinica,src/Clinica.Application/Modelos/PacoteSmartClinic.cs,45,Tabela
Clinica,src/Clinica.Application/Modelos/PacoteSmartClinic.cs,48,Tem
Clinica,src/Clinica.Application/Modelos/PacoteSmartClinic.cs,52,Abrir
Clinica,src/Clinica.Application/Modelos/PacoteSmartClinic.cs,91,De
Clinica,src/Clinica.Application/Modelos/PainelDeDocumentos.cs,14,QuemAssina
Clinica,src/Clinica.Application/Modelos/PainelDeDocumentos.cs,55,PainelDeDocumentos
Clinica,src/Clinica.Application/Modelos/PainelDeDocumentos.cs,79,Montar
Clinica,src/Clinica.Application/Modelos/ParcelasDaVenda.cs,47,AVista
Clinica,src/Clinica.Application/Modelos/ParcelasDaVenda.cs,50,APrazo
Clinica,src/Clinica.Application/Modelos/ParcelasDaVenda.cs,64,ParcelaDaVenda
Clinica,src/Clinica.Application/Modelos/ParcelasDaVenda.cs,94,Desenhar
Clinica,src/Clinica.Application/Modelos/ParcelasDaVenda.cs,148,Montar
Clinica,src/Clinica.Application/Modelos/ParcelasDaVenda.cs,176,Resumir
Clinica,src/Clinica.Application/Modelos/ParcelasDaVenda.cs,195,Descrever
Clinica,src/Clinica.Application/Modelos/Pendencia.cs,16,PendenciaCodigo
Clinica,src/Clinica.Application/Modelos/Pendencia.cs,73,PendenciaConsulta
Clinica,src/Clinica.Application/Modelos/Pendencia.cs,91,PendenciaRecursoGlosa
Clinica,src/Clinica.Application/Modelos/Pendencia.cs,119,PendenciaCarteirinha
Clinica,src/Clinica.Application/Modelos/PendenciasAssinaturasInfusao.cs,4,PendenciasAssinaturasInfusao
Clinica,src/Clinica.Application/Modelos/PressaoArterialTexto.cs,22,Par
Clinica,src/Clinica.Application/Modelos/PressaoArterialTexto.cs,25,Sozinha
Clinica,src/Clinica.Application/Modelos/PressaoArterialTexto.cs,40,Juntar
Clinica,src/Clinica.Application/Modelos/PreviaDaFolha.cs,46,PreviaDaFolha
Clinica,src/Clinica.Application/Modelos/PreviaDaFolha.cs,95,Montar
Clinica,src/Clinica.Application/Modelos/PreviaDaFolha.cs,124,Destinatario
Clinica,src/Clinica.Application/Modelos/PreviaDaFolha.cs,130,GrupoDe
Clinica,src/Clinica.Application/Modelos/PreviaDaFolha.cs,143,OQueOCliqueFaz
Clinica,src/Clinica.Application/Modelos/ProcedenciaDaSessao.cs,29,Descrever
Clinica,src/Clinica.Application/Modelos/Prontuario.cs,10,AnexoResumo
Clinica,src/Clinica.Application/Modelos/Prontuario.cs,58,AnexoDoPaciente
Clinica,src/Clinica.Application/Modelos/Prontuario.cs,85,PontoEva
Clinica,src/Clinica.Application/Modelos/Prontuario.cs,95,EvolucaoDaDor
Clinica,src/Clinica.Application/Modelos/Prontuario.cs,234,AlertaElegibilidade
Clinica,src/Clinica.Application/Modelos/Prontuario.cs,246,Elegibilidade
Clinica,src/Clinica.Application/Modelos/ProntuariosEExames.cs,21,PedidoDeExameLinha
Clinica,src/Clinica.Application/Modelos/ProntuariosEExames.cs,84,LinhaEvolucaoProntuarios
Clinica,src/Clinica.Application/Modelos/ProntuariosEExames.cs,110,LinhaProntuario
Clinica,src/Clinica.Application/Modelos/ProntuariosEExames.cs,167,Montar
Clinica,src/Clinica.Application/Modelos/ProntuariosEExames.cs,224,DetalheDaSessao
Clinica,src/Clinica.Application/Modelos/RazaoEstoque.cs,19,Calcular
Clinica,src/Clinica.Application/Modelos/RegistroClinicoPaciente.cs,28,RegistroClinicoPaciente
Clinica,src/Clinica.Application/Modelos/RegistroClinicoPaciente.cs,92,Montar
Clinica,src/Clinica.Application/Modelos/RegistroClinicoPaciente.cs,144,Permitido
Clinica,src/Clinica.Application/Modelos/RegistroClinicoPaciente.cs,151,DeSessao
Clinica,src/Clinica.Application/Modelos/RegistroClinicoPaciente.cs,189,MontarEnfermagem
Clinica,src/Clinica.Application/Modelos/RegistroClinicoPaciente.cs,240,DeInfusao
Clinica,src/Clinica.Application/Modelos/RegistroClinicoPaciente.cs,253,DeDocumento
Clinica,src/Clinica.Application/Modelos/RegistroClinicoPaciente.cs,267,DeArquivoDaFicha
Clinica,src/Clinica.Application/Modelos/Relatorio.cs,7,ResumoFaturamento
Clinica,src/Clinica.Application/Modelos/Relatorio.cs,27,FaturamentoPorConvenio
Clinica,src/Clinica.Application/Modelos/Relatorio.cs,46,ConsultasPorEspecialidade
Clinica,src/Clinica.Application/Modelos/Relatorio.cs,52,FaixaEnvelhecimento
Clinica,src/Clinica.Application/Modelos/Relatorio.cs,57,ResumoMensal
Clinica,src/Clinica.Application/Modelos/Relatorio.cs,67,RelatorioFaturamento
Clinica,src/Clinica.Application/Modelos/ResumoDaCarteira.cs,29,ResumoDaCarteira
Clinica,src/Clinica.Application/Modelos/ResumoDaCarteira.cs,36,Montar
Clinica,src/Clinica.Application/Modelos/ResumoMapaAnterior.cs,4,ResumoMapaAnterior
Clinica,src/Clinica.Application/Modelos/ResumoSessaoAnterior.cs,18,CampoDaSessaoAnterior
Clinica,src/Clinica.Application/Modelos/ResumoSessaoAnterior.cs,49,ResumoSessaoAnterior
Clinica,src/Clinica.Application/Modelos/ResumoSessaoAnterior.cs,57,De
Clinica,src/Clinica.Application/Modelos/ResumoSessaoAnterior.cs,84,Valor
Clinica,src/Clinica.Application/Modelos/ResumoSessaoAnterior.cs,98,ContextoDaUltima
Clinica,src/Clinica.Application/Modelos/ResumoSessaoAnterior.cs,118,DosCampos
Clinica,src/Clinica.Application/Modelos/ResumoSessaoAnterior.cs,132,Acrescentar
Clinica,src/Clinica.Application/Modelos/ResumoSessaoAnterior.cs,139,DaHipotese
Clinica,src/Clinica.Application/Modelos/ResumoSessaoAnterior.cs,159,DoRetorno
Clinica,src/Clinica.Application/Modelos/RetornosAMarcar.cs,10,RetornoSugerido
Clinica,src/Clinica.Application/Modelos/RetornosAMarcar.cs,26,HorarioPosterior
Clinica,src/Clinica.Application/Modelos/RetornosAMarcar.cs,29,RetornoAMarcar
Clinica,src/Clinica.Application/Modelos/RetornosAMarcar.cs,92,Montar
Clinica,src/Clinica.Application/Modelos/RetornosAMarcar.cs,126,Rotulo
Clinica,src/Clinica.Application/Modelos/RodadaPendencias.cs,12,RodadaPendenciasStatus
Clinica,src/Clinica.Application/Modelos/RodadaPendencias.cs,32,NaoConformidadeItem
Clinica,src/Clinica.Application/Modelos/SaldoAutorizacao.cs,6,SaldoAutorizacao
Clinica,src/Clinica.Application/Modelos/SelosDaFila.cs,19,SeloFila
Clinica,src/Clinica.Application/Modelos/SelosDaFila.cs,72,Montar
Clinica,src/Clinica.Application/Modelos/SessaoDoProntuario.cs,6,BlocoDaSessao
Clinica,src/Clinica.Application/Modelos/SessaoDoProntuario.cs,49,SessaoDoProntuario
Clinica,src/Clinica.Application/Modelos/SessaoDoProntuario.cs,87,De
Clinica,src/Clinica.Application/Modelos/SessaoDoProntuario.cs,122,Somar
Clinica,src/Clinica.Application/Modelos/SessaoDoProntuario.cs,135,DaHipotese
Clinica,src/Clinica.Application/Modelos/SessaoDoProntuario.cs,149,DoRetorno
Clinica,src/Clinica.Application/Modelos/SessaoDoProntuario.cs,163,DaProcedencia
Clinica,src/Clinica.Application/Modelos/SessaoDoProntuario.cs,179,DoCancelamento
Clinica,src/Clinica.Application/Modelos/SessaoNaFichaPaciente.cs,8,SessaoNaFichaPaciente
Clinica,src/Clinica.Application/Modelos/SessaoSemReceita.cs,23,SessaoSemReceita
Clinica,src/Clinica.Application/Modelos/SinaisVitaisDaSessao.cs,19,SinaisVitaisDaSessao
Clinica,src/Clinica.Application/Modelos/StatusConsultaPaciente.cs,7,StatusConsultaPaciente
Clinica,src/Clinica.Application/Modelos/StatusDaFila.cs,27,ForaDaFila
Clinica,src/Clinica.Application/Modelos/StatusDaFila.cs,31,Palavra
Clinica,src/Clinica.Application/Modelos/StatusDaFila.cs,64,SituacaoNaGrade
Clinica,src/Clinica.Application/Modelos/StatusDaFila.cs,72,Detalhe
Clinica,src/Clinica.Application/Modelos/StatusDaFila.cs,92,Espera
Clinica,src/Clinica.Application/Modelos/StatusDaFila.cs,95,ChamadoHa
Clinica,src/Clinica.Application/Modelos/StatusDaFila.cs,102,Juntar
Clinica,src/Clinica.Application/Modelos/VariacaoKpi.cs,35,VariacaoKpi
Clinica,src/Clinica.Application/Modelos/VariacaoKpi.cs,38,Relativa
Clinica,src/Clinica.Application/Modelos/VariacaoKpi.cs,50,EmPontos
Clinica,src/Clinica.Application/Modelos/VariacaoKpi.cs,62,EmValor
Clinica,src/Clinica.Application/Modelos/VariacaoKpi.cs,73,Montar
Clinica,src/Clinica.Application/Servicos/AcessoProntuarioService.cs,125,RegistrarAsync
Clinica,src/Clinica.Application/Servicos/AcessoProntuarioService.cs,168,RegistrarExportacaoDaClinicaAsync
Clinica,src/Clinica.Application/Servicos/AcessoProntuarioService.cs,205,DoPacienteAsync
Clinica,src/Clinica.Application/Servicos/AcessoProntuarioService.cs,216,DentroDaJanelaAsync
Clinica,src/Clinica.Application/Servicos/AcessoProntuarioService.cs,242,Rotular
Clinica,src/Clinica.Application/Servicos/AcessoService.cs,12,ResultadoAutenticacao
Clinica,src/Clinica.Application/Servicos/AcessoService.cs,17,Ok
Clinica,src/Clinica.Application/Servicos/AcessoService.cs,18,Falha
Clinica,src/Clinica.Application/Servicos/AcessoService.cs,60,UsuariosAsync
Clinica,src/Clinica.Application/Servicos/AcessoService.cs,63,ObterAsync
Clinica,src/Clinica.Application/Servicos/AcessoService.cs,71,ExisteUsuarioAtivoAsync
Clinica,src/Clinica.Application/Servicos/AcessoService.cs,81,CriarAsync
Clinica,src/Clinica.Application/Servicos/AcessoService.cs,132,AtualizarAsync
Clinica,src/Clinica.Application/Servicos/AcessoService.cs,177,DefinirSenhaAsync
Clinica,src/Clinica.Application/Servicos/AcessoService.cs,199,DefinirTrocaObrigatoriaAsync
Clinica,src/Clinica.Application/Servicos/AcessoService.cs,217,TrocarSenhaAsync
Clinica,src/Clinica.Application/Servicos/AcessoService.cs,245,ExcluirAsync
Clinica,src/Clinica.Application/Servicos/AcessoService.cs,271,AutenticarAsync
Clinica,src/Clinica.Application/Servicos/AcessoService.cs,342,AutenticarPorCertificadoAsync
Clinica,src/Clinica.Application/Servicos/AcessoService.cs,413,CriticarVinculoAsync
Clinica,src/Clinica.Application/Servicos/AcessoService.cs,427,CriticarPerfilClinicoAsync
Clinica,src/Clinica.Application/Servicos/AcessoService.cs,444,EhUltimoGestorAsync
Clinica,src/Clinica.Application/Servicos/AcessoService.cs,451,AuditarAsync
Clinica,src/Clinica.Application/Servicos/AgendaPdfService.cs,56,AgendaDoDiaAsync
Clinica,src/Clinica.Application/Servicos/AgendaPdfService.cs,128,ComprovanteAsync
Clinica,src/Clinica.Application/Servicos/AgendaPdfService.cs,193,Montar
Clinica,src/Clinica.Application/Servicos/AgendaPdfService.cs,260,Cabecalho
Clinica,src/Clinica.Application/Servicos/AgendaPdfService.cs,264,Celula
Clinica,src/Clinica.Application/Servicos/AgendaPdfService.cs,269,Situacao
Clinica,src/Clinica.Application/Servicos/AgendaPdfService.cs,278,PrimeiroPreenchido
Clinica,src/Clinica.Application/Servicos/AgendaService.cs,15,HorarioEmAberto
Clinica,src/Clinica.Application/Servicos/AgendaService.cs,67,GuiaNaMarcacaoLigadaAsync
Clinica,src/Clinica.Application/Servicos/AgendaService.cs,70,ConsultaDePsicologiaAsync
Clinica,src/Clinica.Application/Servicos/AgendaService.cs,90,AgendarAsync
Clinica,src/Clinica.Application/Servicos/AgendaService.cs,213,RemarcarAsync
Clinica,src/Clinica.Application/Servicos/AgendaService.cs,360,Anexar
Clinica,src/Clinica.Application/Servicos/AgendaService.cs,366,ObterAsync
Clinica,src/Clinica.Application/Servicos/AgendaService.cs,369,DoDiaAsync
Clinica,src/Clinica.Application/Servicos/AgendaService.cs,373,OcupacoesNaViradaAsync
Clinica,src/Clinica.Application/Servicos/AgendaService.cs,377,NoPeriodoAsync
Clinica,src/Clinica.Application/Servicos/AgendaService.cs,387,ConflitoAsync
Clinica,src/Clinica.Application/Servicos/AgendaService.cs,403,ConflitosAsync
Clinica,src/Clinica.Application/Servicos/AgendaService.cs,472,GarantirHorarioPermitidoAsync
Clinica,src/Clinica.Application/Servicos/AgendaService.cs,505,AgendarSerieAsync
Clinica,src/Clinica.Application/Servicos/AgendaService.cs,573,CancelarSerieAsync
Clinica,src/Clinica.Application/Servicos/AgendaService.cs,599,DaSerieAsync
Clinica,src/Clinica.Application/Servicos/AgendaService.cs,604,OcupacaoDoDiaAsync
Clinica,src/Clinica.Application/Servicos/AgendaService.cs,663,RegistrarChegadaAsync
Clinica,src/Clinica.Application/Servicos/AgendaService.cs,692,ChamarAsync
Clinica,src/Clinica.Application/Servicos/AgendaService.cs,726,DesfazerChamadaAsync
Clinica,src/Clinica.Application/Servicos/AgendaService.cs,768,IniciarAtendimentoAsync
Clinica,src/Clinica.Application/Servicos/AgendaService.cs,806,EncerrarAtendimentoAsync
Clinica,src/Clinica.Application/Servicos/AgendaService.cs,847,ReabrirAtendimentoAsync
Clinica,src/Clinica.Application/Servicos/AgendaService.cs,876,VoltarEtapaAsync
Clinica,src/Clinica.Application/Servicos/AgendaService.cs,935,AuditarFilaAsync
Clinica,src/Clinica.Application/Servicos/AgendaService.cs,945,ObterParaFilaAsync
Clinica,src/Clinica.Application/Servicos/AgendaService.cs,971,ConfirmarPresencaAsync
Clinica,src/Clinica.Application/Servicos/AgendaService.cs,1014,ConcluirAtendimentoClinicoAsync
Clinica,src/Clinica.Application/Servicos/AgendaService.cs,1057,ExigirConclusaoClinicaAsync
Clinica,src/Clinica.Application/Servicos/AgendaService.cs,1069,ConferirEnfermagemParaConclusaoAsync
Clinica,src/Clinica.Application/Servicos/AgendaService.cs,1081,PendenciaEnfermagemAsync
Clinica,src/Clinica.Application/Servicos/AgendaService.cs,1087,ExigeConferenciaEnfermagemAsync
Clinica,src/Clinica.Application/Servicos/AgendaService.cs,1091,ConfirmarNucleoAsync
Clinica,src/Clinica.Application/Servicos/AgendaService.cs,1271,HorariosEmAbertoDoDiaAsync
Clinica,src/Clinica.Application/Servicos/AgendaService.cs,1415,CancelarAsync
Clinica,src/Clinica.Application/Servicos/AgendaService.cs,1419,MarcarFaltaAsync
Clinica,src/Clinica.Application/Servicos/AgendaService.cs,1423,AlterarStatusAsync
Clinica,src/Clinica.Application/Servicos/AgendaService.cs,1470,SubstituirPorSessaoAsync
Clinica,src/Clinica.Application/Servicos/AnamneseService.cs,26,DoPacienteAsync
Clinica,src/Clinica.Application/Servicos/AnamneseService.cs,42,SalvarAsync
Clinica,src/Clinica.Application/Servicos/AnamneseService.cs,106,VersoesAsync
Clinica,src/Clinica.Application/Servicos/AnamneseService.cs,115,GuardarVersao
Clinica,src/Clinica.Application/Servicos/AnamneseService.cs,132,Limpar
Clinica,src/Clinica.Application/Servicos/AnamneseService.cs,142,Texto
Clinica,src/Clinica.Application/Servicos/AnexoPacienteService.cs,90,AnexarAsync
Clinica,src/Clinica.Application/Servicos/AnexoPacienteService.cs,125,CancelarAsync
Clinica,src/Clinica.Application/Servicos/AnexoPacienteService.cs,151,DaFichaAsync
Clinica,src/Clinica.Application/Servicos/AnexoPacienteService.cs,156,ObterAsync
Clinica,src/Clinica.Application/Servicos/AnexoPacienteService.cs,160,ConteudoAsync
Clinica,src/Clinica.Application/Servicos/AnexoPacienteService.cs,168,ConteudoAsync
Clinica,src/Clinica.Application/Servicos/AnexoPacienteService.cs,178,Cortar
Clinica,src/Clinica.Application/Servicos/AssinaturaDeDocumentoClinicoService.cs,15,DocumentoAssinado
Clinica,src/Clinica.Application/Servicos/AssinaturaDeDocumentoClinicoService.cs,98,AssinarAsync
Clinica,src/Clinica.Application/Servicos/AssinaturaDeDocumentoClinicoService.cs,250,ConferirAsync
Clinica,src/Clinica.Application/Servicos/AssinaturaDeDocumentoClinicoService.cs,272,ExigirConformidade
Clinica,src/Clinica.Application/Servicos/AssinaturaDeDocumentoClinicoService.cs,291,Carimbar
Clinica,src/Clinica.Application/Servicos/AssinaturaDeDocumentoClinicoService.cs,319,NomeDoArquivo
Clinica,src/Clinica.Application/Servicos/AssinaturaDeDocumentoClinicoService.cs,323,ContarPaginas
Clinica,src/Clinica.Application/Servicos/AssinaturaDePrescricaoService.cs,13,FolhaAssinada
Clinica,src/Clinica.Application/Servicos/AssinaturaDePrescricaoService.cs,65,AssinarPrescricaoAsync
Clinica,src/Clinica.Application/Servicos/AssinaturaDePrescricaoService.cs,130,AssinarExecucaoAsync
Clinica,src/Clinica.Application/Servicos/AssinaturaDePrescricaoService.cs,268,FolhaAsync
Clinica,src/Clinica.Application/Servicos/AssinaturaDePrescricaoService.cs,319,ValidarInfusaoExternaAsync
Clinica,src/Clinica.Application/Servicos/AssinaturaDePrescricaoService.cs,348,SelarAsync
Clinica,src/Clinica.Application/Servicos/AssinaturaDePrescricaoService.cs,370,AnexarAsync
Clinica,src/Clinica.Application/Servicos/AssinaturaDePrescricaoService.cs,388,GuardarAsync
Clinica,src/Clinica.Application/Servicos/AssinaturaDePrescricaoService.cs,407,Montar
Clinica,src/Clinica.Application/Servicos/AssinaturaDePrescricaoService.cs,430,PrestadorAsync
Clinica,src/Clinica.Application/Servicos/AssinaturaDePrescricaoService.cs,433,ContarPaginas
Clinica,src/Clinica.Application/Servicos/AssinaturaDoPacienteService.cs,85,ColherAsync
Clinica,src/Clinica.Application/Servicos/AssinaturaDoPacienteService.cs,238,AplicarConsentimentosAsync
Clinica,src/Clinica.Application/Servicos/AssinaturaDoPacienteService.cs,306,RecusarAsync
Clinica,src/Clinica.Application/Servicos/AssinaturaDoPacienteService.cs,338,TracoAsync
Clinica,src/Clinica.Application/Servicos/AssinaturaDoPacienteService.cs,348,ConteudoIntacto
Clinica,src/Clinica.Application/Servicos/AssinaturaDoPacienteService.cs,367,SelarConteudo
Clinica,src/Clinica.Application/Servicos/AssinaturaDoPacienteService.cs,370,CarregarParaAssinarAsync
Clinica,src/Clinica.Application/Servicos/AtendimentoService.cs,9,ResultadoLancamento
Clinica,src/Clinica.Application/Servicos/AtendimentoService.cs,17,AtendimentoMontado
Clinica,src/Clinica.Application/Servicos/AtendimentoService.cs,26,CapaDoDia
Clinica,src/Clinica.Application/Servicos/AtendimentoService.cs,53,PreviaLancamento
Clinica,src/Clinica.Application/Servicos/AtendimentoService.cs,146,CapasDoDiaAsync
Clinica,src/Clinica.Application/Servicos/AtendimentoService.cs,187,MontarAsync
Clinica,src/Clinica.Application/Servicos/AtendimentoService.cs,248,RecuperarGuiasAusentesAsync
Clinica,src/Clinica.Application/Servicos/AtendimentoService.cs,275,GerarPelaRegraAsync
Clinica,src/Clinica.Application/Servicos/AtendimentoService.cs,310,PrepararPresencaAsync
Clinica,src/Clinica.Application/Servicos/AtendimentoService.cs,348,ConcluirPresencaAsync
Clinica,src/Clinica.Application/Servicos/AtendimentoService.cs,401,LancarAsync
Clinica,src/Clinica.Application/Servicos/AtendimentoService.cs,456,PreverAsync
Clinica,src/Clinica.Application/Servicos/AtendimentoService.cs,482,PreverModalidadesAsync
Clinica,src/Clinica.Application/Servicos/AtendimentoService.cs,517,Simular
Clinica,src/Clinica.Application/Servicos/AtendimentoService.cs,611,RefletirStatusDoHorarioAsync
Clinica,src/Clinica.Application/Servicos/AtendimentoService.cs,697,AjustarAoRemarcarAsync
Clinica,src/Clinica.Application/Servicos/AtendimentoService.cs,773,AplicarParticular
Clinica,src/Clinica.Application/Servicos/AuditoriaService.cs,10,ResumoAuditoria
Clinica,src/Clinica.Application/Servicos/AuditoriaService.cs,44,ConsultarAsync
Clinica,src/Clinica.Application/Servicos/AuditoriaService.cs,56,ResumoAsync
Clinica,src/Clinica.Application/Servicos/AuditoriaService.cs,80,AcoesConhecidasAsync
Clinica,src/Clinica.Application/Servicos/AuditoriaService.cs,84,DaGuiaAsync
Clinica,src/Clinica.Application/Servicos/AuditoriaService.cs,89,DoPacienteAsync
Clinica,src/Clinica.Application/Servicos/AutorizacaoService.cs,24,DoPacienteAsync
Clinica,src/Clinica.Application/Servicos/AutorizacaoService.cs,28,SaldosAsync
Clinica,src/Clinica.Application/Servicos/AutorizacaoService.cs,42,VigenteAsync
Clinica,src/Clinica.Application/Servicos/AutorizacaoService.cs,54,CalcularAsync
Clinica,src/Clinica.Application/Servicos/AutorizacaoService.cs,70,SalvarAsync
Clinica,src/Clinica.Application/Servicos/AutorizacaoService.cs,116,RemoverAsync
Clinica,src/Clinica.Application/Servicos/AutorizacaoService.cs,133,Validar
Clinica,src/Clinica.Application/Servicos/AvaliacaoClinicaService.cs,42,Disponiveis
Clinica,src/Clinica.Application/Servicos/AvaliacaoClinicaService.cs,46,Instrumento
Clinica,src/Clinica.Application/Servicos/AvaliacaoClinicaService.cs,50,DoPacienteAsync
Clinica,src/Clinica.Application/Servicos/AvaliacaoClinicaService.cs,55,ObterAsync
Clinica,src/Clinica.Application/Servicos/AvaliacaoClinicaService.cs,62,AplicarAsync
Clinica,src/Clinica.Application/Servicos/AvaliacaoClinicaService.cs,150,CancelarAsync
Clinica,src/Clinica.Application/Servicos/AvaliacaoClinicaService.cs,186,EvolucaoDoEscoreAsync
Clinica,src/Clinica.Application/Servicos/AvaliacaoClinicaService.cs,223,Validar
Clinica,src/Clinica.Application/Servicos/AvaliacaoClinicaService.cs,258,Limpar
Clinica,src/Clinica.Application/Servicos/BloqueioAgendaService.cs,10,BloqueioComAgenda
Clinica,src/Clinica.Application/Servicos/BloqueioAgendaService.cs,19,ResultadoRemarcacaoEmLote
Clinica,src/Clinica.Application/Servicos/BloqueioAgendaService.cs,68,ListarAsync
Clinica,src/Clinica.Application/Servicos/BloqueioAgendaService.cs,72,ObterAsync
Clinica,src/Clinica.Application/Servicos/BloqueioAgendaService.cs,85,NoPeriodoAsync
Clinica,src/Clinica.Application/Servicos/BloqueioAgendaService.cs,96,CriarAsync
Clinica,src/Clinica.Application/Servicos/BloqueioAgendaService.cs,152,RemarcarEmLoteAsync
Clinica,src/Clinica.Application/Servicos/BloqueioAgendaService.cs,205,ExcluirAsync
Clinica,src/Clinica.Application/Servicos/BloqueioAgendaService.cs,232,MarcadosDentroAsync
Clinica,src/Clinica.Application/Servicos/BuscaDeVagasService.cs,19,ProximasComRecursosAsync
Clinica,src/Clinica.Application/Servicos/BuscaDeVagasService.cs,39,ProximasAsync
Clinica,src/Clinica.Application/Servicos/CalendarioCartaoService.cs,6,CalendarioCartaoService
Clinica,src/Clinica.Application/Servicos/CalendarioCartaoService.cs,9,CriarAsync
Clinica,src/Clinica.Application/Servicos/CalendarioCartaoService.cs,38,AtualizarConfirmacaoDaVendaAsync
Clinica,src/Clinica.Application/Servicos/CampanhaService.cs,43,GerarConfirmacoesAsync
Clinica,src/Clinica.Application/Servicos/CampanhaService.cs,90,GerarNpsAsync
Clinica,src/Clinica.Application/Servicos/CampanhaService.cs,135,RegistrarNotaAsync
Clinica,src/Clinica.Application/Servicos/CampanhaService.cs,161,NpsAsync
Clinica,src/Clinica.Application/Servicos/CampanhaService.cs,187,CandidatosRecallAsync
Clinica,src/Clinica.Application/Servicos/CampanhaService.cs,225,GerarRecallAsync
Clinica,src/Clinica.Application/Servicos/CampanhaService.cs,265,ContatosAsync
Clinica,src/Clinica.Application/Servicos/CampanhaService.cs,275,DoPacienteAsync
Clinica,src/Clinica.Application/Servicos/CampanhaService.cs,280,RegistrarEnvioAsync
Clinica,src/Clinica.Application/Servicos/CampanhaService.cs,297,RegistrarRespostaAsync
Clinica,src/Clinica.Application/Servicos/CampanhaService.cs,316,DispensarAsync
Clinica,src/Clinica.Application/Servicos/CampanhaService.cs,335,Rotular
Clinica,src/Clinica.Application/Servicos/CampanhaService.cs,343,Rotular
Clinica,src/Clinica.Application/Servicos/CampanhaService.cs,352,Rotular
Clinica,src/Clinica.Application/Servicos/CampanhaService.cs,360,TemTelefone
Clinica,src/Clinica.Application/Servicos/CampanhaService.cs,362,TemTelefone
Clinica,src/Clinica.Application/Servicos/CampoPersonalizadoService.cs,28,TodosAsync
Clinica,src/Clinica.Application/Servicos/CampoPersonalizadoService.cs,35,DaSessaoAsync
Clinica,src/Clinica.Application/Servicos/CampoPersonalizadoService.cs,47,SalvarAsync
Clinica,src/Clinica.Application/Servicos/CampoPersonalizadoService.cs,114,Montar
Clinica,src/Clinica.Application/Servicos/CampoPersonalizadoService.cs,147,Normalizar
Clinica,src/Clinica.Application/Servicos/CampoPersonalizadoService.cs,195,Exibir
Clinica,src/Clinica.Application/Servicos/CampoPersonalizadoService.cs,216,Resumir
Clinica,src/Clinica.Application/Servicos/CampoPersonalizadoService.cs,222,Limpar
Clinica,src/Clinica.Application/Servicos/CapaFaturamentoService.cs,43,EstaConcluido
Clinica,src/Clinica.Application/Servicos/CapaFaturamentoService.cs,49,GerarPdfAsync
Clinica,src/Clinica.Application/Servicos/CapaFaturamentoService.cs,57,GerarConclusaoAsync
Clinica,src/Clinica.Application/Servicos/CapaFaturamentoService.cs,66,GerarPdf
Clinica,src/Clinica.Application/Servicos/CapaFaturamentoService.cs,263,RotuloTipo
Clinica,src/Clinica.Application/Servicos/CapaFaturamentoService.cs,270,RotuloForma
Clinica,src/Clinica.Application/Servicos/CapaFaturamentoService.cs,279,PrimeiroPreenchido
Clinica,src/Clinica.Application/Servicos/CapaFaturamentoService.cs,282,Prefixado
Clinica,src/Clinica.Application/Servicos/CapaFaturamentoService.cs,285,JuntarComSeparador
Clinica,src/Clinica.Application/Servicos/CapaFaturamentoService.cs,293,CapaConclusao
Clinica,src/Clinica.Application/Servicos/CentralDocumentosService.cs,63,FolhaCatalogo
Clinica,src/Clinica.Application/Servicos/CentralDocumentosService.cs,151,FolhaEmitida
Clinica,src/Clinica.Application/Servicos/CentralDocumentosService.cs,228,ResumoFolhas
Clinica,src/Clinica.Application/Servicos/CentralDocumentosService.cs,245,Montar
Clinica,src/Clinica.Application/Servicos/CentralDocumentosService.cs,466,CatalogoPara
Clinica,src/Clinica.Application/Servicos/CentralDocumentosService.cs,470,Folha
Clinica,src/Clinica.Application/Servicos/CentralDocumentosService.cs,474,Folha
Clinica,src/Clinica.Application/Servicos/CentralDocumentosService.cs,490,AcessoParaVer
Clinica,src/Clinica.Application/Servicos/CentralDocumentosService.cs,502,PodeVer
Clinica,src/Clinica.Application/Servicos/CentralDocumentosService.cs,506,PodeVer
Clinica,src/Clinica.Application/Servicos/CentralDocumentosService.cs,510,AcessoParaEmitir
Clinica,src/Clinica.Application/Servicos/CentralDocumentosService.cs,514,RotularClinico
Clinica,src/Clinica.Application/Servicos/CentralDocumentosService.cs,519,RotularFinanceiro
Clinica,src/Clinica.Application/Servicos/CentralDocumentosService.cs,536,EmitidasAsync
Clinica,src/Clinica.Application/Servicos/CentralDocumentosService.cs,608,Alcanca
Clinica,src/Clinica.Application/Servicos/CentralDocumentosService.cs,631,GerarFechamentoPeriodoAsync
Clinica,src/Clinica.Application/Servicos/ChecagemCuidadoService.cs,15,CuidadoDoDia
Clinica,src/Clinica.Application/Servicos/ChecagemCuidadoService.cs,37,PlanoDeCuidadosDoDia
Clinica,src/Clinica.Application/Servicos/ChecagemCuidadoService.cs,97,PlanoDoDiaAsync
Clinica,src/Clinica.Application/Servicos/ChecagemCuidadoService.cs,131,ChecarAsync
Clinica,src/Clinica.Application/Servicos/ChecagemCuidadoService.cs,167,RetificarAsync
Clinica,src/Clinica.Application/Servicos/ChecagemCuidadoService.cs,216,Conferir
Clinica,src/Clinica.Application/Servicos/ChecagemCuidadoService.cs,249,Montar
Clinica,src/Clinica.Application/Servicos/ChecagemCuidadoService.cs,268,Descrever
Clinica,src/Clinica.Application/Servicos/ChecagemPrescricaoService.cs,14,IdentificacaoExecutante
Clinica,src/Clinica.Application/Servicos/ChecagemPrescricaoService.cs,32,Exigir
Clinica,src/Clinica.Application/Servicos/ChecagemPrescricaoService.cs,136,DoDiaAsync
Clinica,src/Clinica.Application/Servicos/ChecagemPrescricaoService.cs,149,AguardandoAssinaturaAsync
Clinica,src/Clinica.Application/Servicos/ChecagemPrescricaoService.cs,153,AguardandoValidacaoMedicaAsync
Clinica,src/Clinica.Application/Servicos/ChecagemPrescricaoService.cs,157,ContarAssinaturasPendentesAsync
Clinica,src/Clinica.Application/Servicos/ChecagemPrescricaoService.cs,164,PendentesDoDiaAsync
Clinica,src/Clinica.Application/Servicos/ChecagemPrescricaoService.cs,196,ChecarAsync
Clinica,src/Clinica.Application/Servicos/ChecagemPrescricaoService.cs,245,RetificarAsync
Clinica,src/Clinica.Application/Servicos/ChecagemPrescricaoService.cs,312,EncerrarAsync
Clinica,src/Clinica.Application/Servicos/ChecagemPrescricaoService.cs,357,ExigirItemChecavel
Clinica,src/Clinica.Application/Servicos/ChecagemPrescricaoService.cs,411,ConferirAlergiaDoItem
Clinica,src/Clinica.Application/Servicos/ChecagemPrescricaoService.cs,433,Montar
Clinica,src/Clinica.Application/Servicos/ChecagemPrescricaoService.cs,471,ExigirHoraPlausivel
Clinica,src/Clinica.Application/Servicos/ChecagemPrescricaoService.cs,490,RegistrarAlergiaSePedido
Clinica,src/Clinica.Application/Servicos/ChecagemPrescricaoService.cs,511,Descrever
Clinica,src/Clinica.Application/Servicos/ChecagemPrescricaoService.cs,520,RotularSituacao
Clinica,src/Clinica.Application/Servicos/ColetaRemotaTermoService.cs,57,EnviarAsync
Clinica,src/Clinica.Application/Servicos/ColetaRemotaTermoService.cs,166,ColherRespostaAsync
Clinica,src/Clinica.Application/Servicos/ColetaRemotaTermoService.cs,199,SincronizarRespostasAsync
Clinica,src/Clinica.Application/Servicos/ColetaRemotaTermoService.cs,226,DoBancoAsync
Clinica,src/Clinica.Application/Servicos/ColetaRemotaTermoService.cs,246,DoBaldeAsync
Clinica,src/Clinica.Application/Servicos/ColetaRemotaTermoService.cs,302,LerRespostas
Clinica,src/Clinica.Application/Servicos/ColetaRemotaTermoService.cs,327,ConcluirAsync
Clinica,src/Clinica.Application/Servicos/ColetaRemotaTermoService.cs,349,CancelarAsync
Clinica,src/Clinica.Application/Servicos/ColetaRemotaTermoService.cs,378,LimparVencidasAsync
Clinica,src/Clinica.Application/Servicos/ColetaRemotaTermoService.cs,414,Montar
Clinica,src/Clinica.Application/Servicos/ColetaRemotaTermoService.cs,425,RemoverObjetosAsync
Clinica,src/Clinica.Application/Servicos/ColetaRemotaTermoService.cs,465,Evidencia
Clinica,src/Clinica.Application/Servicos/ColetaRemotaTermoService.cs,478,PrimeiroNome
Clinica,src/Clinica.Application/Servicos/ColetaRemotaTermoService.cs,483,EnvioRemotoTermo
Clinica,src/Clinica.Application/Servicos/ColetaRemotaTermoService.cs,486,RespostaRemotaTermo
Clinica,src/Clinica.Application/Servicos/ConciliacaoAgendaService.cs,9,SessaoLancadaNoDia
Clinica,src/Clinica.Application/Servicos/ConciliacaoAgendaService.cs,19,HorarioParado
Clinica,src/Clinica.Application/Servicos/ConciliacaoAgendaService.cs,38,HorarioOrfao
Clinica,src/Clinica.Application/Servicos/ConciliacaoAgendaService.cs,42,ConciliacaoDaAgenda
Clinica,src/Clinica.Application/Servicos/ConciliacaoAgendaService.cs,117,LevantarAsync
Clinica,src/Clinica.Application/Servicos/ConciliacaoBancariaService.cs,28,LinhaConciliada
Clinica,src/Clinica.Application/Servicos/ConciliacaoBancariaService.cs,44,ResultadoConciliacao
Clinica,src/Clinica.Application/Servicos/ConciliacaoBancariaService.cs,101,CruzarAsync
Clinica,src/Clinica.Application/Servicos/ConciliacaoBancariaService.cs,201,ConciliarAsync
Clinica,src/Clinica.Application/Servicos/ConciliacaoBancariaService.cs,212,ConciliarLinhaAsync
Clinica,src/Clinica.Application/Servicos/ConciliacaoBancariaService.cs,217,ConciliarDepositoAsync
Clinica,src/Clinica.Application/Servicos/ConciliacaoBancariaService.cs,223,ConciliarItensAsync
Clinica,src/Clinica.Application/Servicos/ConciliacaoBancariaService.cs,259,IntegralAsync
Clinica,src/Clinica.Application/Servicos/ConciliacaoBancariaService.cs,268,ValidarIdentidadeAsync
Clinica,src/Clinica.Application/Servicos/ConciliacaoBancariaService.cs,276,ConfirmarItemAsync
Clinica,src/Clinica.Application/Servicos/ConciliacaoBancariaService.cs,305,DesfazerAsync
Clinica,src/Clinica.Application/Servicos/ConciliacaoBancariaService.cs,314,DesfazerParcelaAsync
Clinica,src/Clinica.Application/Servicos/ConciliacaoBancariaService.cs,324,DesfazerTransacaoAsync
Clinica,src/Clinica.Application/Servicos/ConciliacaoBancariaService.cs,353,AtualizarVendasAsync
Clinica,src/Clinica.Application/Servicos/ConciliacaoBancariaService.cs,359,AuditarAsync
Clinica,src/Clinica.Application/Servicos/ConciliacaoBancariaService.cs,368,Combina
Clinica,src/Clinica.Application/Servicos/ConciliacaoBancariaService.cs,371,DataDoDinheiro
Clinica,src/Clinica.Application/Servicos/ConciliacaoBancariaService.cs,372,ValorBancario
Clinica,src/Clinica.Application/Servicos/ConfiguracaoAgendaService.cs,6,JornadaAnterior
Clinica,src/Clinica.Application/Servicos/ConfiguracaoAgendaService.cs,9,ConfiguracaoAgendaService
Clinica,src/Clinica.Application/Servicos/ConfiguracaoAgendaService.cs,11,SalvarAsync
Clinica,src/Clinica.Application/Servicos/ConsentimentoService.cs,29,HistoricoAsync
Clinica,src/Clinica.Application/Servicos/ConsentimentoService.cs,37,SituacaoAsync
Clinica,src/Clinica.Application/Servicos/ConsentimentoService.cs,50,VigenteAsync
Clinica,src/Clinica.Application/Servicos/ConsentimentoService.cs,106,RegistrarAsync
Clinica,src/Clinica.Application/Servicos/ConsentimentoService.cs,128,RevogarAsync
Clinica,src/Clinica.Application/Servicos/ConsentimentoService.cs,160,Rotular
Clinica,src/Clinica.Application/Servicos/ConsultaService.cs,27,ValidadeAsync
Clinica,src/Clinica.Application/Servicos/ConsultaService.cs,37,ValidadeEfetiva
Clinica,src/Clinica.Application/Servicos/ConsultaService.cs,46,RenovarAsync
Clinica,src/Clinica.Application/Servicos/ConsultaService.cs,76,ListarAsync
Clinica,src/Clinica.Application/Servicos/ConsultaService.cs,104,SituacaoDeAsync
Clinica,src/Clinica.Application/Servicos/ConsultaService.cs,129,DoPacienteAsync
Clinica,src/Clinica.Application/Servicos/ConsultaService.cs,140,JanelaAsync
Clinica,src/Clinica.Application/Servicos/ConsultaService.cs,147,Avaliar
Clinica,src/Clinica.Application/Servicos/ConsultorioService.cs,51,DoDiaAsync
Clinica,src/Clinica.Application/Servicos/ConsultorioService.cs,92,DaSemanaAsync
Clinica,src/Clinica.Application/Servicos/ConsultorioService.cs,138,InicioDaSemana
Clinica,src/Clinica.Application/Servicos/ConsultorioService.cs,152,RegistrosPendentesAsync
Clinica,src/Clinica.Application/Servicos/ConsultorioService.cs,230,PacientesAsync
Clinica,src/Clinica.Application/Servicos/ConsultorioService.cs,277,EvolucaoDoHorario
Clinica,src/Clinica.Application/Servicos/ConsultorioService.cs,310,SessoesDoPacienteNoDiaAsync
Clinica,src/Clinica.Application/Servicos/ConsultorioService.cs,359,SinaisVitaisDaSessaoAsync
Clinica,src/Clinica.Application/Servicos/ConsultorioService.cs,375,CabecalhoAsync
Clinica,src/Clinica.Application/Servicos/ConsultorioService.cs,430,Montar
Clinica,src/Clinica.Application/Servicos/ContasService.Baixas.cs,6,HistoricoObrigacaoAsync
Clinica,src/Clinica.Application/Servicos/ContasService.Baixas.cs,15,PrepararBaixaParcialAsync
Clinica,src/Clinica.Application/Servicos/ContasService.Baixas.cs,48,ReabrirBaixaDesdobradaAsync
Clinica,src/Clinica.Application/Servicos/ContasService.Baixas.cs,60,CopiarSaldo
Clinica,src/Clinica.Application/Servicos/ContasService.cs,13,ResultadoGeracaoContas
Clinica,src/Clinica.Application/Servicos/ContasService.cs,22,ResumoContas
Clinica,src/Clinica.Application/Servicos/ContasService.cs,70,EmAbertoAsync
Clinica,src/Clinica.Application/Servicos/ContasService.cs,75,VencidasAsync
Clinica,src/Clinica.Application/Servicos/ContasService.cs,87,ResumoAsync
Clinica,src/Clinica.Application/Servicos/ContasService.cs,110,LancarContaAsync
Clinica,src/Clinica.Application/Servicos/ContasService.cs,178,LancarParcelamentoAsync
Clinica,src/Clinica.Application/Servicos/ContasService.cs,233,ReagendarAsync
Clinica,src/Clinica.Application/Servicos/ContasService.cs,259,RecorrentesAsync
Clinica,src/Clinica.Application/Servicos/ContasService.cs,263,CriarRecorrenteAsync
Clinica,src/Clinica.Application/Servicos/ContasService.cs,314,AtualizarRecorrenteAsync
Clinica,src/Clinica.Application/Servicos/ContasService.cs,371,GerarAsync
Clinica,src/Clinica.Application/Servicos/ConvenioCatalogoService.cs,20,ListarAsync
Clinica,src/Clinica.Application/Servicos/ConvenioCatalogoService.cs,61,RecarregarCacheAsync
Clinica,src/Clinica.Application/Servicos/ConvenioCatalogoService.cs,72,SalvarAsync
Clinica,src/Clinica.Application/Servicos/ConvenioCatalogoService.cs,85,EhEmbutido
Clinica,src/Clinica.Application/Servicos/CustoTransacaoService.cs,14,CustoAdquirente
Clinica,src/Clinica.Application/Servicos/CustoTransacaoService.cs,33,MesCusto
Clinica,src/Clinica.Application/Servicos/CustoTransacaoService.cs,54,ResumoCustoTransacao
Clinica,src/Clinica.Application/Servicos/CustoTransacaoService.cs,106,PorAdquirenteAsync
Clinica,src/Clinica.Application/Servicos/CustoTransacaoService.cs,136,SerieAsync
Clinica,src/Clinica.Application/Servicos/CustoTransacaoService.cs,166,ResumoAsync
Clinica,src/Clinica.Application/Servicos/DocumentoClinicoService.cs,69,DoPacienteAsync
Clinica,src/Clinica.Application/Servicos/DocumentoClinicoService.cs,77,TermosLgpdComFinalidadeAsync
Clinica,src/Clinica.Application/Servicos/DocumentoClinicoService.cs,81,ObterAsync
Clinica,src/Clinica.Application/Servicos/DocumentoClinicoService.cs,85,PorCodigoAsync
Clinica,src/Clinica.Application/Servicos/DocumentoClinicoService.cs,95,EmitirAsync
Clinica,src/Clinica.Application/Servicos/DocumentoClinicoService.cs,188,CancelarAsync
Clinica,src/Clinica.Application/Servicos/DocumentoClinicoService.cs,229,Menor
Clinica,src/Clinica.Application/Servicos/DocumentoClinicoService.cs,232,Maior
Clinica,src/Clinica.Application/Servicos/DocumentoClinicoService.cs,235,EmitirRelatorioEvolucaoAsync
Clinica,src/Clinica.Application/Servicos/DocumentoClinicoService.cs,470,EmitirAnamneseAsync
Clinica,src/Clinica.Application/Servicos/DocumentoClinicoService.cs,539,EmitirTermoConsentimentoAsync
Clinica,src/Clinica.Application/Servicos/DocumentoClinicoService.cs,589,EmitirTermoProcedimentoAsync
Clinica,src/Clinica.Application/Servicos/DocumentoClinicoService.cs,629,ModelosAsync
Clinica,src/Clinica.Application/Servicos/DocumentoClinicoService.cs,638,SalvarModeloAsync
Clinica,src/Clinica.Application/Servicos/DocumentoClinicoService.cs,715,ExcluirModeloAsync
Clinica,src/Clinica.Application/Servicos/DocumentoClinicoService.cs,723,ValidarAsync
Clinica,src/Clinica.Application/Servicos/DocumentoClinicoService.cs,765,ExigeAssinante
Clinica,src/Clinica.Application/Servicos/DocumentoClinicoService.cs,770,NumerarAsync
Clinica,src/Clinica.Application/Servicos/DocumentoClinicoService.cs,784,Lista
Clinica,src/Clinica.Application/Servicos/DocumentoClinicoService.cs,794,GerarCodigo
Clinica,src/Clinica.Application/Servicos/DocumentoClinicoService.cs,806,Juntar
Clinica,src/Clinica.Application/Servicos/DocumentoClinicoService.cs,812,Limpar
Clinica,src/Clinica.Application/Servicos/DocumentoFinanceiroService.cs,25,ObterAsync
Clinica,src/Clinica.Application/Servicos/DocumentoFinanceiroService.cs,28,DoPeriodoAsync
Clinica,src/Clinica.Application/Servicos/DocumentoFinanceiroService.cs,33,EmitirAsync
Clinica,src/Clinica.Application/Servicos/DocumentoFinanceiroService.cs,122,EmitirReciboDoLancamentoAsync
Clinica,src/Clinica.Application/Servicos/DocumentoFinanceiroService.cs,161,EmitirOrcamentoDoPacoteAsync
Clinica,src/Clinica.Application/Servicos/DocumentoFinanceiroService.cs,194,CancelarAsync
Clinica,src/Clinica.Application/Servicos/DocumentoFinanceiroService.cs,220,NumerarAsync
Clinica,src/Clinica.Application/Servicos/DocumentoFinanceiroService.cs,227,GerarCodigo
Clinica,src/Clinica.Application/Servicos/DocumentoFinanceiroService.cs,239,Limpar
Clinica,src/Clinica.Application/Servicos/DocumentosClinicosPdfService.cs,127,AreaDaAssinatura
Clinica,src/Clinica.Application/Servicos/DocumentosClinicosPdfService.cs,146,GerarAsync
Clinica,src/Clinica.Application/Servicos/DocumentosClinicosPdfService.cs,209,Gerar
Clinica,src/Clinica.Application/Servicos/DocumentosClinicosPdfService.cs,388,Rodape
Clinica,src/Clinica.Application/Servicos/DocumentosClinicosPdfService.cs,479,QrDoValidador
Clinica,src/Clinica.Application/Servicos/DocumentosClinicosPdfService.cs,487,Qr
Clinica,src/Clinica.Application/Servicos/DocumentosClinicosPdfService.cs,505,PainelPaciente
Clinica,src/Clinica.Application/Servicos/DocumentosClinicosPdfService.cs,554,ListaPrescrita
Clinica,src/Clinica.Application/Servicos/DocumentosClinicosPdfService.cs,584,BlocoAtestado
Clinica,src/Clinica.Application/Servicos/DocumentosClinicosPdfService.cs,615,BlocoComparecimento
Clinica,src/Clinica.Application/Servicos/DocumentosClinicosPdfService.cs,637,TabelaSessoes
Clinica,src/Clinica.Application/Servicos/DocumentosClinicosPdfService.cs,678,CurvaDaDor
Clinica,src/Clinica.Application/Servicos/DocumentosClinicosPdfService.cs,724,MapasDasSessoes
Clinica,src/Clinica.Application/Servicos/DocumentosClinicosPdfService.cs,784,FiguraDaFace
Clinica,src/Clinica.Application/Servicos/DocumentosClinicosPdfService.cs,804,DataDaLinha
Clinica,src/Clinica.Application/Servicos/DocumentosClinicosPdfService.cs,822,Declaracoes
Clinica,src/Clinica.Application/Servicos/DocumentosClinicosPdfService.cs,860,RoteiroComLinhas
Clinica,src/Clinica.Application/Servicos/DocumentosClinicosPdfService.cs,888,Assinaturas
Clinica,src/Clinica.Application/Servicos/DocumentosClinicosPdfService.cs,1069,Paragrafos
Clinica,src/Clinica.Application/Servicos/DocumentosClinicosPdfService.cs,1092,PrimeiroPreenchido
Clinica,src/Clinica.Application/Servicos/DocumentosClinicosPdfService.cs,1095,Prefixado
Clinica,src/Clinica.Application/Servicos/DocumentosClinicosPdfService.cs,1098,JuntarComSeparador
Clinica,src/Clinica.Application/Servicos/DocumentosFinanceirosPdfService.cs,36,GerarAsync
Clinica,src/Clinica.Application/Servicos/DocumentosFinanceirosPdfService.cs,45,Gerar
Clinica,src/Clinica.Application/Servicos/DocumentosFinanceirosPdfService.cs,257,RotularForma
Clinica,src/Clinica.Application/Servicos/DocumentosFinanceirosPdfService.cs,269,PrimeiroPreenchido
Clinica,src/Clinica.Application/Servicos/DocumentosFinanceirosPdfService.cs,272,Prefixado
Clinica,src/Clinica.Application/Servicos/DocumentosFinanceirosPdfService.cs,275,JuntarComSeparador
Clinica,src/Clinica.Application/Servicos/ElegibilidadeService.cs,84,ConferirAsync
Clinica,src/Clinica.Application/Servicos/ElegibilidadeService.cs,114,ConferirTermoAsync
Clinica,src/Clinica.Application/Servicos/ElegibilidadeService.cs,181,ConferirConvenioADefinir
Clinica,src/Clinica.Application/Servicos/ElegibilidadeService.cs,192,ConferirCarteirinha
Clinica,src/Clinica.Application/Servicos/ElegibilidadeService.cs,226,ConferirConsultaAsync
Clinica,src/Clinica.Application/Servicos/ElegibilidadeService.cs,244,ConferirCotaAsync
Clinica,src/Clinica.Application/Servicos/ElegibilidadeService.cs,282,ConferirConsentimentoAsync
Clinica,src/Clinica.Application/Servicos/ElegibilidadeService.cs,306,ConferirDebitoAsync
Clinica,src/Clinica.Application/Servicos/ElegibilidadeService.cs,335,ConferirSessaoSemReceitaAsync
Clinica,src/Clinica.Application/Servicos/ElegibilidadeService.cs,365,ConferirGlosaAsync
Clinica,src/Clinica.Application/Servicos/ElegibilidadeService.cs,428,ConferirPacoteAsync
Clinica,src/Clinica.Application/Servicos/EquipeService.cs,25,ProfissionaisAsync
Clinica,src/Clinica.Application/Servicos/EquipeService.cs,29,ProfissionaisAtivosAsync
Clinica,src/Clinica.Application/Servicos/EquipeService.cs,32,ObterProfissionalAsync
Clinica,src/Clinica.Application/Servicos/EquipeService.cs,36,SalvarProfissionalAsync
Clinica,src/Clinica.Application/Servicos/EquipeService.cs,140,CriticarCpfAsync
Clinica,src/Clinica.Application/Servicos/EquipeService.cs,170,ExcluirProfissionalAsync
Clinica,src/Clinica.Application/Servicos/EquipeService.cs,183,SalasAsync
Clinica,src/Clinica.Application/Servicos/EquipeService.cs,186,SalasAtivasAsync
Clinica,src/Clinica.Application/Servicos/EquipeService.cs,189,ObterSalaAsync
Clinica,src/Clinica.Application/Servicos/EquipeService.cs,192,SalvarSalaAsync
Clinica,src/Clinica.Application/Servicos/EquipeService.cs,228,ExcluirSalaAsync
Clinica,src/Clinica.Application/Servicos/EquipeService.cs,239,Limpar
Clinica,src/Clinica.Application/Servicos/EspecialidadeCatalogoService.cs,19,ListarAsync
Clinica,src/Clinica.Application/Servicos/EspecialidadeCatalogoService.cs,40,RecarregarCacheAsync
Clinica,src/Clinica.Application/Servicos/EspecialidadeCatalogoService.cs,46,SalvarAsync
Clinica,src/Clinica.Application/Servicos/EspecialidadeCatalogoService.cs,59,EhEmbutida
Clinica,src/Clinica.Application/Servicos/EstoqueService.Acompanhamento.cs,6,MateriaisDoAtendimento
Clinica,src/Clinica.Application/Servicos/EstoqueService.Acompanhamento.cs,11,MateriaisDosAtendimentosAsync
Clinica,src/Clinica.Application/Servicos/EstoqueService.Procedimentos.cs,10,MaterialConsumidoProcedimento
Clinica,src/Clinica.Application/Servicos/EstoqueService.Procedimentos.cs,11,PedidoConsumoProcedimento
Clinica,src/Clinica.Application/Servicos/EstoqueService.Procedimentos.cs,15,ConferenciaDoProcedimentoAsync
Clinica,src/Clinica.Application/Servicos/EstoqueService.Procedimentos.cs,19,RegistrarMateriaisAsync
Clinica,src/Clinica.Application/Servicos/EstoqueService.Procedimentos.cs,28,MateriaisRegistrados
Clinica,src/Clinica.Application/Servicos/EstoqueService.Procedimentos.cs,32,ConfirmarConsumoProcedimentoAsync
Clinica,src/Clinica.Application/Servicos/EstoqueService.cs,8,SaldoItemEstoque
Clinica,src/Clinica.Application/Servicos/EstoqueService.cs,31,ValidadeProxima
Clinica,src/Clinica.Application/Servicos/EstoqueService.cs,38,Vencido
Clinica,src/Clinica.Application/Servicos/EstoqueService.cs,40,DiasRestantes
Clinica,src/Clinica.Application/Servicos/EstoqueService.cs,44,CustoDoAtendimento
Clinica,src/Clinica.Application/Servicos/EstoqueService.cs,58,CustoDeSessao
Clinica,src/Clinica.Application/Servicos/EstoqueService.cs,76,ResumoCustoSessoes
Clinica,src/Clinica.Application/Servicos/EstoqueService.cs,102,ValidarTexto
Clinica,src/Clinica.Application/Servicos/EstoqueService.cs,110,ObterItemAsync
Clinica,src/Clinica.Application/Servicos/EstoqueService.cs,113,SalvarItemAsync
Clinica,src/Clinica.Application/Servicos/EstoqueService.cs,189,ExcluirItemAsync
Clinica,src/Clinica.Application/Servicos/EstoqueService.cs,202,SaldosAsync
Clinica,src/Clinica.Application/Servicos/EstoqueService.cs,222,AbaixoDoMinimoAsync
Clinica,src/Clinica.Application/Servicos/EstoqueService.cs,232,ValidadesAsync
Clinica,src/Clinica.Application/Servicos/EstoqueService.cs,269,ComprarAsync
Clinica,src/Clinica.Application/Servicos/EstoqueService.cs,297,MovimentosAsync
Clinica,src/Clinica.Application/Servicos/EstoqueService.cs,302,EntrarAsync
Clinica,src/Clinica.Application/Servicos/EstoqueService.cs,319,BaixarAsync
Clinica,src/Clinica.Application/Servicos/EstoqueService.cs,335,PerderAsync
Clinica,src/Clinica.Application/Servicos/EstoqueService.cs,376,AjustarInventarioAsync
Clinica,src/Clinica.Application/Servicos/EstoqueService.cs,413,MovimentarAsync
Clinica,src/Clinica.Application/Servicos/EstoqueService.cs,417,MovimentarInternoAsync
Clinica,src/Clinica.Application/Servicos/EstoqueService.cs,556,CustosMediosAsync
Clinica,src/Clinica.Application/Servicos/EstoqueService.cs,573,CustoDoAtendimentoAsync
Clinica,src/Clinica.Application/Servicos/EstoqueService.cs,592,CustosDeSessaoAsync
Clinica,src/Clinica.Application/Servicos/EstoqueService.cs,618,ResumoCustoSessoesAsync
Clinica,src/Clinica.Application/Servicos/EstoqueService.cs,640,CustosHistoricosAsync
Clinica,src/Clinica.Application/Servicos/EstoqueService.cs,667,Limpar
Clinica,src/Clinica.Application/Servicos/EstornoAtendimentoService.cs,9,PreviaDoEstorno
Clinica,src/Clinica.Application/Servicos/EstornoAtendimentoService.cs,40,DecisaoDeEstorno
Clinica,src/Clinica.Application/Servicos/EstornoAtendimentoService.cs,47,ResultadoDoEstorno
Clinica,src/Clinica.Application/Servicos/EstornoAtendimentoService.cs,146,PreverAsync
Clinica,src/Clinica.Application/Servicos/EstornoAtendimentoService.cs,201,EstornarAsync
Clinica,src/Clinica.Application/Servicos/EstornoAtendimentoService.cs,296,Impedimento
Clinica,src/Clinica.Application/Servicos/EstornoAtendimentoService.cs,314,DesfazerCaixaAsync
Clinica,src/Clinica.Application/Servicos/EstornoAtendimentoService.cs,354,DevolverSessaoAsync
Clinica,src/Clinica.Application/Servicos/EstornoAtendimentoService.cs,393,DevolverInsumosAsync
Clinica,src/Clinica.Application/Servicos/EtapasInfusao.cs,6,EtapaInfusao
Clinica,src/Clinica.Application/Servicos/EtapasInfusao.cs,14,Da
Clinica,src/Clinica.Application/Servicos/EvolucaoEnfermagemService.cs,44,DaPrescricaoAsync
Clinica,src/Clinica.Application/Servicos/EvolucaoEnfermagemService.cs,53,DoPacienteAsync
Clinica,src/Clinica.Application/Servicos/EvolucaoEnfermagemService.cs,74,RegistrarAsync
Clinica,src/Clinica.Application/Servicos/EvolucaoEnfermagemService.cs,123,RetificarAsync
Clinica,src/Clinica.Application/Servicos/EvolucaoEnfermagemService.cs,199,CancelarAsync
Clinica,src/Clinica.Application/Servicos/EvolucaoEnfermagemService.cs,234,VincularSessaoAsync
Clinica,src/Clinica.Application/Servicos/EvolucaoEnfermagemService.cs,260,ConferirSessaoAsync
Clinica,src/Clinica.Application/Servicos/EvolucaoEnfermagemService.cs,272,PermiteEvolucao
Clinica,src/Clinica.Application/Servicos/EvolucaoEnfermagemService.cs,275,ResolverSessaoBsvAsync
Clinica,src/Clinica.Application/Servicos/EvolucaoEnfermagemService.cs,303,AplicarProcesso
Clinica,src/Clinica.Application/Servicos/EvolucaoEnfermagemService.cs,355,Limpar
Clinica,src/Clinica.Application/Servicos/EvolucaoEnfermagemService.cs,358,Montar
Clinica,src/Clinica.Application/Servicos/EvolucaoEnfermagemService.cs,422,ExigirHoraPlausivel
Clinica,src/Clinica.Application/Servicos/EvolucaoEnfermagemService.cs,433,RegistrarAlergiaSePedido
Clinica,src/Clinica.Application/Servicos/EvolucaoEnfermagemService.cs,451,Descrever
Clinica,src/Clinica.Application/Servicos/EvolucaoEnfermagemService.cs,482,ProcessoDeEnfermagem
Clinica,src/Clinica.Application/Servicos/EvolucaoEnfermagemService.cs,499,AcessoVenoso
Clinica,src/Clinica.Application/Servicos/EvolucaoEnfermagemService.cs,504,SinaisVitais
Clinica,src/Clinica.Application/Servicos/ExportacaoProntuarioService.cs,11,ArquivoExportado
Clinica,src/Clinica.Application/Servicos/ExportacaoProntuarioService.cs,93,ExportarAsync
Clinica,src/Clinica.Application/Servicos/ExportacaoProntuarioService.cs,420,Cabecalho
Clinica,src/Clinica.Application/Servicos/ExportacaoProntuarioService.cs,427,Linha
Clinica,src/Clinica.Application/Servicos/ExportacaoProntuarioService.cs,430,Data
Clinica,src/Clinica.Application/Servicos/ExportacaoProntuarioService.cs,438,Escapar
Clinica,src/Clinica.Application/Servicos/ExportacaoProntuarioService.cs,453,LeiaMe
Clinica,src/Clinica.Application/Servicos/FaturamentoService.cs,15,DarBaixaAsync
Clinica,src/Clinica.Application/Servicos/FaturamentoService.cs,45,RegistrarObservacaoPendenciaAsync
Clinica,src/Clinica.Application/Servicos/FaturamentoService.cs,65,EstornarBaixaAsync
Clinica,src/Clinica.Application/Servicos/FaturamentoService.cs,91,FormatoDaGuia
Clinica,src/Clinica.Application/Servicos/FechamentoCaixaService.cs,13,PropostaFechamentoCaixa
Clinica,src/Clinica.Application/Servicos/FechamentoCaixaService.cs,34,DiaNaoConferido
Clinica,src/Clinica.Application/Servicos/FechamentoCaixaService.cs,61,ExigirDiaAbertoAsync
Clinica,src/Clinica.Application/Servicos/FechamentoCaixaService.cs,72,PrepararAsync
Clinica,src/Clinica.Application/Servicos/FechamentoCaixaService.cs,98,ConferirAsync
Clinica,src/Clinica.Application/Servicos/FechamentoCaixaService.cs,158,ReabrirAsync
Clinica,src/Clinica.Application/Servicos/FechamentoCaixaService.cs,183,HistoricoAsync
Clinica,src/Clinica.Application/Servicos/FechamentoCaixaService.cs,195,NaoConferidosAsync
Clinica,src/Clinica.Application/Servicos/FechamentoPdfService.cs,38,GerarAsync
Clinica,src/Clinica.Application/Servicos/FechamentoPdfService.cs,223,Titulo
Clinica,src/Clinica.Application/Servicos/FechamentoPdfService.cs,226,Kpi
Clinica,src/Clinica.Application/Servicos/FechamentoPdfService.cs,233,Cabecalho
Clinica,src/Clinica.Application/Servicos/FechamentoPdfService.cs,243,Linha
Clinica,src/Clinica.Application/Servicos/FechamentoSessaoService.cs,11,InsumoSugerido
Clinica,src/Clinica.Application/Servicos/FechamentoSessaoService.cs,29,PropostaFechamento
Clinica,src/Clinica.Application/Servicos/FechamentoSessaoService.cs,53,InsumoAConsumir
Clinica,src/Clinica.Application/Servicos/FechamentoSessaoService.cs,58,DecisaoFechamento
Clinica,src/Clinica.Application/Servicos/FechamentoSessaoService.cs,82,ResultadoFechamento
Clinica,src/Clinica.Application/Servicos/FechamentoSessaoService.cs,130,RegistroAtendimento
Clinica,src/Clinica.Application/Servicos/FechamentoSessaoService.cs,212,PrepararAsync
Clinica,src/Clinica.Application/Servicos/FechamentoSessaoService.cs,284,RegistrarAtendimentoAsync
Clinica,src/Clinica.Application/Servicos/FechamentoSessaoService.cs,345,ConcluirAsync
Clinica,src/Clinica.Application/Servicos/FechamentoSessaoService.cs,500,PacoteADebitarAsync
Clinica,src/Clinica.Application/Servicos/FinanceiroService.cs,10,ResumoCaixa
Clinica,src/Clinica.Application/Servicos/FinanceiroService.cs,45,GuiaSemLancamento
Clinica,src/Clinica.Application/Servicos/FinanceiroService.cs,101,LancarAsync
Clinica,src/Clinica.Application/Servicos/FinanceiroService.cs,188,RealizarAsync
Clinica,src/Clinica.Application/Servicos/FinanceiroService.cs,252,CancelarAsync
Clinica,src/Clinica.Application/Servicos/FinanceiroService.cs,291,DoPeriodoAsync
Clinica,src/Clinica.Application/Servicos/FinanceiroService.cs,308,ResumoAsync
Clinica,src/Clinica.Application/Servicos/FinanceiroService.cs,336,GuiasSemLancamentoAsync
Clinica,src/Clinica.Application/Servicos/FinanceiroService.cs,391,LancarReceitaDaGuiaAsync
Clinica,src/Clinica.Application/Servicos/FinanceiroService.cs,430,SessoesParticularesSemReceitaAsync
Clinica,src/Clinica.Application/Servicos/FinanceiroService.cs,440,LancarReceitaDaSessaoAsync
Clinica,src/Clinica.Application/Servicos/FinanceiroService.cs,480,DescricaoDaSessao
Clinica,src/Clinica.Application/Servicos/FinanceiroService.cs,486,CategoriasAsync
Clinica,src/Clinica.Application/Servicos/FinanceiroService.cs,493,CategoriasAsync
Clinica,src/Clinica.Application/Servicos/FinanceiroService.cs,505,CriarCategoriaAsync
Clinica,src/Clinica.Application/Servicos/FinanceiroService.cs,531,AtualizarCategoriaAsync
Clinica,src/Clinica.Application/Servicos/FinanceiroService.cs,548,RegistrarAsync
Clinica,src/Clinica.Application/Servicos/FluxoCaixaService.cs,15,MesFluxo
Clinica,src/Clinica.Application/Servicos/FluxoCaixaService.cs,42,ResultadoCategoria
Clinica,src/Clinica.Application/Servicos/FluxoCaixaService.cs,55,ResumoFluxo
Clinica,src/Clinica.Application/Servicos/FluxoCaixaService.cs,105,ProjecaoAsync
Clinica,src/Clinica.Application/Servicos/FluxoCaixaService.cs,171,PorCategoriaAsync
Clinica,src/Clinica.Application/Servicos/FluxoCaixaService.cs,206,ResumoAsync
Clinica,src/Clinica.Application/Servicos/GlosaService.cs,21,ListarAsync
Clinica,src/Clinica.Application/Servicos/GlosaService.cs,24,RegistrarAsync
Clinica,src/Clinica.Application/Servicos/GlosaService.cs,39,ReapresentarAsync
Clinica,src/Clinica.Application/Servicos/GlosaService.cs,47,MarcarRecuperadaAsync
Clinica,src/Clinica.Application/Servicos/GlosaService.cs,55,Auditar
Clinica,src/Clinica.Application/Servicos/GlosaService.cs,65,Obter
Clinica,src/Clinica.Application/Servicos/GuardaProntuarioService.cs,15,SituacaoGuarda
Clinica,src/Clinica.Application/Servicos/GuardaProntuarioService.cs,36,De
Clinica,src/Clinica.Application/Servicos/GuardaProntuarioService.cs,43,DescreverContagens
Clinica,src/Clinica.Application/Servicos/GuardaProntuarioService.cs,63,CumpriuPrazo
Clinica,src/Clinica.Application/Servicos/GuardaProntuarioService.cs,66,Descrever
Clinica,src/Clinica.Application/Servicos/GuardaProntuarioService.cs,76,ResumoGuarda
Clinica,src/Clinica.Application/Servicos/GuardaProntuarioService.cs,127,DoPacienteAsync
Clinica,src/Clinica.Application/Servicos/GuardaProntuarioService.cs,267,ResumoAsync
Clinica,src/Clinica.Application/Servicos/GuiaTissPdfService.cs,34,GerarPdfAsync
Clinica,src/Clinica.Application/Servicos/GuiaTissPdfService.cs,41,GerarPdf
Clinica,src/Clinica.Application/Servicos/GuiaTissPdfService.cs,175,Secao
Clinica,src/Clinica.Application/Servicos/GuiaTissPdfService.cs,178,Campo
Clinica,src/Clinica.Application/Servicos/GuiaTissPdfService.cs,187,Assinatura
Clinica,src/Clinica.Application/Servicos/GuiaTissPdfService.cs,197,Tipo
Clinica,src/Clinica.Application/Servicos/ImportacaoAnexosSmartClinicService.cs,38,ChaveDe
Clinica,src/Clinica.Application/Servicos/ImportacaoAnexosSmartClinicService.cs,40,ChaveDePaciente
Clinica,src/Clinica.Application/Servicos/ImportacaoAnexosSmartClinicService.cs,44,PreverAsync
Clinica,src/Clinica.Application/Servicos/ImportacaoAnexosSmartClinicService.cs,150,ExecutarAsync
Clinica,src/Clinica.Application/Servicos/ImportacaoAnexosSmartClinicService.cs,210,FecharLoteAsync
Clinica,src/Clinica.Application/Servicos/ImportacaoAnexosSmartClinicService.cs,233,ResolverPaciente
Clinica,src/Clinica.Application/Servicos/ImportacaoAnexosSmartClinicService.cs,254,NormalizarNome
Clinica,src/Clinica.Application/Servicos/ImportacaoAnexosSmartClinicService.cs,282,NomeDoArquivo
Clinica,src/Clinica.Application/Servicos/ImportacaoAnexosSmartClinicService.cs,294,TipoConteudoDe
Clinica,src/Clinica.Application/Servicos/ImportacaoPacientesService.cs,56,Chave
Clinica,src/Clinica.Application/Servicos/ImportacaoPacientesService.cs,61,ConveniosDoArquivo
Clinica,src/Clinica.Application/Servicos/ImportacaoPacientesService.cs,70,ChaveConvenio
Clinica,src/Clinica.Application/Servicos/ImportacaoPacientesService.cs,84,PreverAsync
Clinica,src/Clinica.Application/Servicos/ImportacaoPacientesService.cs,342,MontarEndereco
Clinica,src/Clinica.Application/Servicos/ImportacaoPacientesService.cs,362,Acrescentar
Clinica,src/Clinica.Application/Servicos/ImportacaoPacientesService.cs,370,ColunaInternaDoSistemaAnterior
Clinica,src/Clinica.Application/Servicos/ImportacaoPacientesService.cs,383,BlocoDeColunasExtras
Clinica,src/Clinica.Application/Servicos/ImportacaoPacientesService.cs,404,NomeDoSistema
Clinica,src/Clinica.Application/Servicos/ImportacaoPacientesService.cs,407,EstadoCivil
Clinica,src/Clinica.Application/Servicos/ImportacaoPacientesService.cs,415,RotuloDeColuna
Clinica,src/Clinica.Application/Servicos/ImportacaoPacientesService.cs,460,ExecutarAsync
Clinica,src/Clinica.Application/Servicos/ImportacaoPacientesService.cs,575,AlvoDaFusao
Clinica,src/Clinica.Application/Servicos/ImportacaoPacientesService.cs,585,GarantirConvenioADefinirAsync
Clinica,src/Clinica.Application/Servicos/ImportacaoPacientesService.cs,597,Completar
Clinica,src/Clinica.Application/Servicos/ImportacaoPacientesService.cs,636,Retrato
Clinica,src/Clinica.Application/Servicos/ImportacaoPacientesService.cs,644,Restaurar
Clinica,src/Clinica.Application/Servicos/ImportacaoPacientesService.cs,659,LerData
Clinica,src/Clinica.Application/Servicos/ImportacaoPacientesService.cs,681,LerSexo
Clinica,src/Clinica.Application/Servicos/ImportacaoPacientesService.cs,691,LerTelefone
Clinica,src/Clinica.Application/Servicos/ImportacaoPacientesService.cs,726,Cortar
Clinica,src/Clinica.Application/Servicos/ImportacaoSmartClinicService.cs,54,ChaveDe
Clinica,src/Clinica.Application/Servicos/ImportacaoSmartClinicService.cs,59,PreverAsync
Clinica,src/Clinica.Application/Servicos/ImportacaoSmartClinicService.cs,245,ExecutarAsync
Clinica,src/Clinica.Application/Servicos/ImportacaoSmartClinicService.cs,346,RevincularAsync
Clinica,src/Clinica.Application/Servicos/ImportacaoSmartClinicService.cs,377,NomeDoAutor
Clinica,src/Clinica.Application/Servicos/ImportacaoSmartClinicService.cs,385,NomeDoProfissionalNaObservacao
Clinica,src/Clinica.Application/Servicos/ImportacaoSmartClinicService.cs,392,FecharLoteAsync
Clinica,src/Clinica.Application/Servicos/ImportacaoSmartClinicService.cs,418,Casar
Clinica,src/Clinica.Application/Servicos/ImportacaoSmartClinicService.cs,434,LerDataHora
Clinica,src/Clinica.Application/Servicos/ImportacaoSmartClinicService.cs,445,Cortar
Clinica,src/Clinica.Application/Servicos/ImportacaoSmartClinicService.cs,466,Rotulo
Clinica,src/Clinica.Application/Servicos/ImportacaoSmartClinicService.cs,479,Compor
Clinica,src/Clinica.Application/Servicos/ImportacaoSmartClinicService.cs,534,Autor
Clinica,src/Clinica.Application/Servicos/ImportacaoSmartClinicService.cs,561,TextoDoFormulario
Clinica,src/Clinica.Application/Servicos/ImportacaoSmartClinicService.cs,588,ComporFichaClinica
Clinica,src/Clinica.Application/Servicos/ImportacaoSmartClinicService.cs,614,SinaisVitais
Clinica,src/Clinica.Application/Servicos/ImportacaoSmartClinicService.cs,629,ColunasComoTexto
Clinica,src/Clinica.Application/Servicos/ImportacaoSmartClinicService.cs,657,RotuloDeFlag
Clinica,src/Clinica.Application/Servicos/ImportacaoSmartClinicService.cs,667,Juntar
Clinica,src/Clinica.Application/Servicos/ImportacaoSmartClinicService.cs,673,Texto
Clinica,src/Clinica.Application/Servicos/ImportacaoSmartClinicService.cs,680,Sanear
Clinica,src/Clinica.Application/Servicos/ImportacaoSmartClinicService.cs,706,Cortar
Clinica,src/Clinica.Application/Servicos/InadimplenciaService.cs,19,ContaEmAtraso
Clinica,src/Clinica.Application/Servicos/InadimplenciaService.cs,31,PacienteInadimplente
Clinica,src/Clinica.Application/Servicos/InadimplenciaService.cs,50,FaixaInadimplencia
Clinica,src/Clinica.Application/Servicos/InadimplenciaService.cs,57,ResumoInadimplencia
Clinica,src/Clinica.Application/Servicos/InadimplenciaService.cs,83,De
Clinica,src/Clinica.Application/Servicos/InadimplenciaService.cs,132,PorPacienteAsync
Clinica,src/Clinica.Application/Servicos/InadimplenciaService.cs,180,ResumoAsync
Clinica,src/Clinica.Application/Servicos/InadimplenciaService.cs,210,DoPacienteAsync
Clinica,src/Clinica.Application/Servicos/InadimplenciaService.cs,220,ReceberAsync
Clinica,src/Clinica.Application/Servicos/InadimplenciaService.cs,233,MensagemDeCobranca
Clinica,src/Clinica.Application/Servicos/InadimplenciaService.cs,257,Moeda
Clinica,src/Clinica.Application/Servicos/IndicadoresService.cs,37,GerarAsync
Clinica,src/Clinica.Application/Servicos/IndicadoresService.cs,59,ProdutividadeAsync
Clinica,src/Clinica.Application/Servicos/IndicadoresService.cs,63,AgendamentosAsync
Clinica,src/Clinica.Application/Servicos/IndicadoresService.cs,72,ResumirAgenda
Clinica,src/Clinica.Application/Servicos/IndicadoresService.cs,93,MinutosDisponiveis
Clinica,src/Clinica.Application/Servicos/IndicadoresService.cs,105,JornadaDe
Clinica,src/Clinica.Application/Servicos/IndicadoresService.cs,112,Produtividade
Clinica,src/Clinica.Application/Servicos/IndicadoresService.cs,170,Serie
Clinica,src/Clinica.Application/Servicos/InfusaoOrientacaoExterna.cs,5,RegistroInfusaoExterna
Clinica,src/Clinica.Application/Servicos/InfusaoOrientacaoExterna.cs,15,DevolverInfusaoExternaAsync
Clinica,src/Clinica.Application/Servicos/InfusaoOrientacaoExterna.cs,41,CorrigirHorariosInfusaoExternaAsync
Clinica,src/Clinica.Application/Servicos/InfusaoOrientacaoExterna.cs,71,MedicosParaValidacaoAsync
Clinica,src/Clinica.Application/Servicos/InfusaoOrientacaoExterna.cs,79,RegistrarExecucaoExternaAsync
Clinica,src/Clinica.Application/Servicos/LembreteEmailService.cs,20,ResultadoLembretesEmail
Clinica,src/Clinica.Application/Servicos/LembreteEmailService.cs,23,DesligadoEm
Clinica,src/Clinica.Application/Servicos/LembreteEmailService.cs,109,DiasDaAbertura
Clinica,src/Clinica.Application/Servicos/LembreteEmailService.cs,122,EnviarLembretesDaAberturaAsync
Clinica,src/Clinica.Application/Servicos/LembreteEmailService.cs,141,EnviarConfirmacoesAsync
Clinica,src/Clinica.Application/Servicos/LembreteEmailService.cs,206,EnviarTesteAsync
Clinica,src/Clinica.Application/Servicos/LembreteEmailService.cs,231,NomeDaClinica
Clinica,src/Clinica.Application/Servicos/ListaEsperaService.cs,26,AguardandoAsync
Clinica,src/Clinica.Application/Servicos/ListaEsperaService.cs,29,AdicionarAsync
Clinica,src/Clinica.Application/Servicos/ListaEsperaService.cs,72,CandidatosParaAsync
Clinica,src/Clinica.Application/Servicos/ListaEsperaService.cs,98,ChamarAsync
Clinica,src/Clinica.Application/Servicos/ListaEsperaService.cs,143,RemoverAsync
Clinica,src/Clinica.Application/Servicos/ListaEsperaService.cs,162,ReabrirAsync
Clinica,src/Clinica.Application/Servicos/LoteTissService.cs,26,CandidatasAsync
Clinica,src/Clinica.Application/Servicos/LoteTissService.cs,36,ConvenioDaGuia
Clinica,src/Clinica.Application/Servicos/LoteTissService.cs,53,CriarAsync
Clinica,src/Clinica.Application/Servicos/LoteTissService.cs,83,ListarAsync
Clinica,src/Clinica.Application/Servicos/LoteTissService.cs,87,ObterAsync
Clinica,src/Clinica.Application/Servicos/LoteTissService.cs,92,MarcarEnviadoAsync
Clinica,src/Clinica.Application/Servicos/LoteTissService.cs,107,RegistrarRetornoAsync
Clinica,src/Clinica.Application/Servicos/LoteTissService.cs,129,Auditar
Clinica,src/Clinica.Application/Servicos/MapaCorporalService.cs,26,DaEvolucaoAsync
Clinica,src/Clinica.Application/Servicos/MapaCorporalService.cs,29,HistoricoAsync
Clinica,src/Clinica.Application/Servicos/MapaCorporalService.cs,37,CopiarParaEdicaoAsync
Clinica,src/Clinica.Application/Servicos/MapaCorporalService.cs,53,DataDaSessaoAsync
Clinica,src/Clinica.Application/Servicos/MapaCorporalService.cs,67,SalvarAsync
Clinica,src/Clinica.Application/Servicos/MapaCorporalService.cs,80,PrepararGravacaoAsync
Clinica,src/Clinica.Application/Servicos/MapaCorporalService.cs,135,ProtocolosAsync
Clinica,src/Clinica.Application/Servicos/MapaCorporalService.cs,139,ObterProtocoloAsync
Clinica,src/Clinica.Application/Servicos/MapaCorporalService.cs,146,AplicarProtocoloAsync
Clinica,src/Clinica.Application/Servicos/MapaCorporalService.cs,161,PontosDoProtocolo
Clinica,src/Clinica.Application/Servicos/MapaCorporalService.cs,181,CopiarDaSessaoAnteriorAsync
Clinica,src/Clinica.Application/Servicos/MapaCorporalService.cs,201,PontosDaSessaoAnteriorAsync
Clinica,src/Clinica.Application/Servicos/MapaCorporalService.cs,213,SalvarComoProtocoloAsync
Clinica,src/Clinica.Application/Servicos/MapaCorporalService.cs,266,ExcluirProtocoloAsync
Clinica,src/Clinica.Application/Servicos/MapaCorporalService.cs,291,MapaDaSessaoAnteriorAsync
Clinica,src/Clinica.Application/Servicos/MapaCorporalService.cs,317,Copiar
Clinica,src/Clinica.Application/Servicos/MapaCorporalService.cs,331,ValidarPontos
Clinica,src/Clinica.Application/Servicos/MapaCorporalService.cs,343,ValidarConteudo
Clinica,src/Clinica.Application/Servicos/MapaCorporalService.cs,352,Limpar
Clinica,src/Clinica.Application/Servicos/MarcaSemDor.cs,27,Carregar
Clinica,src/Clinica.Application/Servicos/MedidaClinicaService.cs,49,Tipo
Clinica,src/Clinica.Application/Servicos/MedidaClinicaService.cs,52,DoPacienteAsync
Clinica,src/Clinica.Application/Servicos/MedidaClinicaService.cs,56,ObterAsync
Clinica,src/Clinica.Application/Servicos/MedidaClinicaService.cs,62,RegistrarAsync
Clinica,src/Clinica.Application/Servicos/MedidaClinicaService.cs,154,CancelarAsync
Clinica,src/Clinica.Application/Servicos/MedidaClinicaService.cs,191,SerieAsync
Clinica,src/Clinica.Application/Servicos/MedidaClinicaService.cs,237,MesclarPressaoDaEnfermagemAsync
Clinica,src/Clinica.Application/Servicos/MedidaClinicaService.cs,274,ResumoAsync
Clinica,src/Clinica.Application/Servicos/MedidaClinicaService.cs,311,SerieImcAsync
Clinica,src/Clinica.Application/Servicos/MedidaClinicaService.cs,336,AlturaVigente
Clinica,src/Clinica.Application/Servicos/MedidaClinicaService.cs,353,AplicarFaixa
Clinica,src/Clinica.Application/Servicos/MedidaClinicaService.cs,361,Limpar
Clinica,src/Clinica.Application/Servicos/MetaService.cs,13,MetaApurada
Clinica,src/Clinica.Application/Servicos/MetaService.cs,92,DoAnoAsync
Clinica,src/Clinica.Application/Servicos/MetaService.cs,101,DefinirAsync
Clinica,src/Clinica.Application/Servicos/MetaService.cs,163,ExcluirAsync
Clinica,src/Clinica.Application/Servicos/MetaService.cs,184,ApurarMesAsync
Clinica,src/Clinica.Application/Servicos/MetaService.cs,250,Projetar
Clinica,src/Clinica.Application/Servicos/MidiaProntuarioService.cs,29,Destino
Clinica,src/Clinica.Application/Servicos/MidiaProntuarioService.cs,44,GuardarAsync
Clinica,src/Clinica.Application/Servicos/MidiaProntuarioService.cs,84,LerAsync
Clinica,src/Clinica.Application/Servicos/ModalidadeCatalogoService.cs,20,ListarAsync
Clinica,src/Clinica.Application/Servicos/ModalidadeCatalogoService.cs,42,RecarregarCacheAsync
Clinica,src/Clinica.Application/Servicos/ModalidadeCatalogoService.cs,48,SalvarAsync
Clinica,src/Clinica.Application/Servicos/ModalidadeCatalogoService.cs,61,EhEmbutida
Clinica,src/Clinica.Application/Servicos/ModelosTermoBsv.cs,51,Consentimento
Clinica,src/Clinica.Application/Servicos/ModelosTermoBsv.cs,207,TermoDaSessao
Clinica,src/Clinica.Application/Servicos/OrcamentoService.cs,7,OrcamentoApurado
Clinica,src/Clinica.Application/Servicos/OrcamentoService.cs,76,DoMesAsync
Clinica,src/Clinica.Application/Servicos/OrcamentoService.cs,85,DefinirAsync
Clinica,src/Clinica.Application/Servicos/OrcamentoService.cs,143,ExcluirAsync
Clinica,src/Clinica.Application/Servicos/OrcamentoService.cs,163,ApurarMesAsync
Clinica,src/Clinica.Application/Servicos/OrigemPacientesService.cs,11,LinhaOrigemPacientes
Clinica,src/Clinica.Application/Servicos/OrigemPacientesService.cs,18,IndicadorFrequente
Clinica,src/Clinica.Application/Servicos/OrigemPacientesService.cs,21,ResumoOrigemPacientes
Clinica,src/Clinica.Application/Servicos/OrigemPacientesService.cs,68,ResumoAsync
Clinica,src/Clinica.Application/Servicos/PacienteService.cs,19,BuscarAsync
Clinica,src/Clinica.Application/Servicos/PacienteService.cs,22,ObterComHistoricoAsync
Clinica,src/Clinica.Application/Servicos/PacienteService.cs,31,ObterAsync
Clinica,src/Clinica.Application/Servicos/PacienteService.cs,38,CompletarEnderecoAsync
Clinica,src/Clinica.Application/Servicos/PacienteService.cs,63,ConsultasAsync
Clinica,src/Clinica.Application/Servicos/PacienteService.cs,68,SalvarNovoAsync
Clinica,src/Clinica.Application/Servicos/PacienteService.cs,77,ImportarNovoAsync
Clinica,src/Clinica.Application/Servicos/PacienteService.cs,80,CompletarImportadoAsync
Clinica,src/Clinica.Application/Servicos/PacienteService.cs,83,PersistirNovoAsync
Clinica,src/Clinica.Application/Servicos/PacienteService.cs,98,AtualizarAsync
Clinica,src/Clinica.Application/Servicos/PacienteService.cs,105,PersistirAtualizacaoAsync
Clinica,src/Clinica.Application/Servicos/PacienteService.cs,137,DefinirConvenioAsync
Clinica,src/Clinica.Application/Servicos/PacienteService.cs,202,RemoverAsync
Clinica,src/Clinica.Application/Servicos/PacienteService.cs,217,ObterFotoAsync
Clinica,src/Clinica.Application/Servicos/PacienteService.cs,224,DefinirFotoAsync
Clinica,src/Clinica.Application/Servicos/PacienteService.cs,233,RemoverFotoAsync
Clinica,src/Clinica.Application/Servicos/PacienteService.cs,259,CriticarAsync
Clinica,src/Clinica.Application/Servicos/PacoteService.cs,8,SaldoPacote
Clinica,src/Clinica.Application/Servicos/PacoteService.cs,90,CatalogoAsync
Clinica,src/Clinica.Application/Servicos/PacoteService.cs,94,SalvarCatalogoAsync
Clinica,src/Clinica.Application/Servicos/PacoteService.cs,125,ExcluirDoCatalogoAsync
Clinica,src/Clinica.Application/Servicos/PacoteService.cs,137,VenderAsync
Clinica,src/Clinica.Application/Servicos/PacoteService.cs,172,RegistrarVendaAsync
Clinica,src/Clinica.Application/Servicos/PacoteService.cs,271,CancelarAsync
Clinica,src/Clinica.Application/Servicos/PacoteService.cs,331,ADebitarAsync
Clinica,src/Clinica.Application/Servicos/PacoteService.cs,342,DoPacienteAsync
Clinica,src/Clinica.Application/Servicos/PacoteService.cs,351,VendidosAsync
Clinica,src/Clinica.Application/Servicos/PacoteService.cs,364,DescreverComPagamentoAsync
Clinica,src/Clinica.Application/Servicos/PacoteService.cs,382,ConsumirAsync
Clinica,src/Clinica.Application/Servicos/PacoteService.cs,434,ConsumirPorAtendimentoAsync
Clinica,src/Clinica.Application/Servicos/PacoteService.cs,458,CancelarConsumoAsync
Clinica,src/Clinica.Application/Servicos/PacoteService.cs,483,ObterAsync
Clinica,src/Clinica.Application/Servicos/PacoteService.cs,495,Descrever
Clinica,src/Clinica.Application/Servicos/PacoteService.cs,499,Descrever
Clinica,src/Clinica.Application/Servicos/PacoteService.cs,510,Descrever
Clinica,src/Clinica.Application/Servicos/PacoteService.cs,525,Limpar
Clinica,src/Clinica.Application/Servicos/PagamentosRecepcaoService.cs,7,PagamentosRecepcaoService
Clinica,src/Clinica.Application/Servicos/PagamentosRecepcaoService.cs,9,DoPacienteAsync
Clinica,src/Clinica.Application/Servicos/PagamentosRecepcaoService.cs,12,ReceberAsync
Clinica,src/Clinica.Application/Servicos/PainelDirecaoService.cs,85,AlertaDirecao
Clinica,src/Clinica.Application/Servicos/PainelDirecaoService.cs,94,PainelDirecao
Clinica,src/Clinica.Application/Servicos/PainelDirecaoService.cs,263,MontarAsync
Clinica,src/Clinica.Application/Servicos/PainelDirecaoService.cs,713,EntradasDoTrechoAnteriorAsync
Clinica,src/Clinica.Application/Servicos/PainelDirecaoService.cs,735,Moeda
Clinica,src/Clinica.Application/Servicos/PainelRecepcaoService.cs,31,ResumoAsync
Clinica,src/Clinica.Application/Servicos/PainelRecepcaoService.cs,68,EsperaMediaMinutos
Clinica,src/Clinica.Application/Servicos/PainelRecepcaoService.cs,85,PendenciasDoDiaAsync
Clinica,src/Clinica.Application/Servicos/ParametrosService.cs,12,ConvenioOpcao
Clinica,src/Clinica.Application/Servicos/ParametrosService.cs,15,CamposEmail
Clinica,src/Clinica.Application/Servicos/ParametrosService.cs,25,ValidadeConsultaDias
Clinica,src/Clinica.Application/Servicos/ParametrosService.cs,28,DiasSegundoCodigo
Clinica,src/Clinica.Application/Servicos/ParametrosService.cs,32,NomeExibicao
Clinica,src/Clinica.Application/Servicos/ParametrosService.cs,38,CategoriaBase
Clinica,src/Clinica.Application/Servicos/ParametrosService.cs,48,Ativo
Clinica,src/Clinica.Application/Servicos/ParametrosService.cs,73,ObterSegredoAsync
Clinica,src/Clinica.Application/Servicos/ParametrosService.cs,92,SalvarSegredoAsync
Clinica,src/Clinica.Application/Servicos/ParametrosService.cs,120,ObterAsync
Clinica,src/Clinica.Application/Servicos/ParametrosService.cs,144,PreencherDefaults
Clinica,src/Clinica.Application/Servicos/ParametrosService.cs,152,SalvarAsync
Clinica,src/Clinica.Application/Servicos/ParametrosService.cs,165,ObterJanelaAlertaConsultaAsync
Clinica,src/Clinica.Application/Servicos/ParametrosService.cs,170,SalvarJanelaAlertaConsultaAsync
Clinica,src/Clinica.Application/Servicos/ParametrosService.cs,182,ObterPrazoRecursoGlosaAsync
Clinica,src/Clinica.Application/Servicos/ParametrosService.cs,187,SalvarPrazoRecursoGlosaAsync
Clinica,src/Clinica.Application/Servicos/ParametrosService.cs,202,ObterIntervaloRodadaPendenciasAsync
Clinica,src/Clinica.Application/Servicos/ParametrosService.cs,207,SalvarIntervaloRodadaPendenciasAsync
Clinica,src/Clinica.Application/Servicos/ParametrosService.cs,225,GuiaNoAgendamentoAsync
Clinica,src/Clinica.Application/Servicos/ParametrosService.cs,237,DefinirGuiaNoAgendamentoAsync
Clinica,src/Clinica.Application/Servicos/ParametrosService.cs,267,ObterTelaDoPacienteAsync
Clinica,src/Clinica.Application/Servicos/ParametrosService.cs,273,SalvarTelaDoPacienteAsync
Clinica,src/Clinica.Application/Servicos/ParametrosService.cs,312,ObterUrlPublicacaoAsync
Clinica,src/Clinica.Application/Servicos/ParametrosService.cs,318,SalvarUrlPublicacaoAsync
Clinica,src/Clinica.Application/Servicos/ParametrosService.cs,330,ObterDiasPublicacaoAsync
Clinica,src/Clinica.Application/Servicos/ParametrosService.cs,336,SalvarDiasPublicacaoAsync
Clinica,src/Clinica.Application/Servicos/ParametrosService.cs,373,SalvarCredenciaisArmazenamentoAsync
Clinica,src/Clinica.Application/Servicos/ParametrosService.cs,402,ObterCamposEmailAsync
Clinica,src/Clinica.Application/Servicos/ParametrosService.cs,416,ObterOpcoesEmailAsync
Clinica,src/Clinica.Application/Servicos/ParametrosService.cs,423,SalvarCamposEmailAsync
Clinica,src/Clinica.Application/Servicos/ParametrosService.cs,450,ObterPastaBackupAsync
Clinica,src/Clinica.Application/Servicos/ParametrosService.cs,456,SalvarPastaBackupAsync
Clinica,src/Clinica.Application/Servicos/ParametrosService.cs,463,ObterIntervaloBackupAsync
Clinica,src/Clinica.Application/Servicos/ParametrosService.cs,468,SalvarIntervaloBackupAsync
Clinica,src/Clinica.Application/Servicos/ParametrosService.cs,480,ObterCopiasBackupAsync
Clinica,src/Clinica.Application/Servicos/ParametrosService.cs,485,SalvarCopiasBackupAsync
Clinica,src/Clinica.Application/Servicos/ParametrosService.cs,492,ObterUltimoBackupAsync
Clinica,src/Clinica.Application/Servicos/ParametrosService.cs,504,SalvarUltimoBackupAsync
Clinica,src/Clinica.Application/Servicos/ParametrosService.cs,521,ObterInicioRodadaPrazoAsync
Clinica,src/Clinica.Application/Servicos/ParametrosService.cs,526,SalvarInicioRodadaPrazoAsync
Clinica,src/Clinica.Application/Servicos/ParametrosService.cs,536,ObterRodadaAplicaConsultasAsync
Clinica,src/Clinica.Application/Servicos/ParametrosService.cs,541,ObterRodadaAplicaCarteirinhasAsync
Clinica,src/Clinica.Application/Servicos/ParametrosService.cs,545,SalvarRodadaAplicaAsync
Clinica,src/Clinica.Application/Servicos/ParametrosService.cs,566,ObterAliquotaImpostoAsync
Clinica,src/Clinica.Application/Servicos/ParametrosService.cs,575,SalvarAliquotaImpostoAsync
Clinica,src/Clinica.Application/Servicos/ParametrosService.cs,596,ObterJornadaDiariaAsync
Clinica,src/Clinica.Application/Servicos/ParametrosService.cs,601,SalvarJornadaDiariaAsync
Clinica,src/Clinica.Application/Servicos/ParametrosService.cs,611,ObterDiasInatividadeRecallAsync
Clinica,src/Clinica.Application/Servicos/ParametrosService.cs,616,SalvarDiasInatividadeRecallAsync
Clinica,src/Clinica.Application/Servicos/ParametrosService.cs,635,ObterCarimbadoraDeTempoAsync
Clinica,src/Clinica.Application/Servicos/ParametrosService.cs,641,SalvarCarimbadoraDeTempoAsync
Clinica,src/Clinica.Application/Servicos/ParametrosService.cs,675,SalvarCredenciaisSafeIDAsync
Clinica,src/Clinica.Application/Servicos/ParametrosService.cs,690,ObterProximoNumeroLoteTissAsync
Clinica,src/Clinica.Application/Servicos/ParametrosService.cs,694,ConfirmarNumeroLoteTissAsync
Clinica,src/Clinica.Application/Servicos/ParametrosService.cs,710,PrestadorConfiguradoAsync
Clinica,src/Clinica.Application/Servicos/ParametrosService.cs,714,ObterPrestadorAsync
Clinica,src/Clinica.Application/Servicos/ParametrosService.cs,733,SalvarPrestadorAsync
Clinica,src/Clinica.Application/Servicos/PendenciaService.cs,31,CodigosPendentesAsync
Clinica,src/Clinica.Application/Servicos/PendenciaService.cs,50,CodigosVencidosParaDecisaoAsync
Clinica,src/Clinica.Application/Servicos/PendenciaService.cs,64,MapearPendencia
Clinica,src/Clinica.Application/Servicos/PendenciaService.cs,94,PendenciasDoPacienteAsync
Clinica,src/Clinica.Application/Servicos/PendenciaService.cs,105,NaoConformidadesComoPendenciaAsync
Clinica,src/Clinica.Application/Servicos/PendenciaService.cs,140,NaoConformidadesDoPacienteAsync
Clinica,src/Clinica.Application/Servicos/PendenciaService.cs,148,ConsultasAVencerAsync
Clinica,src/Clinica.Application/Servicos/PendenciaService.cs,199,GlosasARecorrerAsync
Clinica,src/Clinica.Application/Servicos/PendenciaService.cs,238,CarteirinhasAVencerAsync
Clinica,src/Clinica.Application/Servicos/PendenciaService.cs,279,TotalParaBadge
Clinica,src/Clinica.Application/Servicos/PendenciaService.cs,284,TotalPendenciasAsync
Clinica,src/Clinica.Application/Servicos/PixService.cs,18,CobrancaPix
Clinica,src/Clinica.Application/Servicos/PixService.cs,82,Gerar
Clinica,src/Clinica.Application/Servicos/PixService.cs,144,Campo
Clinica,src/Clinica.Application/Servicos/PixService.cs,153,Crc16
Clinica,src/Clinica.Application/Servicos/PixService.cs,171,Normalizar
Clinica,src/Clinica.Application/Servicos/PixService.cs,173,SoDigitos
Clinica,src/Clinica.Application/Servicos/PixService.cs,183,ComDdi
Clinica,src/Clinica.Application/Servicos/PixService.cs,200,Texto
Clinica,src/Clinica.Application/Servicos/PixService.cs,213,Alfanumerico
Clinica,src/Clinica.Application/Servicos/PixService.cs,223,SemAcento
Clinica,src/Clinica.Application/Servicos/PixService.cs,256,Classificar
Clinica,src/Clinica.Application/Servicos/PoliticaConclusaoService.cs,8,PoliticaConclusao
Clinica,src/Clinica.Application/Servicos/PoliticaConclusaoService.cs,14,ExigeEnfermagem
Clinica,src/Clinica.Application/Servicos/PoliticaConclusaoService.cs,19,PoliticaConclusaoService
Clinica,src/Clinica.Application/Servicos/PoliticaConclusaoService.cs,22,ObterAsync
Clinica,src/Clinica.Application/Servicos/PoliticaConclusaoService.cs,32,SalvarAsync
Clinica,src/Clinica.Application/Servicos/PoliticaMateriaisService.cs,9,PoliticaMateriais
Clinica,src/Clinica.Application/Servicos/PoliticaMateriaisService.cs,11,Abrange
Clinica,src/Clinica.Application/Servicos/PoliticaMateriaisService.cs,16,PoliticaMateriaisService
Clinica,src/Clinica.Application/Servicos/PoliticaMateriaisService.cs,20,ObterAsync
Clinica,src/Clinica.Application/Servicos/PoliticaMateriaisService.cs,27,SalvarAsync
Clinica,src/Clinica.Application/Servicos/PoliticaMateriaisService.cs,44,ExigirRegistroAsync
Clinica,src/Clinica.Application/Servicos/PrecoConvenioService.cs,14,PrecoProposto
Clinica,src/Clinica.Application/Servicos/PrecoConvenioService.cs,52,CatalogoAsync
Clinica,src/Clinica.Application/Servicos/PrecoConvenioService.cs,56,SalvarAsync
Clinica,src/Clinica.Application/Servicos/PrecoConvenioService.cs,103,ExcluirAsync
Clinica,src/Clinica.Application/Servicos/PrecoConvenioService.cs,114,ResolverAsync
Clinica,src/Clinica.Application/Servicos/PrecoConvenioService.cs,144,ProporAsync
Clinica,src/Clinica.Application/Servicos/PrecoParticularService.cs,30,CatalogoAsync
Clinica,src/Clinica.Application/Servicos/PrecoParticularService.cs,34,SalvarAsync
Clinica,src/Clinica.Application/Servicos/PrecoParticularService.cs,78,ExcluirAsync
Clinica,src/Clinica.Application/Servicos/PrecoParticularService.cs,90,ResolverAsync
Clinica,src/Clinica.Application/Servicos/PrecoParticularService.cs,119,Pontuar
Clinica,src/Clinica.Application/Servicos/PrecoParticularService.cs,134,ProporAsync
Clinica,src/Clinica.Application/Servicos/PrescricaoInternaPdfService.cs,103,AreaDaAssinatura
Clinica,src/Clinica.Application/Servicos/PrescricaoInternaPdfService.cs,119,AreaDaSegundaAssinatura
Clinica,src/Clinica.Application/Servicos/PrescricaoInternaPdfService.cs,132,GerarPrescricaoAsync
Clinica,src/Clinica.Application/Servicos/PrescricaoInternaPdfService.cs,143,GerarPrescricao
Clinica,src/Clinica.Application/Servicos/PrescricaoInternaPdfService.cs,207,GerarRegistroExecucaoAsync
Clinica,src/Clinica.Application/Servicos/PrescricaoInternaPdfService.cs,225,GerarRegistroExecucao
Clinica,src/Clinica.Application/Servicos/PrescricaoInternaPdfService.cs,281,Moldura
Clinica,src/Clinica.Application/Servicos/PrescricaoInternaPdfService.cs,290,Cabecalho
Clinica,src/Clinica.Application/Servicos/PrescricaoInternaPdfService.cs,356,AvisoDeUsoInterno
Clinica,src/Clinica.Application/Servicos/PrescricaoInternaPdfService.cs,368,IdentificacaoDoPaciente
Clinica,src/Clinica.Application/Servicos/PrescricaoInternaPdfService.cs,407,BlocoDeAlergias
Clinica,src/Clinica.Application/Servicos/PrescricaoInternaPdfService.cs,440,TabelaDaPrescricao
Clinica,src/Clinica.Application/Servicos/PrescricaoInternaPdfService.cs,519,CampoParaCaneta
Clinica,src/Clinica.Application/Servicos/PrescricaoInternaPdfService.cs,539,TabelaDaExecucao
Clinica,src/Clinica.Application/Servicos/PrescricaoInternaPdfService.cs,621,MarcaDeChecagem
Clinica,src/Clinica.Application/Servicos/PrescricaoInternaPdfService.cs,669,Justificativas
Clinica,src/Clinica.Application/Servicos/PrescricaoInternaPdfService.cs,699,Retificacoes
Clinica,src/Clinica.Application/Servicos/PrescricaoInternaPdfService.cs,744,IntercorrenciasDaExecucao
Clinica,src/Clinica.Application/Servicos/PrescricaoInternaPdfService.cs,774,BlocoDeIntercorrencias
Clinica,src/Clinica.Application/Servicos/PrescricaoInternaPdfService.cs,804,EvolucoesDeEnfermagem
Clinica,src/Clinica.Application/Servicos/PrescricaoInternaPdfService.cs,896,ConsultaDeEnfermagem
Clinica,src/Clinica.Application/Servicos/PrescricaoInternaPdfService.cs,962,VinculoComAPrescricao
Clinica,src/Clinica.Application/Servicos/PrescricaoInternaPdfService.cs,1013,Rodape
Clinica,src/Clinica.Application/Servicos/PrescricaoInternaPdfService.cs,1130,AvisoDoRegistroDeExecucao
Clinica,src/Clinica.Application/Servicos/PrescricaoInternaPdfService.cs,1140,FraseDoNivel
Clinica,src/Clinica.Application/Servicos/PrescricaoInternaPdfService.cs,1166,AlergiasParaAFolhaAsync
Clinica,src/Clinica.Application/Servicos/PrescricaoInternaPdfService.cs,1173,NomeDoExecutante
Clinica,src/Clinica.Application/Servicos/PrescricaoInternaPdfService.cs,1178,ConselhoDoExecutante
Clinica,src/Clinica.Application/Servicos/PrescricaoInternaPdfService.cs,1183,Campo
Clinica,src/Clinica.Application/Servicos/PrescricaoInternaPdfService.cs,1190,Faixa
Clinica,src/Clinica.Application/Servicos/PrescricaoInternaPdfService.cs,1199,PreparoDoItem
Clinica,src/Clinica.Application/Servicos/PrescricaoInternaPdfService.cs,1208,CabecalhoCelula
Clinica,src/Clinica.Application/Servicos/PrescricaoInternaPdfService.cs,1213,Celula
Clinica,src/Clinica.Application/Servicos/PrescricaoInternaPdfService.cs,1216,PrimeiroPreenchido
Clinica,src/Clinica.Application/Servicos/PrescricaoInternaPdfService.cs,1219,Juntar
Clinica,src/Clinica.Application/Servicos/PrescricaoInternaPdfService.cs,1225,Prefixado
Clinica,src/Clinica.Application/Servicos/PrescricaoInternaService.cs,13,ResultadoAssinaturaPrescricao
Clinica,src/Clinica.Application/Servicos/PrescricaoInternaService.cs,60,ObterAsync
Clinica,src/Clinica.Application/Servicos/PrescricaoInternaService.cs,63,PorCodigoAsync
Clinica,src/Clinica.Application/Servicos/PrescricaoInternaService.cs,66,DoPacienteAsync
Clinica,src/Clinica.Application/Servicos/PrescricaoInternaService.cs,79,ContextoAsync
Clinica,src/Clinica.Application/Servicos/PrescricaoInternaService.cs,83,ConferirAsync
Clinica,src/Clinica.Application/Servicos/PrescricaoInternaService.cs,96,CriarAsync
Clinica,src/Clinica.Application/Servicos/PrescricaoInternaService.cs,133,SalvarRascunhoAsync
Clinica,src/Clinica.Application/Servicos/PrescricaoInternaService.cs,214,ConferirParaAssinaturaAsync
Clinica,src/Clinica.Application/Servicos/PrescricaoInternaService.cs,235,AssinarAsync
Clinica,src/Clinica.Application/Servicos/PrescricaoInternaService.cs,311,AssinarExecucaoAsync
Clinica,src/Clinica.Application/Servicos/PrescricaoInternaService.cs,364,SuspenderItemAsync
Clinica,src/Clinica.Application/Servicos/PrescricaoInternaService.cs,406,CancelarAsync
Clinica,src/Clinica.Application/Servicos/PrescricaoInternaService.cs,449,Exigir
Clinica,src/Clinica.Application/Servicos/PrescricaoInternaService.cs,453,Limpar
Clinica,src/Clinica.Application/Servicos/PrescricaoInternaService.cs,456,GerarCodigo
Clinica,src/Clinica.Application/Servicos/PrescricaoService.cs,25,AlertaPrescricao
Clinica,src/Clinica.Application/Servicos/PrescricaoService.cs,34,ConferenciaPrescricao
Clinica,src/Clinica.Application/Servicos/PrescricaoService.cs,104,ContextoAsync
Clinica,src/Clinica.Application/Servicos/PrescricaoService.cs,115,ConferirAsync
Clinica,src/Clinica.Application/Servicos/PrescricaoService.cs,181,TermoQueCasa
Clinica,src/Clinica.Application/Servicos/PrescricaoService.cs,194,Palavras
Clinica,src/Clinica.Application/Servicos/PrescricaoService.cs,224,Normalizar
Clinica,src/Clinica.Application/Servicos/PrevencaoGlosaService.cs,30,AnalisarAsync
Clinica,src/Clinica.Application/Servicos/PrevencaoGlosaService.cs,45,AlertarCarteirinhasVencidas
Clinica,src/Clinica.Application/Servicos/PrevencaoGlosaService.cs,62,AlertarDuplicidades
Clinica,src/Clinica.Application/Servicos/PrevencaoGlosaService.cs,82,AlertarPadroesHistoricosAsync
Clinica,src/Clinica.Application/Servicos/ProblemaPacienteService.cs,41,DoPacienteAsync
Clinica,src/Clinica.Application/Servicos/ProblemaPacienteService.cs,45,ObterAsync
Clinica,src/Clinica.Application/Servicos/ProblemaPacienteService.cs,57,AlertasAsync
Clinica,src/Clinica.Application/Servicos/ProblemaPacienteService.cs,65,SalvarAsync
Clinica,src/Clinica.Application/Servicos/ProblemaPacienteService.cs,127,ResolverAsync
Clinica,src/Clinica.Application/Servicos/ProblemaPacienteService.cs,163,DescartarAsync
Clinica,src/Clinica.Application/Servicos/ProblemaPacienteService.cs,196,ReabrirAsync
Clinica,src/Clinica.Application/Servicos/ProblemaPacienteService.cs,223,Limpar
Clinica,src/Clinica.Application/Servicos/ProntuarioService.cs,26,DoPacienteAsync
Clinica,src/Clinica.Application/Servicos/ProntuarioService.cs,29,ObterAsync
Clinica,src/Clinica.Application/Servicos/ProntuarioService.cs,33,VincularAoHorarioAsync
Clinica,src/Clinica.Application/Servicos/ProntuarioService.cs,75,SalvarAsync
Clinica,src/Clinica.Application/Servicos/ProntuarioService.cs,213,GuardarVersao
Clinica,src/Clinica.Application/Servicos/ProntuarioService.cs,253,AplicarCamposPersonalizados
Clinica,src/Clinica.Application/Servicos/ProntuarioService.cs,272,ContagemDeVersoesAsync
Clinica,src/Clinica.Application/Servicos/ProntuarioService.cs,283,VersoesAsync
Clinica,src/Clinica.Application/Servicos/ProntuarioService.cs,303,CancelarAsync
Clinica,src/Clinica.Application/Servicos/ProntuarioService.cs,343,ModelosAsync
Clinica,src/Clinica.Application/Servicos/ProntuarioService.cs,352,SalvarModeloAsync
Clinica,src/Clinica.Application/Servicos/ProntuarioService.cs,415,RemoverModeloAsync
Clinica,src/Clinica.Application/Servicos/ProntuarioService.cs,426,EvolucaoDaDorAsync
Clinica,src/Clinica.Application/Servicos/ProntuarioService.cs,441,AnexosAsync
Clinica,src/Clinica.Application/Servicos/ProntuarioService.cs,452,ContagemDeAnexosAsync
Clinica,src/Clinica.Application/Servicos/ProntuarioService.cs,457,ConteudoAnexoAsync
Clinica,src/Clinica.Application/Servicos/ProntuarioService.cs,466,ConteudoAnexoAsync
Clinica,src/Clinica.Application/Servicos/ProntuarioService.cs,483,AnexarAsync
Clinica,src/Clinica.Application/Servicos/ProntuarioService.cs,544,CancelarAnexoAsync
Clinica,src/Clinica.Application/Servicos/ProntuarioService.cs,578,TemRegistro
Clinica,src/Clinica.Application/Servicos/ProntuarioService.cs,593,Limpar
Clinica,src/Clinica.Application/Servicos/ProtecaoSegredoGlobal.cs,25,DoAmbiente
Clinica,src/Clinica.Application/Servicos/ProtecaoSegredoGlobal.cs,28,EstaProtegido
Clinica,src/Clinica.Application/Servicos/ProtecaoSegredoGlobal.cs,30,Proteger
Clinica,src/Clinica.Application/Servicos/ProtecaoSegredoGlobal.cs,45,Revelar
Clinica,src/Clinica.Application/Servicos/ProvedorOpcoesArmazenamento.cs,31,ObterAsync
Clinica,src/Clinica.Application/Servicos/ProvedorOpcoesArmazenamento.cs,47,VemDoAmbiente
Clinica,src/Clinica.Application/Servicos/PublicacaoDocumentoService.cs,12,ResultadoPublicacao
Clinica,src/Clinica.Application/Servicos/PublicacaoDocumentoService.cs,16,Falhou
Clinica,src/Clinica.Application/Servicos/PublicacaoDocumentoService.cs,19,NaoSeAplica
Clinica,src/Clinica.Application/Servicos/PublicacaoDocumentoService.cs,79,LigadaAsync
Clinica,src/Clinica.Application/Servicos/PublicacaoDocumentoService.cs,88,GarantirTokenAsync
Clinica,src/Clinica.Application/Servicos/PublicacaoDocumentoService.cs,107,PublicarAsync
Clinica,src/Clinica.Application/Servicos/PublicacaoDocumentoService.cs,190,TestarConexaoAsync
Clinica,src/Clinica.Application/Servicos/PublicacaoDocumentoService.cs,243,EnviarExemploAsync
Clinica,src/Clinica.Application/Servicos/PublicacaoDocumentoService.cs,273,PdfDeExemplo
Clinica,src/Clinica.Application/Servicos/PublicacaoDocumentoService.cs,300,RenovarAsync
Clinica,src/Clinica.Application/Servicos/PublicacaoDocumentoService.cs,335,DespublicarAsync
Clinica,src/Clinica.Application/Servicos/PublicacaoDocumentoService.cs,378,ExpirarVencidosAsync
Clinica,src/Clinica.Application/Servicos/RecebiveisService.cs,14,DepositoEsperado
Clinica,src/Clinica.Application/Servicos/RecebiveisService.cs,25,Atrasado
Clinica,src/Clinica.Application/Servicos/RecebiveisService.cs,35,DepositoConfirmado
Clinica,src/Clinica.Application/Servicos/RecebiveisService.cs,51,ResumoRecebiveis
Clinica,src/Clinica.Application/Servicos/RecebiveisService.cs,96,EsperadosAsync
Clinica,src/Clinica.Application/Servicos/RecebiveisService.cs,112,AtrasadosAsync
Clinica,src/Clinica.Application/Servicos/RecebiveisService.cs,117,ResumoAsync
Clinica,src/Clinica.Application/Servicos/RecebiveisService.cs,139,ConfirmarAsync
Clinica,src/Clinica.Application/Servicos/RecebiveisService.cs,151,ConfirmadosAsync
Clinica,src/Clinica.Application/Servicos/RecebiveisService.cs,171,DesfazerConfirmacaoAsync
Clinica,src/Clinica.Application/Servicos/RecebiveisService.cs,175,AlterarConfirmacaoAsync
Clinica,src/Clinica.Application/Servicos/RecebiveisService.cs,219,Adquirente
Clinica,src/Clinica.Application/Servicos/ReceitaGlosadaService.cs,12,ReceitaGlosada
Clinica,src/Clinica.Application/Servicos/ReceitaGlosadaService.cs,59,DiasParaFimRecurso
Clinica,src/Clinica.Application/Servicos/ReceitaGlosadaService.cs,116,PendentesAsync
Clinica,src/Clinica.Application/Servicos/ReceitaGlosadaService.cs,188,CancelarReceitaAsync
Clinica,src/Clinica.Application/Servicos/RelacionamentoService.cs,8,Aniversariante
Clinica,src/Clinica.Application/Servicos/RelacionamentoService.cs,24,HistoricoFaltas
Clinica,src/Clinica.Application/Servicos/RelacionamentoService.cs,97,AniversariantesAsync
Clinica,src/Clinica.Application/Servicos/RelacionamentoService.cs,141,FaltasDoPacienteAsync
Clinica,src/Clinica.Application/Servicos/RelatorioService.cs,19,GerarAsync
Clinica,src/Clinica.Application/Servicos/RelatorioService.cs,89,Resumir
Clinica,src/Clinica.Application/Servicos/RelatorioService.cs,117,ComparativoMensalAsync
Clinica,src/Clinica.Application/Servicos/RelatorioService.cs,137,EnvelhecimentoAsync
Clinica,src/Clinica.Application/Servicos/RentabilidadeConvenioService.cs,17,RentabilidadeConvenio
Clinica,src/Clinica.Application/Servicos/RentabilidadeConvenioService.cs,55,ResumoRentabilidade
Clinica,src/Clinica.Application/Servicos/RentabilidadeConvenioService.cs,104,PorConvenioAsync
Clinica,src/Clinica.Application/Servicos/RentabilidadeConvenioService.cs,178,ResumoAsync
Clinica,src/Clinica.Application/Servicos/RentabilidadeConvenioService.cs,198,CodigoDoConvenio
Clinica,src/Clinica.Application/Servicos/RepasseService.cs,7,RepasseCalculado
Clinica,src/Clinica.Application/Servicos/RepasseService.cs,46,RegrasAsync
Clinica,src/Clinica.Application/Servicos/RepasseService.cs,50,SalvarRegraAsync
Clinica,src/Clinica.Application/Servicos/RepasseService.cs,92,ExcluirRegraAsync
Clinica,src/Clinica.Application/Servicos/RepasseService.cs,105,CalcularAsync
Clinica,src/Clinica.Application/Servicos/RepasseService.cs,173,ApurarAsync
Clinica,src/Clinica.Application/Servicos/RepasseService.cs,240,ApuradosAsync
Clinica,src/Clinica.Application/Servicos/RepasseService.cs,248,CancelarApuracaoAsync
Clinica,src/Clinica.Application/Servicos/RepasseService.cs,287,EscolherRegra
Clinica,src/Clinica.Application/Servicos/RepasseService.cs,296,AtendeAoFiltro
Clinica,src/Clinica.Application/Servicos/RepasseService.cs,304,Limpar
Clinica,src/Clinica.Application/Servicos/ResultadoExameService.cs,24,RegistrarAsync
Clinica,src/Clinica.Application/Servicos/ResultadoExameService.cs,124,CancelarAsync
Clinica,src/Clinica.Application/Servicos/ResultadoExameService.cs,152,DoPacienteAsync
Clinica,src/Clinica.Application/Servicos/ResultadoExameService.cs,157,ConteudoDoLaudoAsync
Clinica,src/Clinica.Application/Servicos/ResultadoExameService.cs,160,Aparar
Clinica,src/Clinica.Application/Servicos/ResultadoMensalService.cs,7,LinhaResultado
Clinica,src/Clinica.Application/Servicos/ResultadoMensalService.cs,19,ResultadoMensal
Clinica,src/Clinica.Application/Servicos/ResultadoMensalService.cs,72,DoMesAsync
Clinica,src/Clinica.Application/Servicos/ResultadoMensalService.cs,104,Agrupar
Clinica,src/Clinica.Application/Servicos/RetencaoPacienteService.cs,7,PacienteSumido
Clinica,src/Clinica.Application/Servicos/RetencaoPacienteService.cs,88,SumidosAsync
Clinica,src/Clinica.Application/Servicos/RetencaoPacienteService.cs,152,PacientesComPacoteAbertoAsync
Clinica,src/Clinica.Application/Servicos/RetornosAMarcarService.cs,26,ListarAsync
Clinica,src/Clinica.Application/Servicos/RodadaPendenciasService.cs,35,GarantirInicioAsync
Clinica,src/Clinica.Application/Servicos/RodadaPendenciasService.cs,42,ObterStatusAsync
Clinica,src/Clinica.Application/Servicos/RodadaPendenciasService.cs,68,GuiasVencidasParaDecisaoAsync
Clinica,src/Clinica.Application/Servicos/RodadaPendenciasService.cs,76,MarcarNaoConformidadeAsync
Clinica,src/Clinica.Application/Servicos/RodadaPendenciasService.cs,94,ReabrirNaoConformidadeAsync
Clinica,src/Clinica.Application/Servicos/RodadaPendenciasService.cs,112,NaoConformidadesAsync
Clinica,src/Clinica.Application/Servicos/TaxaService.cs,10,DeducoesRecebimento
Clinica,src/Clinica.Application/Servicos/TaxaService.cs,71,CatalogoAsync
Clinica,src/Clinica.Application/Servicos/TaxaService.cs,75,SalvarAsync
Clinica,src/Clinica.Application/Servicos/TaxaService.cs,117,ExcluirAsync
Clinica,src/Clinica.Application/Servicos/TaxaService.cs,126,CalcularPagamentoPacienteAsync
Clinica,src/Clinica.Application/Servicos/TaxaService.cs,151,ResolverAsync
Clinica,src/Clinica.Application/Servicos/TaxaService.cs,184,CalcularAsync
Clinica,src/Clinica.Application/Servicos/TaxaService.cs,254,ModalidadeDe
Clinica,src/Clinica.Application/Servicos/TaxaService.cs,266,Arredondar
Clinica,src/Clinica.Application/Servicos/TaxaService.cs,269,Limpar
Clinica,src/Clinica.Application/Servicos/TermoProcedimentoService.cs,48,ExigenciasAsync
Clinica,src/Clinica.Application/Servicos/TermoProcedimentoService.cs,62,ExigirAsync
Clinica,src/Clinica.Application/Servicos/TermoProcedimentoService.cs,163,NormalizarCodigo
Clinica,src/Clinica.Application/Servicos/TermoProcedimentoService.cs,170,AlternarAsync
Clinica,src/Clinica.Application/Servicos/TermoProcedimentoService.cs,200,SituacaoDoDiaAsync
Clinica,src/Clinica.Application/Servicos/TermoProcedimentoService.cs,233,DoDiaAsync
Clinica,src/Clinica.Application/Servicos/TermoProcedimentoService.cs,274,AssinaturasRemotasAguardandoAsync
Clinica,src/Clinica.Application/Servicos/TermoProcedimentoService.cs,298,ModelosDisponiveisAsync
Clinica,src/Clinica.Application/Servicos/TermoProcedimentoService.cs,324,SessoesParaTermoAsync
Clinica,src/Clinica.Application/Servicos/TermoProcedimentoService.cs,382,Resolver
Clinica,src/Clinica.Application/Servicos/TermoProcedimentoService.cs,479,DeclaracoesNegadas
Clinica,src/Clinica.Application/Servicos/TermoProcedimentoService.cs,487,Limpar
Clinica,src/Clinica.Application/Servicos/TermoProcedimentoService.cs,514,SituacaoTermo
Clinica,src/Clinica.Application/Servicos/TermoProcedimentoService.cs,571,Primeira
Clinica,src/Clinica.Application/Servicos/TermoProcedimentoService.cs,593,SessaoParaTermo
Clinica,src/Clinica.Application/Servicos/TextoFormatadoPdf.cs,9,Trechos
Clinica,src/Clinica.Application/Servicos/TextoFormatadoPdf.cs,17,TextoClinico
Clinica,src/Clinica.Application/Servicos/TissExportService.cs,27,ValidarPrestador
Clinica,src/Clinica.Application/Servicos/TissExportService.cs,46,GerarLoteXml
Clinica,src/Clinica.Application/Servicos/TissExportService.cs,69,GerarRecursoGlosaXml
Clinica,src/Clinica.Application/Servicos/TissExportService.cs,96,Cabecalho
Clinica,src/Clinica.Application/Servicos/TissExportService.cs,117,CriarGuia
Clinica,src/Clinica.Application/Servicos/TissExportService.cs,125,CriarGuiaConsulta
Clinica,src/Clinica.Application/Servicos/TissExportService.cs,143,CriarGuiaSpSadt
Clinica,src/Clinica.Application/Servicos/TissExportService.cs,169,DadosBeneficiario
Clinica,src/Clinica.Application/Servicos/TissExportService.cs,182,ContratadoExecutante
Clinica,src/Clinica.Application/Servicos/TissExportService.cs,188,ElementoOpcional
Clinica,src/Clinica.Application/Servicos/TissExportService.cs,192,Finalizar
Clinica,src/Clinica.Application/Servicos/TissExportService.cs,202,CalcularHash
Clinica,src/Clinica.Application/Servicos/TissRetornoImport.cs,10,ResultadoImportacaoRetorno
Clinica,src/Clinica.Application/Servicos/TissRetornoImport.cs,33,Ler
Clinica,src/Clinica.Application/Servicos/TissRetornoImport.cs,131,ExtrairData
Clinica,src/Clinica.Application/Servicos/TissRetornoImport.cs,145,NormalizarMotivo
Clinica,src/Clinica.Application/Servicos/TissRetornoImport.cs,151,Vazio
Clinica,src/Clinica.Application/Servicos/TissValidador.cs,20,Validar
Clinica,src/Clinica.Application/Servicos/TissValidador.cs,102,ValidarComXsd
Clinica,src/Clinica.Application/Servicos/TissValidador.cs,120,ExigirTexto
Clinica,src/Clinica.Application/Servicos/TissValidador.cs,131,CalcularHashSemEpilogo
Clinica,src/Clinica.Application/Servicos/TitularDadosService.cs,11,ResultadoAnonimizacao
Clinica,src/Clinica.Application/Servicos/TitularDadosService.cs,96,ExportarAsync
Clinica,src/Clinica.Application/Servicos/TitularDadosService.cs,421,AnonimizarAsync
Clinica,src/Clinica.Application/Servicos/TitularDadosService.cs,477,Linha
Clinica,src/Clinica.Application/Servicos/TitularDadosService.cs,480,Bloco
Clinica,src/Clinica.Application/Servicos/TitularDadosService.cs,490,EscreverAnamnese
Clinica,src/Clinica.Application/Servicos/TributoService.cs,14,ImpostoApurado
Clinica,src/Clinica.Application/Servicos/TributoService.cs,51,CatalogoAsync
Clinica,src/Clinica.Application/Servicos/TributoService.cs,68,VigentesEmAsync
Clinica,src/Clinica.Application/Servicos/TributoService.cs,92,SalvarAsync
Clinica,src/Clinica.Application/Servicos/TributoService.cs,143,ExcluirAsync
Clinica,src/Clinica.Application/Servicos/TributoService.cs,156,ApurarAsync
Clinica,src/Clinica.Application/Servicos/TributoService.cs,211,AliquotaTotalAsync
Clinica,src/Clinica.Application/Servicos/TributoService.cs,244,ApuracaoMensalAsync
Clinica,src/Clinica.Application/Servicos/TributoService.cs,296,Arredondar
Clinica,src/Clinica.Application/Servicos/TributoService.cs,301,LinhaApuracaoTributo
Clinica,src/Clinica.Application/Servicos/TributoService.cs,318,ApuracaoMensal
Clinica,src/Clinica.Application/Servicos/ValidacaoCadastroPaciente.cs,9,ErroCpf
Clinica,src/Clinica.Application/Servicos/ValidacaoCadastroPaciente.cs,16,ErroEndereco
Clinica,src/Clinica.Application/Servicos/ValidacaoCadastroPaciente.cs,21,Exigir
Clinica,src/Clinica.Application/Tablet/AtendimentoTablet.cs,6,SalvarModeloMapaTablet
Clinica,src/Clinica.Application/Tablet/AtendimentoTablet.cs,7,ResultadoModeloMapaTablet
Clinica,src/Clinica.Application/Tablet/AtendimentoTablet.cs,11,PodeUsarPosto
Clinica,src/Clinica.Application/Tablet/AtendimentoTablet.cs,14,PodeAtender
Clinica,src/Clinica.Application/Tablet/AtendimentoTablet.cs,19,IniciarAvulsoTablet
Clinica,src/Clinica.Application/Tablet/AtendimentoTablet.cs,21,ResultadoAvulsoTablet
Clinica,src/Clinica.Application/Tablet/AtendimentoTablet.cs,22,ChecarInfusaoTablet
Clinica,src/Clinica.Application/Tablet/AtendimentoTablet.cs,25,EncerrarInfusaoTablet
Clinica,src/Clinica.Application/Tablet/AtendimentoTablet.cs,26,CancelarInfusaoTablet
Clinica,src/Clinica.Application/Tablet/AtendimentoTablet.cs,27,DevolverInfusaoTablet
Clinica,src/Clinica.Application/Tablet/AtendimentoTablet.cs,28,CorrigirHorariosInfusaoTablet
Clinica,src/Clinica.Application/Tablet/AtendimentoTablet.cs,30,ResultadoEnfermagemTablet
Clinica,src/Clinica.Application/Tablet/AtendimentoTablet.cs,33,ConflitoClinicoTablet
Clinica,src/Clinica.Application/Tablet/AtendimentoTablet.cs,35,PontoClinicoTablet
Clinica,src/Clinica.Application/Tablet/AtendimentoTablet.cs,37,MapaClinicoTablet
Clinica,src/Clinica.Application/Tablet/AtendimentoTablet.cs,38,EvolucaoClinicaTablet
Clinica,src/Clinica.Application/Tablet/AtendimentoTablet.cs,42,SalvarAtendimentoTablet
Clinica,src/Clinica.Application/Tablet/AtendimentoTablet.cs,45,MaterialProcedimentoTablet
Clinica,src/Clinica.Application/Tablet/AtendimentoTablet.cs,47,MateriaisProcedimentoTablet
Clinica,src/Clinica.Application/Tablet/AtendimentoTablet.cs,49,RegistrarMateriaisTablet
Clinica,src/Clinica.Application/Tablet/AtendimentoTablet.cs,50,ResultadoMateriaisTablet
Clinica,src/Clinica.Application/Tablet/AtendimentoTablet.cs,51,EmitirDocumentoTablet
Clinica,src/Clinica.Application/Tablet/AtendimentoTablet.cs,58,ResultadoGravacaoTablet
Clinica,src/Clinica.Application/Tablet/AtendimentoTablet.cs,59,ResultadoDocumentoTablet
Clinica,src/Clinica.Application/Tablet/ContratoTablet.cs,9,ItemTablet
Clinica,src/Clinica.Application/Tablet/ContratoTablet.cs,10,DocumentoTablet
Clinica,src/Clinica.Application/Tablet/ContratoTablet.cs,13,PrepararTablet
Clinica,src/Clinica.Application/Tablet/ContratoTablet.cs,15,EnviarRubrica
Clinica,src/Clinica.Application/Tablet/ContratoTablet.cs,17,RespostasTablet
Clinica,src/Clinica.Application/Tablet/ContratoTablet.cs,18,SituacaoTermoTablet
Clinica,src/Clinica.Application/Tablet/ContratoTablet.cs,25,Hash
Clinica,src/Clinica.Application/Tablet/ContratoTablet.cs,26,Hash
Clinica,src/Clinica.Application/Tablet/ContratoTablet.cs,27,Fotografar
Clinica,src/Clinica.Application/Tablet/ContratoTablet.cs,32,ValidarRespostas
Clinica,src/Clinica.Application/Tablet/ErroFormularioTablet.cs,12,Criar
Clinica,src/Clinica.Application/Tablet/ErroFormularioTablet.cs,19,EhPublico
Clinica,src/Clinica.Application/Tablet/FichaTablet.cs,6,AnamneseTablet
Clinica,src/Clinica.Application/Tablet/FichaTablet.cs,9,MedidaTablet
Clinica,src/Clinica.Application/Tablet/FichaTablet.cs,11,ProblemaTablet
Clinica,src/Clinica.Application/Tablet/FichaTablet.cs,13,SituacaoProblemaTablet
Clinica,src/Clinica.Application/Tablet/FichaTablet.cs,15,CancelarRegistroTablet
Clinica,src/Clinica.Application/Tablet/FichaTablet.cs,16,AnexoTablet
Clinica,src/Clinica.Application/Tablet/FichaTablet.cs,18,ResultadoFichaTablet
Clinica,src/Clinica.Application/Tablet/FichaTablet.cs,19,ResultadoExameTablet
Clinica,src/Clinica.Application/Tablet/FichaTablet.cs,21,RegistroEnfermagemTablet
Clinica,src/Clinica.Application/Tablet/FichaTablet.cs,24,VinculoEnfermagemTablet
Clinica,src/Clinica.Application/Tablet/FichaTablet.cs,25,ObservacaoEnfermagemTablet
Clinica,src/Clinica.Application/Tablet/FichaTablet.cs,28,ObservacoesEnfermagemTablet
Clinica,src/Clinica.Application/Tablet/FichaTablet.cs,30,ReservarEdicaoEnfermagemTablet
Clinica,src/Clinica.Application/Tablet/FichaTablet.cs,31,ResultadoObservacoesEnfermagemTablet
Clinica,src/Clinica.Application/Tablet/FichaTablet.cs,32,SalvarModeloEnfermagemTablet
Clinica,src/Clinica.Application/Tablet/FichaTablet.cs,33,ModeloEnfermagemTablet
Clinica,src/Clinica.Application/Tablet/FichaTablet.cs,34,SalvarModeloEvolucaoTablet
Clinica,src/Clinica.Application/Tablet/FichaTablet.cs,38,ModeloEvolucaoTablet
Clinica,src/Clinica.Application/Tablet/FichaTablet.cs,42,InfusaoExternaTablet
Clinica,src/Clinica.Application/Tablet/FichaTablet.cs,43,NovoModeloDocumentoTablet
Clinica,src/Clinica.Application/Tablet/FichaTablet.cs,45,RascunhoTablet
Clinica,src/Clinica.Application/Tablet/FichaTablet.cs,50,ItemInfusaoTablet
Clinica,src/Clinica.Application/Tablet/TracoTablet.cs,83,Paeth
Clinica,src/Clinica.Application/Tablet/TracoTablet.cs,85,Crc
Clinica,src/Clinica.Assinaturas.Api/ConclusaoAutomaticaWorker.cs,3,ConclusaoAutomaticaWorker
Clinica,src/Clinica.Assinaturas.Api/ConclusaoAutomaticaWorker.cs,5,ExecuteAsync
Clinica,src/Clinica.Assinaturas.Api/DemoTablet.cs,11,PrepararAsync
Clinica,src/Clinica.Assinaturas.Api/EnderecoPrescricaoTabletService.cs,12,EnderecoPrescricaoTabletService
Clinica,src/Clinica.Assinaturas.Api/EnderecoPrescricaoTabletService.cs,24,ConferirAsync
Clinica,src/Clinica.Assinaturas.Api/EnderecoPrescricaoTabletService.cs,30,CompletarAsync
Clinica,src/Clinica.Assinaturas.Api/FalhaPersistenciaTablet.cs,8,Codigo
Clinica,src/Clinica.Assinaturas.Api/FalhaPersistenciaTablet.cs,9,Conflito
Clinica,src/Clinica.Assinaturas.Api/FalhaPersistenciaTablet.cs,10,Status
Clinica,src/Clinica.Assinaturas.Api/FalhaPersistenciaTablet.cs,11,Mensagem
Clinica,src/Clinica.Assinaturas.Api/FalhaSafeIdTablet.cs,8,FalhaSafeIdTablet
Clinica,src/Clinica.Assinaturas.Api/FalhaSafeIdTablet.cs,10,Classificar
Clinica,src/Clinica.Assinaturas.Api/FinalizadorTablet.cs,7,FinalizadorTablet
Clinica,src/Clinica.Assinaturas.Api/FinalizadorTablet.cs,9,ExecuteAsync
Clinica,src/Clinica.Assinaturas.Api/FinalizadorTablet.cs,19,RodarAsync
Clinica,src/Clinica.Assinaturas.Api/OrigemRateLimitTablet.cs,8,Obter
Clinica,src/Clinica.Assinaturas.Api/Program.cs,322,Entrada
Clinica,src/Clinica.Assinaturas.Api/Program.cs,323,Encerrar
Clinica,src/Clinica.Assinaturas.Api/RotasAtendimentoTablet.cs,15,Mapear
Clinica,src/Clinica.Assinaturas.Api/RotasAtendimentoTablet.cs,102,PedidoSafeIdTablet
Clinica,src/Clinica.Assinaturas.Api/RotasAtendimentoTablet.cs,103,EnderecoPrescricaoTablet
Clinica,src/Clinica.Assinaturas.Api/RotasPostoTablet.cs,10,Mapear
Clinica,src/Clinica.Assinaturas.Api/RotasPostoTablet.cs,103,BuscaPacienteTablet
Clinica,src/Clinica.Assinaturas.Api/SafeIdTabletService.cs,15,SafeIdTabletService
Clinica,src/Clinica.Assinaturas.Api/SafeIdTabletService.cs,33,Conferir
Clinica,src/Clinica.Assinaturas.Api/SafeIdTabletService.cs,67,Cadastro
Clinica,src/Clinica.Assinaturas.Api/SafeIdTabletService.cs,71,IniciarAsync
Clinica,src/Clinica.Assinaturas.Api/SafeIdTabletService.cs,86,ConcluirAsync
Clinica,src/Clinica.Clinico/App.xaml.cs,27,OnStartup
Clinica,src/Clinica.Clinico/App.xaml.cs,33,OnExit
Clinica,src/Clinica.Clinico/Program.cs,12,Main
Clinica,src/Clinica.Desktop.Shell/Atualizacao/FonteAtualizacaoGithub.cs,13,GetReleases
Clinica,src/Clinica.Desktop.Shell/Componentes/AcoesDoDocumento.cs,122,De
Clinica,src/Clinica.Desktop.Shell/Componentes/AcoesDoDocumento.cs,150,ResultadoAcaoDocumento
Clinica,src/Clinica.Desktop.Shell/Componentes/AcoesDoDocumento.cs,155,Erro
Clinica,src/Clinica.Desktop.Shell/Componentes/AcoesDoDocumento.cs,201,ImprimirAsync
Clinica,src/Clinica.Desktop.Shell/Componentes/AcoesDoDocumento.cs,254,AssinarAsync
Clinica,src/Clinica.Desktop.Shell/Componentes/AcoesDoDocumento.cs,317,EnviarAsync
Clinica,src/Clinica.Desktop.Shell/Componentes/AcoesDoDocumento.cs,373,RenovarLinkAsync
Clinica,src/Clinica.Desktop.Shell/Componentes/AcoesDoDocumento.cs,418,TirarDoArAsync
Clinica,src/Clinica.Desktop.Shell/Componentes/AcoesDoDocumento.cs,471,CancelarAsync
Clinica,src/Clinica.Desktop.Shell/Componentes/ArquivosDaFicha.cs,24,AbrirAsync
Clinica,src/Clinica.Desktop.Shell/Componentes/ArquivosDaFicha.cs,57,CancelarAsync
Clinica,src/Clinica.Desktop.Shell/Componentes/AssinaturaPacienteViewModel.cs,239,EnviarPeloCelularAsync
Clinica,src/Clinica.Desktop.Shell/Componentes/AssinaturaPacienteViewModel.cs,281,CancelarEnvioCelularAsync
Clinica,src/Clinica.Desktop.Shell/Componentes/AssinaturaPacienteViewModel.cs,313,IniciarVigia
Clinica,src/Clinica.Desktop.Shell/Componentes/AssinaturaPacienteViewModel.cs,322,PararVigia
Clinica,src/Clinica.Desktop.Shell/Componentes/AssinaturaPacienteViewModel.cs,328,VigiarAsync
Clinica,src/Clinica.Desktop.Shell/Componentes/AssinaturaPacienteViewModel.cs,365,AplicarRespostaRemota
Clinica,src/Clinica.Desktop.Shell/Componentes/AssinaturaPacienteViewModel.cs,426,AvisarAlergiasMudaram
Clinica,src/Clinica.Desktop.Shell/Componentes/AssinaturaPacienteViewModel.cs,435,FormatarAlergia
Clinica,src/Clinica.Desktop.Shell/Componentes/AssinaturaPacienteViewModel.cs,442,CarregarAlergiasAsync
Clinica,src/Clinica.Desktop.Shell/Componentes/AssinaturaPacienteViewModel.cs,471,RegistrarAlergiaAsync
Clinica,src/Clinica.Desktop.Shell/Componentes/AssinaturaPacienteViewModel.cs,529,CarregarAsync
Clinica,src/Clinica.Desktop.Shell/Componentes/AssinaturaPacienteViewModel.cs,649,AoMudarDeclaracao
Clinica,src/Clinica.Desktop.Shell/Componentes/AssinaturaPacienteViewModel.cs,665,ResolverTelaDoPacienteAsync
Clinica,src/Clinica.Desktop.Shell/Componentes/AssinaturaPacienteViewModel.cs,685,ConfirmarAsync
Clinica,src/Clinica.Desktop.Shell/Componentes/AssinaturaPacienteViewModel.cs,765,RecusarAsync
Clinica,src/Clinica.Desktop.Shell/Componentes/AssinaturaPacienteViewModel.cs,813,ConfirmarTodas
Clinica,src/Clinica.Desktop.Shell/Componentes/AssinaturaPacienteWindow.xaml.cs,77,AoCarregarTermo
Clinica,src/Clinica.Desktop.Shell/Componentes/AssinaturaPacienteWindow.xaml.cs,138,AoResponderDeclaracao
Clinica,src/Clinica.Desktop.Shell/Componentes/AssinaturaPacienteWindow.xaml.cs,147,AoMudarTracoDoPaciente
Clinica,src/Clinica.Desktop.Shell/Componentes/AssinaturaPacienteWindow.xaml.cs,149,FecharPainelDoPaciente
Clinica,src/Clinica.Desktop.Shell/Componentes/AssinaturaPacienteWindow.xaml.cs,162,AoFechar
Clinica,src/Clinica.Desktop.Shell/Componentes/AssinaturaPacienteWindow.xaml.cs,168,AoDesenhar
Clinica,src/Clinica.Desktop.Shell/Componentes/AssinaturaPacienteWindow.xaml.cs,180,AtualizarAreaLocal
Clinica,src/Clinica.Desktop.Shell/Componentes/AssinaturaPacienteWindow.xaml.cs,184,AoMudarPropriedadeDoVm
Clinica,src/Clinica.Desktop.Shell/Componentes/AssinaturaPacienteWindow.xaml.cs,190,AoLimparTraco
Clinica,src/Clinica.Desktop.Shell/Componentes/AssinaturaPacienteWindow.xaml.cs,204,AoConfirmar
Clinica,src/Clinica.Desktop.Shell/Componentes/AssinaturaPacienteWindow.xaml.cs,247,ExportarPng
Clinica,src/Clinica.Desktop.Shell/Componentes/AssinaturaPacienteWindow.xaml.cs,270,DataContextComoPainel
Clinica,src/Clinica.Desktop.Shell/Componentes/Busca.cs,24,Casa
Clinica,src/Clinica.Desktop.Shell/Componentes/Busca.cs,33,Simplificar
Clinica,src/Clinica.Desktop.Shell/Componentes/BuscaCidViewModel.cs,49,Filtrar
Clinica,src/Clinica.Desktop.Shell/Componentes/BuscaCidViewModel.cs,71,Limpar
Clinica,src/Clinica.Desktop.Shell/Componentes/BuscaCidViewModel.cs,74,Escolher
Clinica,src/Clinica.Desktop.Shell/Componentes/BuscaCidWindow.xaml.cs,40,Perguntar
Clinica,src/Clinica.Desktop.Shell/Componentes/BuscaCidWindow.xaml.cs,50,AoEscolher
Clinica,src/Clinica.Desktop.Shell/Componentes/BuscaDePacienteView.xaml.cs,92,Focar
Clinica,src/Clinica.Desktop.Shell/Componentes/BuscaDePacienteView.xaml.cs,106,AoTeclarNaBusca
Clinica,src/Clinica.Desktop.Shell/Componentes/Cadastro/CadastroPacienteViewModel.cs,32,AtualizarCategoriaAutomatica
Clinica,src/Clinica.Desktop.Shell/Componentes/Cadastro/CadastroPacienteViewModel.cs,160,CarregarAsync
Clinica,src/Clinica.Desktop.Shell/Componentes/Cadastro/CadastroPacienteViewModel.cs,230,CapturarFoto
Clinica,src/Clinica.Desktop.Shell/Componentes/Cadastro/CadastroPacienteViewModel.cs,260,RemoverFoto
Clinica,src/Clinica.Desktop.Shell/Componentes/Cadastro/CadastroPacienteViewModel.cs,272,SalvarAsync
Clinica,src/Clinica.Desktop.Shell/Componentes/Cadastro/CadastroPacienteViewModel.cs,373,GravarFotoAsync
Clinica,src/Clinica.Desktop.Shell/Componentes/Cadastro/CadastroPacienteViewModel.cs,390,Limpar
Clinica,src/Clinica.Desktop.Shell/Componentes/Cadastro/CadastroPacienteViewModel.cs,393,Erro
Clinica,src/Clinica.Desktop.Shell/Componentes/CameraServico.cs,10,DispositivoCamera
Clinica,src/Clinica.Desktop.Shell/Componentes/CameraServico.cs,12,ToString
Clinica,src/Clinica.Desktop.Shell/Componentes/CameraServico.cs,41,Listar
Clinica,src/Clinica.Desktop.Shell/Componentes/CameraServico.cs,58,Iniciar
Clinica,src/Clinica.Desktop.Shell/Componentes/CameraServico.cs,92,Parar
Clinica,src/Clinica.Desktop.Shell/Componentes/CameraServico.cs,122,UltimoQuadro
Clinica,src/Clinica.Desktop.Shell/Componentes/CameraServico.cs,127,AoReceberQuadro
Clinica,src/Clinica.Desktop.Shell/Componentes/CameraServico.cs,146,AoFalhar
Clinica,src/Clinica.Desktop.Shell/Componentes/CameraServico.cs,149,Dispose
Clinica,src/Clinica.Desktop.Shell/Componentes/CatalogoEnfermagemWindow.xaml.cs,30,Abrir
Clinica,src/Clinica.Desktop.Shell/Componentes/CatalogoEnfermagemWindow.xaml.cs,42,Fechar
Clinica,src/Clinica.Desktop.Shell/Componentes/CobrancaDoPacienteViewModel.cs,101,CarregarAsync
Clinica,src/Clinica.Desktop.Shell/Componentes/CobrancaDoPacienteViewModel.cs,153,ReceberAsync
Clinica,src/Clinica.Desktop.Shell/Componentes/CobrancaDoPacienteViewModel.cs,194,Cobrar
Clinica,src/Clinica.Desktop.Shell/Componentes/CobrancaDoPacienteViewModel.cs,206,Erro
Clinica,src/Clinica.Desktop.Shell/Componentes/ColetaDeTermo.cs,39,AbrirAsync
Clinica,src/Clinica.Desktop.Shell/Componentes/ColetaDeTermo.cs,167,Descrever
Clinica,src/Clinica.Desktop.Shell/Componentes/ColetaDeTermo.cs,170,NomeDoModeloAsync
Clinica,src/Clinica.Desktop.Shell/Componentes/ColetaDeTermo.cs,202,AbrirConsentimentoLgpd
Clinica,src/Clinica.Desktop.Shell/Componentes/ColetaDeTermo.cs,234,Dono
Clinica,src/Clinica.Desktop.Shell/Componentes/ConsultaDeEnfermagemView.xaml.cs,24,AoClicarNaConsulta
Clinica,src/Clinica.Desktop.Shell/Componentes/ConsultaDeEnfermagemView.xaml.cs,32,AbrirConsulta
Clinica,src/Clinica.Desktop.Shell/Componentes/ConsultaDeEnfermagemWindow.xaml.cs,29,Abrir
Clinica,src/Clinica.Desktop.Shell/Componentes/ConsultaDeEnfermagemWindow.xaml.cs,36,Fechar
Clinica,src/Clinica.Desktop.Shell/Componentes/ConsumosPacoteViewModel.cs,73,CarregarAsync
Clinica,src/Clinica.Desktop.Shell/Componentes/ConsumosPacoteViewModel.cs,131,DescreverOrigem
Clinica,src/Clinica.Desktop.Shell/Componentes/ConsumosPacoteViewModel.cs,143,DevolverAsync
Clinica,src/Clinica.Desktop.Shell/Componentes/ConsumosPacoteViewModel.cs,174,Erro
Clinica,src/Clinica.Desktop.Shell/Componentes/DadosClinicaViewModel.cs,8,DadosClinicaViewModel
Clinica,src/Clinica.Desktop.Shell/Componentes/DadosClinicaViewModel.cs,26,CarregarAsync
Clinica,src/Clinica.Desktop.Shell/Componentes/DadosClinicaViewModel.cs,50,SalvarAsync
Clinica,src/Clinica.Desktop.Shell/Componentes/DocumentoEdicaoViewModel.cs,144,ConferirLegalmenteAsync
Clinica,src/Clinica.Desktop.Shell/Componentes/DocumentoEdicaoViewModel.cs,207,PodeEmitir
Clinica,src/Clinica.Desktop.Shell/Componentes/DocumentoEdicaoViewModel.cs,217,ConferirClinicamenteAsync
Clinica,src/Clinica.Desktop.Shell/Componentes/DocumentoEdicaoViewModel.cs,365,AplicarHeranca
Clinica,src/Clinica.Desktop.Shell/Componentes/DocumentoEdicaoViewModel.cs,491,ReconferirPublicacaoAsync
Clinica,src/Clinica.Desktop.Shell/Componentes/DocumentoEdicaoViewModel.cs,516,BuscarCid
Clinica,src/Clinica.Desktop.Shell/Componentes/DocumentoEdicaoViewModel.cs,535,CarregarAsync
Clinica,src/Clinica.Desktop.Shell/Componentes/DocumentoEdicaoViewModel.cs,590,ConferirPublicacaoAsync
Clinica,src/Clinica.Desktop.Shell/Componentes/DocumentoEdicaoViewModel.cs,620,CarregarModelosAsync
Clinica,src/Clinica.Desktop.Shell/Componentes/DocumentoEdicaoViewModel.cs,652,AdicionarItem
Clinica,src/Clinica.Desktop.Shell/Componentes/DocumentoEdicaoViewModel.cs,655,RemoverItem
Clinica,src/Clinica.Desktop.Shell/Componentes/DocumentoEdicaoViewModel.cs,665,AtualizarModeloAsync
Clinica,src/Clinica.Desktop.Shell/Componentes/DocumentoEdicaoViewModel.cs,673,AplicarModelo
Clinica,src/Clinica.Desktop.Shell/Componentes/DocumentoEdicaoViewModel.cs,705,AcrescentarSugestao
Clinica,src/Clinica.Desktop.Shell/Componentes/DocumentoEdicaoViewModel.cs,717,SalvarComoModeloAsync
Clinica,src/Clinica.Desktop.Shell/Componentes/DocumentoEdicaoViewModel.cs,719,GuardarModeloAsync
Clinica,src/Clinica.Desktop.Shell/Componentes/DocumentoEdicaoViewModel.cs,778,ExcluirModeloAsync
Clinica,src/Clinica.Desktop.Shell/Componentes/DocumentoEdicaoViewModel.cs,814,EmitirAsync
Clinica,src/Clinica.Desktop.Shell/Componentes/DocumentoEdicaoViewModel.cs,914,CompletarEnderecoDaReceitaAsync
Clinica,src/Clinica.Desktop.Shell/Componentes/DocumentoEdicaoViewModel.cs,950,AssinarAsync
Clinica,src/Clinica.Desktop.Shell/Componentes/DocumentoEdicaoViewModel.cs,992,DocumentoParaConferencia
Clinica,src/Clinica.Desktop.Shell/Componentes/DocumentoEdicaoViewModel.cs,1017,MontarDocumento
Clinica,src/Clinica.Desktop.Shell/Componentes/DocumentoEdicaoViewModel.cs,1077,LerHora
Clinica,src/Clinica.Desktop.Shell/Componentes/DocumentoEdicaoViewModel.cs,1084,Informar
Clinica,src/Clinica.Desktop.Shell/Componentes/DocumentoEdicaoViewModel.cs,1090,Erro
Clinica,src/Clinica.Desktop.Shell/Componentes/EnfermagemViewModel.cs,220,AbrirRegistroAsync
Clinica,src/Clinica.Desktop.Shell/Componentes/EnfermagemViewModel.cs,289,CarregarAsync
Clinica,src/Clinica.Desktop.Shell/Componentes/EnfermagemViewModel.cs,297,CarregarListaAsync
Clinica,src/Clinica.Desktop.Shell/Componentes/EnfermagemViewModel.cs,365,AplicarBusca
Clinica,src/Clinica.Desktop.Shell/Componentes/EnfermagemViewModel.cs,397,TodosAsync
Clinica,src/Clinica.Desktop.Shell/Componentes/EnfermagemViewModel.cs,404,HojeAsync
Clinica,src/Clinica.Desktop.Shell/Componentes/EnfermagemViewModel.cs,437,AtenderAsync
Clinica,src/Clinica.Desktop.Shell/Componentes/EnfermagemViewModel.cs,485,AbrirAsync
Clinica,src/Clinica.Desktop.Shell/Componentes/EnfermagemViewModel.cs,513,LigarPassagem
Clinica,src/Clinica.Desktop.Shell/Componentes/EnfermagemViewModel.cs,532,DesligarPassagem
Clinica,src/Clinica.Desktop.Shell/Componentes/EnfermagemViewModel.cs,540,AoMudarPassagem
Clinica,src/Clinica.Desktop.Shell/Componentes/EnfermagemViewModel.cs,551,AoGravarPassagem
Clinica,src/Clinica.Desktop.Shell/Componentes/EnfermagemViewModel.cs,554,Voltar
Clinica,src/Clinica.Desktop.Shell/Componentes/EnfermagemViewModel.cs,587,ColherTermoAsync
Clinica,src/Clinica.Desktop.Shell/Componentes/EnfermagemViewModel.cs,620,AbrirFolhaAsync
Clinica,src/Clinica.Desktop.Shell/Componentes/EnfermagemViewModel.cs,678,AoEntrarEmCena
Clinica,src/Clinica.Desktop.Shell/Componentes/EnfermagemViewModel.cs,685,AoSairDeCena
Clinica,src/Clinica.Desktop.Shell/Componentes/EnfermagemViewModel.cs,696,AtualizarCronometro
Clinica,src/Clinica.Desktop.Shell/Componentes/EnfermagemViewModel.cs,702,RecarregarAsync
Clinica,src/Clinica.Desktop.Shell/Componentes/EnfermagemViewModel.cs,796,ImprimirFichaAsync
Clinica,src/Clinica.Desktop.Shell/Componentes/EnfermagemViewModel.cs,816,CarregarContextoAsync
Clinica,src/Clinica.Desktop.Shell/Componentes/EnfermagemViewModel.cs,909,MontarContextoBasico
Clinica,src/Clinica.Desktop.Shell/Componentes/EntregaAoPaciente.cs,13,ResultadoEntrega
Clinica,src/Clinica.Desktop.Shell/Componentes/EntregaAoPaciente.cs,53,Entregar
Clinica,src/Clinica.Desktop.Shell/Componentes/EntregaAoPaciente.cs,105,Mensagem
Clinica,src/Clinica.Desktop.Shell/Componentes/EntregaAoPaciente.cs,130,CopiarParaAreaDeTransferencia
Clinica,src/Clinica.Desktop.Shell/Componentes/EscolhaDeConvenioViewModel.cs,14,LinhaConvenio
Clinica,src/Clinica.Desktop.Shell/Componentes/EscolhaDeConvenioViewModel.cs,119,CarregarAsync
Clinica,src/Clinica.Desktop.Shell/Componentes/EscolhaDeConvenioViewModel.cs,172,Vincular
Clinica,src/Clinica.Desktop.Shell/Componentes/EscolhaDeConvenioWindow.xaml.cs,24,AoVincular
Clinica,src/Clinica.Desktop.Shell/Componentes/EscolherCertificadoViewModel.cs,38,De
Clinica,src/Clinica.Desktop.Shell/Componentes/EscolherCertificadoViewModel.cs,127,VerificarNuvemAsync
Clinica,src/Clinica.Desktop.Shell/Componentes/EscolherCertificadoViewModel.cs,153,BuscarNaNuvemAsync
Clinica,src/Clinica.Desktop.Shell/Componentes/EscolherCertificadoViewModel.cs,243,AbrirNoNavegador
Clinica,src/Clinica.Desktop.Shell/Componentes/EscolherCertificadoViewModel.cs,247,Carregar
Clinica,src/Clinica.Desktop.Shell/Componentes/EscolherCertificadoViewModel.cs,280,Atualizar
Clinica,src/Clinica.Desktop.Shell/Componentes/EscolherCertificadoViewModel.cs,290,Confirmar
Clinica,src/Clinica.Desktop.Shell/Componentes/EscolherCertificadoWindow.xaml.cs,47,Perguntar
Clinica,src/Clinica.Desktop.Shell/Componentes/EscolherPacienteWindow.xaml.cs,41,Escolher_Click
Clinica,src/Clinica.Desktop.Shell/Componentes/EscolherPacienteWindow.xaml.cs,43,Lista_MouseDoubleClick
Clinica,src/Clinica.Desktop.Shell/Componentes/EscolherPacienteWindow.xaml.cs,45,Concluir
Clinica,src/Clinica.Desktop.Shell/Componentes/EscolherPacienteWindow.xaml.cs,53,Perguntar
Clinica,src/Clinica.Desktop.Shell/Componentes/EscolherSessaoDoTermoViewModel.cs,74,Confirmar
Clinica,src/Clinica.Desktop.Shell/Componentes/EscolherSessaoDoTermoViewModel.cs,82,OpcaoSessaoTermo
Clinica,src/Clinica.Desktop.Shell/Componentes/EscolherSessaoDoTermoWindow.xaml.cs,24,AoEscolher
Clinica,src/Clinica.Desktop.Shell/Componentes/EscolherSessaoEnfermagemWindow.xaml.cs,8,Opcao
Clinica,src/Clinica.Desktop.Shell/Componentes/EscolherSessaoEnfermagemWindow.xaml.cs,21,Confirmar
Clinica,src/Clinica.Desktop.Shell/Componentes/EscolherTermoViewModel.cs,56,CarregarAsync
Clinica,src/Clinica.Desktop.Shell/Componentes/EscolherTermoViewModel.cs,89,Escolher
Clinica,src/Clinica.Desktop.Shell/Componentes/EscolherTermoWindow.xaml.cs,24,AoEscolher
Clinica,src/Clinica.Desktop.Shell/Componentes/EscreverSessaoViewModel.cs,119,CarregarAsync
Clinica,src/Clinica.Desktop.Shell/Componentes/EscreverSessaoViewModel.cs,189,DepoisDeSalvarAsync
Clinica,src/Clinica.Desktop.Shell/Componentes/EscreverSessaoViewModel.cs,198,RecarregarAnexosAsync
Clinica,src/Clinica.Desktop.Shell/Componentes/EscreverSessaoViewModel.cs,215,AnexarAsync
Clinica,src/Clinica.Desktop.Shell/Componentes/EscreverSessaoViewModel.cs,272,BaixarAnexoAsync
Clinica,src/Clinica.Desktop.Shell/Componentes/EscreverSessaoViewModel.cs,317,RemoverAnexoAsync
Clinica,src/Clinica.Desktop.Shell/Componentes/EscreverSessaoWindow.xaml.cs,33,Abrir
Clinica,src/Clinica.Desktop.Shell/Componentes/EscreverSessaoWindow.xaml.cs,45,Fechar
Clinica,src/Clinica.Desktop.Shell/Componentes/EvolucaoEnfermagemViewModel.cs,40,Colher
Clinica,src/Clinica.Desktop.Shell/Componentes/EvolucaoEnfermagemViewModel.cs,50,Do
Clinica,src/Clinica.Desktop.Shell/Componentes/EvolucaoEnfermagemViewModel.cs,85,Colher
Clinica,src/Clinica.Desktop.Shell/Componentes/EvolucaoEnfermagemViewModel.cs,93,Do
Clinica,src/Clinica.Desktop.Shell/Componentes/EvolucaoEnfermagemViewModel.cs,153,De
Clinica,src/Clinica.Desktop.Shell/Componentes/EvolucaoEnfermagemViewModel.cs,272,Recarregar
Clinica,src/Clinica.Desktop.Shell/Componentes/EvolucaoEnfermagemViewModel.cs,294,Adicionar
Clinica,src/Clinica.Desktop.Shell/Componentes/EvolucaoEnfermagemViewModel.cs,314,AtualizarResumo
Clinica,src/Clinica.Desktop.Shell/Componentes/EvolucaoEnfermagemViewModel.cs,369,VerificarModalidadeAsync
Clinica,src/Clinica.Desktop.Shell/Componentes/EvolucaoEnfermagemViewModel.cs,410,FixarHorario
Clinica,src/Clinica.Desktop.Shell/Componentes/EvolucaoEnfermagemViewModel.cs,424,DescreverContexto
Clinica,src/Clinica.Desktop.Shell/Componentes/EvolucaoEnfermagemViewModel.cs,611,DefinirConsultaCompleta
Clinica,src/Clinica.Desktop.Shell/Componentes/EvolucaoEnfermagemViewModel.cs,669,AdicionarDiagnostico
Clinica,src/Clinica.Desktop.Shell/Componentes/EvolucaoEnfermagemViewModel.cs,685,NovoDiagnostico
Clinica,src/Clinica.Desktop.Shell/Componentes/EvolucaoEnfermagemViewModel.cs,692,RemoverDiagnostico
Clinica,src/Clinica.Desktop.Shell/Componentes/EvolucaoEnfermagemViewModel.cs,700,AdicionarCuidado
Clinica,src/Clinica.Desktop.Shell/Componentes/EvolucaoEnfermagemViewModel.cs,710,NovoCuidado
Clinica,src/Clinica.Desktop.Shell/Componentes/EvolucaoEnfermagemViewModel.cs,717,RemoverCuidado
Clinica,src/Clinica.Desktop.Shell/Componentes/EvolucaoEnfermagemViewModel.cs,824,CarregarAsync
Clinica,src/Clinica.Desktop.Shell/Componentes/EvolucaoEnfermagemViewModel.cs,887,RegistrarAsync
Clinica,src/Clinica.Desktop.Shell/Componentes/EvolucaoEnfermagemViewModel.cs,966,VincularSessaoAsync
Clinica,src/Clinica.Desktop.Shell/Componentes/EvolucaoEnfermagemViewModel.cs,999,CorrigirAsync
Clinica,src/Clinica.Desktop.Shell/Componentes/EvolucaoEnfermagemViewModel.cs,1092,Texto2
Clinica,src/Clinica.Desktop.Shell/Componentes/EvolucaoEnfermagemViewModel.cs,1095,CancelarCorrecao
Clinica,src/Clinica.Desktop.Shell/Componentes/EvolucaoEnfermagemViewModel.cs,1106,CancelarRegistroAsync
Clinica,src/Clinica.Desktop.Shell/Componentes/EvolucaoEnfermagemViewModel.cs,1149,ColherProcesso
Clinica,src/Clinica.Desktop.Shell/Componentes/EvolucaoEnfermagemViewModel.cs,1163,LimparCompositor
Clinica,src/Clinica.Desktop.Shell/Componentes/EvolucaoEnfermagemViewModel.cs,1192,LerSinaisVitais
Clinica,src/Clinica.Desktop.Shell/Componentes/EvolucaoEnfermagemViewModel.cs,1208,LerAcesso
Clinica,src/Clinica.Desktop.Shell/Componentes/EvolucaoEnfermagemViewModel.cs,1218,Inteiro
Clinica,src/Clinica.Desktop.Shell/Componentes/EvolucaoEnfermagemViewModel.cs,1226,Decimal
Clinica,src/Clinica.Desktop.Shell/Componentes/EvolucaoEnfermagemViewModel.cs,1238,Executante
Clinica,src/Clinica.Desktop.Shell/Componentes/EvolucaoEnfermagemWindow.xaml.cs,34,Abrir
Clinica,src/Clinica.Desktop.Shell/Componentes/ExportacaoCsv.cs,20,Montar
Clinica,src/Clinica.Desktop.Shell/Componentes/ExportacaoCsv.cs,36,Escapar
Clinica,src/Clinica.Desktop.Shell/Componentes/FichaDoAtendimento.cs,9,ResultadoFicha
Clinica,src/Clinica.Desktop.Shell/Componentes/FichaDoAtendimento.cs,62,EmitirAsync
Clinica,src/Clinica.Desktop.Shell/Componentes/FolhaDaSessaoViewModel.cs,95,ModalidadeDaSessaoAsync
Clinica,src/Clinica.Desktop.Shell/Componentes/FolhaDaSessaoViewModel.cs,102,DepoisDeSalvarAsync
Clinica,src/Clinica.Desktop.Shell/Componentes/FolhaDaSessaoViewModel.cs,105,AoMudarPresencaDePaciente
Clinica,src/Clinica.Desktop.Shell/Componentes/FolhaDaSessaoViewModel.cs,209,BuscarCid
Clinica,src/Clinica.Desktop.Shell/Componentes/FolhaDaSessaoViewModel.cs,326,AbrirDetalhe
Clinica,src/Clinica.Desktop.Shell/Componentes/FolhaDaSessaoViewModel.cs,354,OnPropertyChanged
Clinica,src/Clinica.Desktop.Shell/Componentes/FolhaDaSessaoViewModel.cs,374,AbrirModelos
Clinica,src/Clinica.Desktop.Shell/Componentes/FolhaDaSessaoViewModel.cs,459,CarregarCamposPersonalizadosAsync
Clinica,src/Clinica.Desktop.Shell/Componentes/FolhaDaSessaoViewModel.cs,496,Preencher
Clinica,src/Clinica.Desktop.Shell/Componentes/FolhaDaSessaoViewModel.cs,549,Limpar
Clinica,src/Clinica.Desktop.Shell/Componentes/FolhaDaSessaoViewModel.cs,598,RepetirUltima
Clinica,src/Clinica.Desktop.Shell/Componentes/FolhaDaSessaoViewModel.cs,602,ReutilizarSessao
Clinica,src/Clinica.Desktop.Shell/Componentes/FolhaDaSessaoViewModel.cs,655,SalvarAsync
Clinica,src/Clinica.Desktop.Shell/Componentes/FolhaDaSessaoViewModel.cs,670,TentarSalvarAsync
Clinica,src/Clinica.Desktop.Shell/Componentes/FolhaDaSessaoViewModel.cs,836,AbrirMapa
Clinica,src/Clinica.Desktop.Shell/Componentes/FolhaExecucaoViewModel.cs,53,De
Clinica,src/Clinica.Desktop.Shell/Componentes/FolhaExecucaoViewModel.cs,153,AtualizarProgresso
Clinica,src/Clinica.Desktop.Shell/Componentes/FolhaExecucaoViewModel.cs,291,CarregarAsync
Clinica,src/Clinica.Desktop.Shell/Componentes/FolhaExecucaoViewModel.cs,421,AnotarAsync
Clinica,src/Clinica.Desktop.Shell/Componentes/FolhaExecucaoViewModel.cs,434,RealizadoAsync
Clinica,src/Clinica.Desktop.Shell/Componentes/FolhaExecucaoViewModel.cs,439,NaoRealizadoAsync
Clinica,src/Clinica.Desktop.Shell/Componentes/FolhaExecucaoViewModel.cs,443,NaoExecutavelAsync
Clinica,src/Clinica.Desktop.Shell/Componentes/FolhaExecucaoViewModel.cs,451,RetificarAsync
Clinica,src/Clinica.Desktop.Shell/Componentes/FolhaExecucaoViewModel.cs,520,EncerrarAsync
Clinica,src/Clinica.Desktop.Shell/Componentes/FolhaExecucaoViewModel.cs,592,AssinarExecucaoAsync
Clinica,src/Clinica.Desktop.Shell/Componentes/FolhaExecucaoViewModel.cs,657,JanelaAtiva
Clinica,src/Clinica.Desktop.Shell/Componentes/FolhaExecucaoViewModel.cs,663,ValidarMedicoAsync
Clinica,src/Clinica.Desktop.Shell/Componentes/FolhaExecucaoViewModel.cs,683,DevolverMedicoAsync
Clinica,src/Clinica.Desktop.Shell/Componentes/FolhaExecucaoViewModel.cs,700,RevisarDevolucaoAsync
Clinica,src/Clinica.Desktop.Shell/Componentes/FolhaExecucaoViewModel.cs,715,CorrigirHorariosAsync
Clinica,src/Clinica.Desktop.Shell/Componentes/FolhaExecucaoViewModel.cs,746,CancelarInfusaoAsync
Clinica,src/Clinica.Desktop.Shell/Componentes/FolhaExecucaoViewModel.cs,771,ImprimirAsync
Clinica,src/Clinica.Desktop.Shell/Componentes/FolhaExecucaoViewModel.cs,775,ImprimirRegistroAsync
Clinica,src/Clinica.Desktop.Shell/Componentes/FolhaExecucaoViewModel.cs,777,ImprimirFolhaAsync
Clinica,src/Clinica.Desktop.Shell/Componentes/FolhaExecucaoViewModel.cs,813,SuspenderAsync
Clinica,src/Clinica.Desktop.Shell/Componentes/FolhaExecucaoViewModel.cs,857,ChecarAsync
Clinica,src/Clinica.Desktop.Shell/Componentes/FolhaExecucaoViewModel.cs,924,PerguntarAlergia
Clinica,src/Clinica.Desktop.Shell/Componentes/FolhaExecucaoViewModel.cs,948,ExecutarAsync
Clinica,src/Clinica.Desktop.Shell/Componentes/FolhaExecucaoViewModel.cs,990,Executante
Clinica,src/Clinica.Desktop.Shell/Componentes/ImpressaoPdf.cs,21,SalvarEAbrirAsync
Clinica,src/Clinica.Desktop.Shell/Componentes/ImpressaoPdf.cs,30,SalvarEAbrirAsync
Clinica,src/Clinica.Desktop.Shell/Componentes/ImpressaoPdf.cs,75,SalvarAsync
Clinica,src/Clinica.Desktop.Shell/Componentes/ImpressaoPdf.cs,98,Escolher
Clinica,src/Clinica.Desktop.Shell/Componentes/ImpressaoPdf.cs,111,EscolherPasta
Clinica,src/Clinica.Desktop.Shell/Componentes/ImpressaoPdf.cs,118,NomeSeguro
Clinica,src/Clinica.Desktop.Shell/Componentes/InfusaoExternaViewModel.cs,49,CarregarAsync
Clinica,src/Clinica.Desktop.Shell/Componentes/InfusaoExternaViewModel.cs,87,CarregarSessoesAsync
Clinica,src/Clinica.Desktop.Shell/Componentes/InfusaoExternaViewModel.cs,104,SalvarAsync
Clinica,src/Clinica.Desktop.Shell/Componentes/InfusaoExternaViewModel.cs,123,OpcaoSessaoInfusao
Clinica,src/Clinica.Desktop.Shell/Componentes/JanelaDona.cs,27,Atual
Clinica,src/Clinica.Desktop.Shell/Componentes/LinhaDoTempoClinicaViewModel.cs,88,RotuloCurto
Clinica,src/Clinica.Desktop.Shell/Componentes/LinhaDoTempoClinicaViewModel.cs,260,AbrirAsync
Clinica,src/Clinica.Desktop.Shell/Componentes/LinhaDoTempoClinicaViewModel.cs,268,CancelarAsync
Clinica,src/Clinica.Desktop.Shell/Componentes/LinhaDoTempoClinicaViewModel.cs,276,VerAsync
Clinica,src/Clinica.Desktop.Shell/Componentes/LinhaDoTempoClinicaViewModel.cs,285,Escolher
Clinica,src/Clinica.Desktop.Shell/Componentes/LinhaDoTempoClinicaViewModel.cs,295,CarregarAsync
Clinica,src/Clinica.Desktop.Shell/Componentes/LinhaDoTempoClinicaViewModel.cs,384,RecarregarAsync
Clinica,src/Clinica.Desktop.Shell/Componentes/LinhaDoTempoClinicaViewModel.cs,386,Limpar
Clinica,src/Clinica.Desktop.Shell/Componentes/LinhaDoTempoClinicaViewModel.cs,395,MontarChips
Clinica,src/Clinica.Desktop.Shell/Componentes/LinhaDoTempoClinicaViewModel.cs,443,Publicar
Clinica,src/Clinica.Desktop.Shell/Componentes/MapaCorporalControl.xaml.cs,50,Geometria
Clinica,src/Clinica.Desktop.Shell/Componentes/MapaCorporalControl.xaml.cs,66,TelaFrente_Clique
Clinica,src/Clinica.Desktop.Shell/Componentes/MapaCorporalControl.xaml.cs,69,TelaCostas_Clique
Clinica,src/Clinica.Desktop.Shell/Componentes/MapaCorporalControl.xaml.cs,72,Ponto_Clique
Clinica,src/Clinica.Desktop.Shell/Componentes/MapaCorporalControl.xaml.cs,94,Marcar
Clinica,src/Clinica.Desktop.Shell/Componentes/MapaCorporalViewModel.cs,129,AvisarAcoes
Clinica,src/Clinica.Desktop.Shell/Componentes/MapaCorporalViewModel.cs,156,CarregarAsync
Clinica,src/Clinica.Desktop.Shell/Componentes/MapaCorporalViewModel.cs,202,Marcar
Clinica,src/Clinica.Desktop.Shell/Componentes/MapaCorporalViewModel.cs,232,RemoverPonto
Clinica,src/Clinica.Desktop.Shell/Componentes/MapaCorporalViewModel.cs,242,Limpar
Clinica,src/Clinica.Desktop.Shell/Componentes/MapaCorporalViewModel.cs,254,RepetirAnteriorAsync
Clinica,src/Clinica.Desktop.Shell/Componentes/MapaCorporalViewModel.cs,261,CopiarSessaoAsync
Clinica,src/Clinica.Desktop.Shell/Componentes/MapaCorporalViewModel.cs,292,AplicarProtocolo
Clinica,src/Clinica.Desktop.Shell/Componentes/MapaCorporalViewModel.cs,322,ExcluirProtocoloAsync
Clinica,src/Clinica.Desktop.Shell/Componentes/MapaCorporalViewModel.cs,363,SalvarComoProtocoloAsync
Clinica,src/Clinica.Desktop.Shell/Componentes/MapaCorporalViewModel.cs,412,SalvarAsync
Clinica,src/Clinica.Desktop.Shell/Componentes/MapaCorporalViewModel.cs,428,CapturarRascunho
Clinica,src/Clinica.Desktop.Shell/Componentes/MapaCorporalViewModel.cs,431,ParaGravacao
Clinica,src/Clinica.Desktop.Shell/Componentes/MapaCorporalViewModel.cs,438,ConfirmarGravacao
Clinica,src/Clinica.Desktop.Shell/Componentes/MapaCorporalViewModel.cs,440,RestaurarRascunho
Clinica,src/Clinica.Desktop.Shell/Componentes/MapaCorporalViewModel.cs,450,GuardarParaDesfazer
Clinica,src/Clinica.Desktop.Shell/Componentes/MapaCorporalViewModel.cs,457,Desfazer
Clinica,src/Clinica.Desktop.Shell/Componentes/MapaCorporalViewModel.cs,465,SelecionarPonto
Clinica,src/Clinica.Desktop.Shell/Componentes/MapaCorporalViewModel.cs,470,ParaDominio
Clinica,src/Clinica.Desktop.Shell/Componentes/MapaCorporalViewModel.cs,481,Substituir
Clinica,src/Clinica.Desktop.Shell/Componentes/MapaCorporalViewModel.cs,499,Reindexar
Clinica,src/Clinica.Desktop.Shell/Componentes/MapaCorporalViewModel.cs,514,Informar
Clinica,src/Clinica.Desktop.Shell/Componentes/MapaCorporalViewModel.cs,520,Erro
Clinica,src/Clinica.Desktop.Shell/Componentes/MapaCorporalViewModel.cs,527,RascunhoMapaCorporal
Clinica,src/Clinica.Desktop.Shell/Componentes/MapaCorporalWindow.xaml.cs,42,OnClosing
Clinica,src/Clinica.Desktop.Shell/Componentes/MapaCorporalWindow.xaml.cs,49,Concluir
Clinica,src/Clinica.Desktop.Shell/Componentes/MateriaisProcedimentoViewModel.cs,52,Filtrar
Clinica,src/Clinica.Desktop.Shell/Componentes/MateriaisProcedimentoViewModel.cs,60,OutroLote
Clinica,src/Clinica.Desktop.Shell/Componentes/MateriaisProcedimentoViewModel.cs,66,MostrarRegistro
Clinica,src/Clinica.Desktop.Shell/Componentes/MateriaisProcedimentoViewModel.cs,76,ConfirmarAsync
Clinica,src/Clinica.Desktop.Shell/Componentes/MateriaisProcedimentoViewModel.cs,101,AbrirAsync
Clinica,src/Clinica.Desktop.Shell/Componentes/MenuDoDocumento.cs,13,ComandosDoDocumento
Clinica,src/Clinica.Desktop.Shell/Componentes/MenuDoDocumento.cs,45,Abrir
Clinica,src/Clinica.Desktop.Shell/Componentes/ModelosEvolucaoViewModel.cs,53,ModeloAplicado
Clinica,src/Clinica.Desktop.Shell/Componentes/ModelosEvolucaoViewModel.cs,144,Repetir
Clinica,src/Clinica.Desktop.Shell/Componentes/ModelosEvolucaoViewModel.cs,197,CarregarAsync
Clinica,src/Clinica.Desktop.Shell/Componentes/ModelosEvolucaoViewModel.cs,238,Montar
Clinica,src/Clinica.Desktop.Shell/Componentes/ModelosEvolucaoViewModel.cs,261,Previa
Clinica,src/Clinica.Desktop.Shell/Componentes/ModelosEvolucaoViewModel.cs,287,Aplicar
Clinica,src/Clinica.Desktop.Shell/Componentes/ModelosEvolucaoViewModel.cs,304,SalvarComoModeloAsync
Clinica,src/Clinica.Desktop.Shell/Componentes/ModelosEvolucaoViewModel.cs,376,ApagarAsync
Clinica,src/Clinica.Desktop.Shell/Componentes/ModelosEvolucaoViewModel.cs,399,Erro
Clinica,src/Clinica.Desktop.Shell/Componentes/ModelosEvolucaoViewModel.cs,405,Informar
Clinica,src/Clinica.Desktop.Shell/Componentes/ModelosEvolucaoWindow.xaml.cs,36,AoAplicar
Clinica,src/Clinica.Desktop.Shell/Componentes/PacoteVendaViewModel.cs,119,LerValor
Clinica,src/Clinica.Desktop.Shell/Componentes/PacoteVendaViewModel.cs,127,MontarPagamento
Clinica,src/Clinica.Desktop.Shell/Componentes/PacoteVendaViewModel.cs,198,CarregarAsync
Clinica,src/Clinica.Desktop.Shell/Componentes/PacoteVendaViewModel.cs,242,CadastrarNoCatalogoAsync
Clinica,src/Clinica.Desktop.Shell/Componentes/PacoteVendaViewModel.cs,271,SalvarAsync
Clinica,src/Clinica.Desktop.Shell/Componentes/PacoteVendaViewModel.cs,340,Erro
Clinica,src/Clinica.Desktop.Shell/Componentes/PacotesViewModel.cs,105,LimparFiltro
Clinica,src/Clinica.Desktop.Shell/Componentes/PacotesViewModel.cs,190,CarregarAsync
Clinica,src/Clinica.Desktop.Shell/Componentes/PacotesViewModel.cs,262,Refiltrar
Clinica,src/Clinica.Desktop.Shell/Componentes/PacotesViewModel.cs,285,ResumirCatalogo
Clinica,src/Clinica.Desktop.Shell/Componentes/PacotesViewModel.cs,308,AbrirCatalogo
Clinica,src/Clinica.Desktop.Shell/Componentes/PacotesViewModel.cs,322,NovoPacoteAsync
Clinica,src/Clinica.Desktop.Shell/Componentes/PacotesViewModel.cs,346,EditarDoCatalogoAsync
Clinica,src/Clinica.Desktop.Shell/Componentes/PacotesViewModel.cs,365,ExcluirDoCatalogoAsync
Clinica,src/Clinica.Desktop.Shell/Componentes/PacotesViewModel.cs,393,VenderAsync
Clinica,src/Clinica.Desktop.Shell/Componentes/PacotesViewModel.cs,411,ConsumirAsync
Clinica,src/Clinica.Desktop.Shell/Componentes/PacotesViewModel.cs,446,VerSessoesAsync
Clinica,src/Clinica.Desktop.Shell/Componentes/PacotesViewModel.cs,466,CancelarPacoteAsync
Clinica,src/Clinica.Desktop.Shell/Componentes/PacotesViewModel.cs,503,OrcarAsync
Clinica,src/Clinica.Desktop.Shell/Componentes/PacotesViewModel.cs,554,Erro
Clinica,src/Clinica.Desktop.Shell/Componentes/PacotesViewModel.cs,624,Para
Clinica,src/Clinica.Desktop.Shell/Componentes/PacotesViewModel.cs,628,SalvarAsync
Clinica,src/Clinica.Desktop.Shell/Componentes/PacotesViewModel.cs,670,LerInteiro
Clinica,src/Clinica.Desktop.Shell/Componentes/PacotesViewModel.cs,677,LerDecimal
Clinica,src/Clinica.Desktop.Shell/Componentes/PainelDoPacienteWindow.xaml.cs,59,ExportarPng
Clinica,src/Clinica.Desktop.Shell/Componentes/PainelDoPacienteWindow.xaml.cs,78,AoDesenhar
Clinica,src/Clinica.Desktop.Shell/Componentes/PainelDoPacienteWindow.xaml.cs,84,AoLimpar
Clinica,src/Clinica.Desktop.Shell/Componentes/PainelDoPacienteWindow.xaml.cs,92,Limpar
Clinica,src/Clinica.Desktop.Shell/Componentes/PainelDoPacienteWindow.xaml.cs,107,MostrarExemplo
Clinica,src/Clinica.Desktop.Shell/Componentes/PlanoDeCuidadosViewModel.cs,117,CarregarAsync
Clinica,src/Clinica.Desktop.Shell/Componentes/PlanoDeCuidadosViewModel.cs,176,Montar
Clinica,src/Clinica.Desktop.Shell/Componentes/PlanoDeCuidadosViewModel.cs,194,Descrever
Clinica,src/Clinica.Desktop.Shell/Componentes/PlanoDeCuidadosViewModel.cs,203,MarcarFeitoAsync
Clinica,src/Clinica.Desktop.Shell/Componentes/PlanoDeCuidadosViewModel.cs,207,MarcarNaoFeitoAsync
Clinica,src/Clinica.Desktop.Shell/Componentes/PlanoDeCuidadosViewModel.cs,210,RegistrarAsync
Clinica,src/Clinica.Desktop.Shell/Componentes/PlanoDeCuidadosViewModel.cs,269,Executante
Clinica,src/Clinica.Desktop.Shell/Componentes/PrecosParticularViewModel.cs,23,De
Clinica,src/Clinica.Desktop.Shell/Componentes/PrecosParticularViewModel.cs,90,CarregarAsync
Clinica,src/Clinica.Desktop.Shell/Componentes/PrecosParticularViewModel.cs,116,Refiltrar
Clinica,src/Clinica.Desktop.Shell/Componentes/PrecosParticularViewModel.cs,135,NovoPrecoAsync
Clinica,src/Clinica.Desktop.Shell/Componentes/PrecosParticularViewModel.cs,138,EditarAsync
Clinica,src/Clinica.Desktop.Shell/Componentes/PrecosParticularViewModel.cs,144,AbrirAsync
Clinica,src/Clinica.Desktop.Shell/Componentes/PrecosParticularViewModel.cs,165,ExcluirAsync
Clinica,src/Clinica.Desktop.Shell/Componentes/PrecosParticularViewModel.cs,194,Erro
Clinica,src/Clinica.Desktop.Shell/Componentes/PrecosParticularViewModel.cs,202,OpcaoCatalogo
Clinica,src/Clinica.Desktop.Shell/Componentes/PrecosParticularViewModel.cs,241,CarregarAsync
Clinica,src/Clinica.Desktop.Shell/Componentes/PrecosParticularViewModel.cs,294,SalvarAsync
Clinica,src/Clinica.Desktop.Shell/Componentes/PrecosParticularViewModel.cs,342,Erro
Clinica,src/Clinica.Desktop.Shell/Componentes/ProcessoDeEnfermagemView.xaml.cs,21,AbrirCatalogoDeDiagnosticos
Clinica,src/Clinica.Desktop.Shell/Componentes/ProcessoDeEnfermagemView.xaml.cs,24,AbrirCatalogoDeCuidados
Clinica,src/Clinica.Desktop.Shell/Componentes/ProcessoDeEnfermagemView.xaml.cs,27,AbrirCatalogo
Clinica,src/Clinica.Desktop.Shell/Componentes/ReceberPagamentoViewModel.cs,43,ConfirmarAsync
Clinica,src/Clinica.Desktop.Shell/Componentes/RegrasFaturamentoViewModel.cs,8,RegrasFaturamentoViewModel
Clinica,src/Clinica.Desktop.Shell/Componentes/RegrasFaturamentoViewModel.cs,19,CarregarAsync
Clinica,src/Clinica.Desktop.Shell/Componentes/RegrasFaturamentoViewModel.cs,35,SalvarFaturamentoAsync
Clinica,src/Clinica.Desktop.Shell/Componentes/RenovacaoConsultaFluxo.cs,8,ExecutarAsync
Clinica,src/Clinica.Desktop.Shell/Componentes/Retrato.cs,29,Carregar
Clinica,src/Clinica.Desktop.Shell/Componentes/Retrato.cs,64,RecortarQuadrado
Clinica,src/Clinica.Desktop.Shell/Componentes/Retrato.cs,79,Codificar
Clinica,src/Clinica.Desktop.Shell/Componentes/SalaInfusaoViewModel.cs,53,De
Clinica,src/Clinica.Desktop.Shell/Componentes/SalaInfusaoViewModel.cs,148,RegistrarInfusaoAsync
Clinica,src/Clinica.Desktop.Shell/Componentes/SalaInfusaoViewModel.cs,177,Acompanhar
Clinica,src/Clinica.Desktop.Shell/Componentes/SalaInfusaoViewModel.cs,186,CarregarAsync
Clinica,src/Clinica.Desktop.Shell/Componentes/SalaInfusaoViewModel.cs,188,ReleituraSilenciosaAsync
Clinica,src/Clinica.Desktop.Shell/Componentes/SalaInfusaoViewModel.cs,198,BuscarAsync
Clinica,src/Clinica.Desktop.Shell/Componentes/SalaInfusaoViewModel.cs,296,AbrirAsync
Clinica,src/Clinica.Desktop.Shell/Componentes/SalaInfusaoViewModel.cs,313,AnotarAsync
Clinica,src/Clinica.Desktop.Shell/Componentes/SalaInfusaoViewModel.cs,335,AbrirPorCodigoAsync
Clinica,src/Clinica.Desktop.Shell/Componentes/SalaInfusaoViewModel.cs,382,ImprimirAsync
Clinica,src/Clinica.Desktop.Shell/Componentes/SalaInfusaoViewModel.cs,412,AbrirFolhaAsync
Clinica,src/Clinica.Desktop.Shell/Componentes/SalaInfusaoViewModel.cs,424,Dispose
Clinica,src/Clinica.Desktop.Shell/Componentes/SeletorPacienteViewModel.cs,189,LigarSugestao
Clinica,src/Clinica.Desktop.Shell/Componentes/SeletorPacienteViewModel.cs,199,DesligarSugestao
Clinica,src/Clinica.Desktop.Shell/Componentes/SeletorPacienteViewModel.cs,208,Pedir
Clinica,src/Clinica.Desktop.Shell/Componentes/SeletorPacienteViewModel.cs,329,DescreverLista
Clinica,src/Clinica.Desktop.Shell/Componentes/SeletorPacienteViewModel.cs,344,Atualizar
Clinica,src/Clinica.Desktop.Shell/Componentes/SeletorPacienteViewModel.cs,351,BuscarAsync
Clinica,src/Clinica.Desktop.Shell/Componentes/SeletorPacienteViewModel.cs,446,SelecionarGarantindoNaLista
Clinica,src/Clinica.Desktop.Shell/Componentes/SeletorPacienteViewModel.cs,454,Limpar
Clinica,src/Clinica.Desktop.Shell/Componentes/SessaoDoProntuarioViewModel.cs,129,CarregarAsync
Clinica,src/Clinica.Desktop.Shell/Componentes/SessaoDoProntuarioViewModel.cs,220,ImprimirAsync
Clinica,src/Clinica.Desktop.Shell/Componentes/SessaoDoProntuarioViewModel.cs,241,VerAnexos
Clinica,src/Clinica.Desktop.Shell/Componentes/SessaoDoProntuarioViewModel.cs,256,VerCorrecoes
Clinica,src/Clinica.Desktop.Shell/Componentes/TelaComAbas.xaml.cs,56,Selecionar
Clinica,src/Clinica.Desktop.Shell/Componentes/TelaComAbas.xaml.cs,61,AoTrocarAba
Clinica,src/Clinica.Desktop.Shell/Componentes/TelaComAbas.xaml.cs,80,Materializar
Clinica,src/Clinica.Desktop.Shell/Componentes/TelasDoSistema.cs,14,TelaDoSistema
Clinica,src/Clinica.Desktop.Shell/Componentes/TelasDoSistema.cs,34,Listar
Clinica,src/Clinica.Desktop.Shell/Componentes/TelasDoSistema.cs,71,Resolver
Clinica,src/Clinica.Desktop.Shell/Componentes/TelasDoSistema.cs,87,Posicionar
Clinica,src/Clinica.Desktop.Shell/Componentes/TelasDoSistema.cs,108,ManterAcordado
Clinica,src/Clinica.Desktop.Shell/Componentes/TelasDoSistema.cs,139,MonitorEnumProc
Clinica,src/Clinica.Desktop.Shell/Componentes/TelasDoSistema.cs,142,EnumDisplayMonitors
Clinica,src/Clinica.Desktop.Shell/Componentes/TelasDoSistema.cs,146,GetMonitorInfo
Clinica,src/Clinica.Desktop.Shell/Componentes/TelasDoSistema.cs,149,MoveWindow
Clinica,src/Clinica.Desktop.Shell/Componentes/TelasDoSistema.cs,153,SetThreadExecutionState
Clinica,src/Clinica.Desktop.Shell/Componentes/TrocaSenhaWindow.xaml.cs,38,Erro
Clinica,src/Clinica.Desktop.Shell/Componentes/TrocaSenhaWindow.xaml.cs,44,Confirmar
Clinica,src/Clinica.Desktop.Shell/Componentes/VersoesEvolucaoViewModel.cs,44,De
Clinica,src/Clinica.Desktop.Shell/Componentes/VersoesEvolucaoViewModel.cs,70,Atual
Clinica,src/Clinica.Desktop.Shell/Componentes/VersoesEvolucaoViewModel.cs,93,MontarAnamnese
Clinica,src/Clinica.Desktop.Shell/Componentes/VersoesEvolucaoViewModel.cs,104,Texto
Clinica,src/Clinica.Desktop.Shell/Componentes/VersoesEvolucaoViewModel.cs,149,CarregarAsync
Clinica,src/Clinica.Desktop.Shell/Componentes/VinculoDeConvenio.cs,39,Garantir
Clinica,src/Clinica.Desktop.Shell/Componentes/VinculoDeConvenio.cs,59,GarantirAsync
Clinica,src/Clinica.Desktop.Shell/Componentes/VinculoDeConvenio.cs,78,Perguntar
Clinica,src/Clinica.Desktop.Shell/Componentes/Whatsapp.cs,17,Abrir
Clinica,src/Clinica.Desktop.Shell/Componentes/Whatsapp.cs,49,ConfirmacaoDeSessao
Clinica,src/Clinica.Desktop.Shell/Componentes/Whatsapp.cs,54,ConviteDeRetorno
Clinica,src/Clinica.Desktop.Shell/Componentes/Whatsapp.cs,63,PesquisaDeSatisfacao
Clinica,src/Clinica.Desktop.Shell/Componentes/Whatsapp.cs,73,Recall
Clinica,src/Clinica.Desktop.Shell/Componentes/Whatsapp.cs,83,PrimeiroNome
Clinica,src/Clinica.Desktop.Shell/Componentes/Whatsapp.cs,87,CobrancaDeGuia
Clinica,src/Clinica.Desktop.Shell/Configuracao/ConexaoStore.cs,31,ExisteConfiguracao
Clinica,src/Clinica.Desktop.Shell/Configuracao/ConexaoStore.cs,37,Carregar
Clinica,src/Clinica.Desktop.Shell/Configuracao/ConexaoStore.cs,39,Ler
Clinica,src/Clinica.Desktop.Shell/Configuracao/ConexaoStore.cs,55,Salvar
Clinica,src/Clinica.Desktop.Shell/Configuracao/ConexaoStore.cs,64,Limpar
Clinica,src/Clinica.Desktop.Shell/Configuracao/ConexaoStore.cs,74,Normalizar
Clinica,src/Clinica.Desktop.Shell/Configuracao/LogSuite.cs,36,Instalar
Clinica,src/Clinica.Desktop.Shell/Configuracao/LogSuite.cs,42,Registrar
Clinica,src/Clinica.Desktop.Shell/Configuracao/LogSuite.cs,71,ResolverPasta
Clinica,src/Clinica.Desktop.Shell/Configuracao/LogSuite.cs,97,PodeGravar
Clinica,src/Clinica.Desktop.Shell/Configuracao/LogSuite.cs,114,RotacionarSeGrande
Clinica,src/Clinica.Desktop.Shell/Configuracao/LogSuite.cs,133,ExpurgarAntigos
Clinica,src/Clinica.Desktop.Shell/Controls/Ajudantes.cs,25,GetPlaceholder
Clinica,src/Clinica.Desktop.Shell/Controls/Ajudantes.cs,26,SetPlaceholder
Clinica,src/Clinica.Desktop.Shell/Controls/Ajudantes.cs,32,GetIcone
Clinica,src/Clinica.Desktop.Shell/Controls/Ajudantes.cs,33,SetIcone
Clinica,src/Clinica.Desktop.Shell/Controls/Ajudantes.cs,39,GetEstaCarregando
Clinica,src/Clinica.Desktop.Shell/Controls/Ajudantes.cs,40,SetEstaCarregando
Clinica,src/Clinica.Desktop.Shell/Controls/Ajudantes.cs,46,GetSomenteNumeros
Clinica,src/Clinica.Desktop.Shell/Controls/Ajudantes.cs,47,SetSomenteNumeros
Clinica,src/Clinica.Desktop.Shell/Controls/Ajudantes.cs,49,OnSomenteNumerosChanged
Clinica,src/Clinica.Desktop.Shell/Controls/Ajudantes.cs,65,BloquearNaoNumerico
Clinica,src/Clinica.Desktop.Shell/Controls/Ajudantes.cs,68,BloquearColagemNaoNumerica
Clinica,src/Clinica.Desktop.Shell/Controls/Ajudantes.cs,93,GetPilula
Clinica,src/Clinica.Desktop.Shell/Controls/Ajudantes.cs,94,SetPilula
Clinica,src/Clinica.Desktop.Shell/Controls/Ajudantes.cs,96,AoLigarPilula
Clinica,src/Clinica.Desktop.Shell/Controls/Ajudantes.cs,104,AjustarRaioDaPilula
Clinica,src/Clinica.Desktop.Shell/Controls/Ajudantes.cs,142,GetRodaDaPagina
Clinica,src/Clinica.Desktop.Shell/Controls/Ajudantes.cs,143,SetRodaDaPagina
Clinica,src/Clinica.Desktop.Shell/Controls/Ajudantes.cs,145,OnRodaDaPaginaChanged
Clinica,src/Clinica.Desktop.Shell/Controls/Ajudantes.cs,162,DevolverRodaAPagina
Clinica,src/Clinica.Desktop.Shell/Controls/Ajudantes.cs,184,RolagemDe
Clinica,src/Clinica.Desktop.Shell/Controls/Ajudantes.cs,199,PaginaDe
Clinica,src/Clinica.Desktop.Shell/Controls/AjusteJanela.cs,36,Instalar
Clinica,src/Clinica.Desktop.Shell/Controls/AjusteJanela.cs,54,Ajustar
Clinica,src/Clinica.Desktop.Shell/Controls/Avatar.cs,125,AtualizarImagem
Clinica,src/Clinica.Desktop.Shell/Controls/Avatar.cs,132,AtualizarTamanhoTexto
Clinica,src/Clinica.Desktop.Shell/Controls/Avatar.cs,135,AtualizarIniciais
Clinica,src/Clinica.Desktop.Shell/Controls/Avatar.cs,138,Calcular
Clinica,src/Clinica.Desktop.Shell/Controls/BotaoMenuKpi.cs,39,OnClick
Clinica,src/Clinica.Desktop.Shell/Controls/BotaoMenuKpi.cs,77,AncestralCartao
Clinica,src/Clinica.Desktop.Shell/Controls/BotaoMenuKpi.cs,99,TextoDoEstilo
Clinica,src/Clinica.Desktop.Shell/Controls/BotaoMenuKpi.cs,127,Copiar
Clinica,src/Clinica.Desktop.Shell/Controls/BotaoMenuKpi.cs,151,Avisar
Clinica,src/Clinica.Desktop.Shell/Controls/BuscaModeloClinico.cs,39,AlterouModelos
Clinica,src/Clinica.Desktop.Shell/Controls/BuscaModeloClinico.cs,46,Mudou
Clinica,src/Clinica.Desktop.Shell/Controls/BuscaModeloClinico.cs,47,Filtrar
Clinica,src/Clinica.Desktop.Shell/Controls/BuscaModeloClinico.cs,53,Escolher
Clinica,src/Clinica.Desktop.Shell/Controls/BuscaModeloClinico.cs,54,Selecionou
Clinica,src/Clinica.Desktop.Shell/Controls/CabecalhoRaia.cs,129,AoTrocarColecao
Clinica,src/Clinica.Desktop.Shell/Controls/CabecalhoRaia.cs,144,AoMudarColecao
Clinica,src/Clinica.Desktop.Shell/Controls/CabecalhoRaia.cs,146,Recontar
Clinica,src/Clinica.Desktop.Shell/Controls/CapturaFotoWindow.xaml.cs,57,AoDemorarPrimeiroQuadro
Clinica,src/Clinica.Desktop.Shell/Controls/CapturaFotoWindow.xaml.cs,70,CarregarCameras
Clinica,src/Clinica.Desktop.Shell/Controls/CapturaFotoWindow.xaml.cs,102,ComboCameras_SelectionChanged
Clinica,src/Clinica.Desktop.Shell/Controls/CapturaFotoWindow.xaml.cs,118,AoReceberQuadro
Clinica,src/Clinica.Desktop.Shell/Controls/CapturaFotoWindow.xaml.cs,134,AoFalhar
Clinica,src/Clinica.Desktop.Shell/Controls/CapturaFotoWindow.xaml.cs,141,Capturar_Click
Clinica,src/Clinica.Desktop.Shell/Controls/CapturaFotoWindow.xaml.cs,152,Arquivo_Click
Clinica,src/Clinica.Desktop.Shell/Controls/CapturaFotoWindow.xaml.cs,174,Congelar
Clinica,src/Clinica.Desktop.Shell/Controls/CapturaFotoWindow.xaml.cs,196,Repetir_Click
Clinica,src/Clinica.Desktop.Shell/Controls/CapturaFotoWindow.xaml.cs,208,Usar_Click
Clinica,src/Clinica.Desktop.Shell/Controls/CapturaFotoWindow.xaml.cs,219,Cancelar_Click
Clinica,src/Clinica.Desktop.Shell/Controls/CapturaFotoWindow.xaml.cs,221,AtualizarAcoes
Clinica,src/Clinica.Desktop.Shell/Controls/CapturaFotoWindow.xaml.cs,233,Erro
Clinica,src/Clinica.Desktop.Shell/Controls/Conversores.cs,19,Convert
Clinica,src/Clinica.Desktop.Shell/Controls/Conversores.cs,22,ConvertBack
Clinica,src/Clinica.Desktop.Shell/Controls/Conversores.cs,42,Convert
Clinica,src/Clinica.Desktop.Shell/Controls/Conversores.cs,45,ConvertBack
Clinica,src/Clinica.Desktop.Shell/Controls/Conversores.cs,61,Convert
Clinica,src/Clinica.Desktop.Shell/Controls/Conversores.cs,66,ConvertBack
Clinica,src/Clinica.Desktop.Shell/Controls/Copiavel.cs,42,SetAtivo
Clinica,src/Clinica.Desktop.Shell/Controls/Copiavel.cs,44,GetAtivo
Clinica,src/Clinica.Desktop.Shell/Controls/Copiavel.cs,53,SetTexto
Clinica,src/Clinica.Desktop.Shell/Controls/Copiavel.cs,55,GetTexto
Clinica,src/Clinica.Desktop.Shell/Controls/Copiavel.cs,57,AoLigar
Clinica,src/Clinica.Desktop.Shell/Controls/Copiavel.cs,76,AoClicar
Clinica,src/Clinica.Desktop.Shell/Controls/Copiavel.cs,108,TentarCopiar
Clinica,src/Clinica.Desktop.Shell/Controls/Copiavel.cs,141,Avisar
Clinica,src/Clinica.Desktop.Shell/Controls/Dialogo.cs,38,Confirmar
Clinica,src/Clinica.Desktop.Shell/Controls/Dialogo.cs,42,ConfirmarPerigo
Clinica,src/Clinica.Desktop.Shell/Controls/Dialogo.cs,46,Aviso
Clinica,src/Clinica.Desktop.Shell/Controls/Dialogo.cs,49,PerguntarTexto
Clinica,src/Clinica.Desktop.Shell/Controls/EditorTextoClinico.cs,41,Alterado
Clinica,src/Clinica.Desktop.Shell/Controls/EditorTextoClinico.cs,48,Renderizar
Clinica,src/Clinica.Desktop.Shell/Controls/EditorTextoClinico.cs,58,Trechos
Clinica,src/Clinica.Desktop.Shell/Controls/EditorTextoClinico.cs,66,Guardar
Clinica,src/Clinica.Desktop.Shell/Controls/EstadoDaTela.cs,228,AoMudar
Clinica,src/Clinica.Desktop.Shell/Controls/EstadoDaTela.cs,249,AoTrocarItens
Clinica,src/Clinica.Desktop.Shell/Controls/EstadoDaTela.cs,262,AoMexerNaColecao
Clinica,src/Clinica.Desktop.Shell/Controls/EstadoDaTela.cs,265,Recalcular
Clinica,src/Clinica.Desktop.Shell/Controls/EstadoDaTela.cs,282,Vazia
Clinica,src/Clinica.Desktop.Shell/Controls/Graficos.cs,12,PontoGrafico
Clinica,src/Clinica.Desktop.Shell/Controls/Graficos.cs,72,OnRender
Clinica,src/Clinica.Desktop.Shell/Controls/Graficos.cs,122,DesenharVazio
Clinica,src/Clinica.Desktop.Shell/Controls/PromptWindow.xaml.cs,35,Confirmar
Clinica,src/Clinica.Desktop.Shell/Controls/RotuloEnum.cs,38,Convert
Clinica,src/Clinica.Desktop.Shell/Controls/RotuloEnum.cs,41,ConvertBack
Clinica,src/Clinica.Desktop.Shell/Controls/Snackbar.cs,15,AvisoRegistrado
Clinica,src/Clinica.Desktop.Shell/Controls/Snackbar.cs,62,MarcarLidos
Clinica,src/Clinica.Desktop.Shell/Controls/Snackbar.cs,74,Sucesso
Clinica,src/Clinica.Desktop.Shell/Controls/Snackbar.cs,75,Erro
Clinica,src/Clinica.Desktop.Shell/Controls/Snackbar.cs,76,Info
Clinica,src/Clinica.Desktop.Shell/Controls/Snackbar.cs,78,Mostrar
Clinica,src/Clinica.Desktop.Shell/Controls/Valores.cs,14,TentarLerNumeroExato
Clinica,src/Clinica.Desktop.Shell/Controls/Valores.cs,22,TentarLerDecimal
Clinica,src/Clinica.Desktop.Shell/Controls/Valores.cs,41,TentarLerQuantidade
Clinica,src/Clinica.Desktop.Shell/Modulos/EntregaDoPaciente.cs,35,AoPostoAsync
Clinica,src/Clinica.Desktop.Shell/Modulos/ItemMenuModulo.cs,49,Rotulo
Clinica,src/Clinica.Desktop.Shell/Modulos/ItemMenuModulo.cs,64,RotuloCurto
Clinica,src/Clinica.Desktop.Shell/Modulos/ItemMenuModulo.cs,79,Glifo
Clinica,src/Clinica.Desktop.Shell/Modulos/ItemMenuModulo.cs,106,AbaMenu
Clinica,src/Clinica.Desktop.Shell/Modulos/ModuloContextual.cs,6,ModuloContextual
Clinica,src/Clinica.Desktop.Shell/Modulos/ModuloContextual.cs,14,Registrar
Clinica,src/Clinica.Desktop.Shell/Modulos/ModuloContextual.cs,15,CriarTela
Clinica,src/Clinica.Desktop.Shell/Modulos/NavegacaoSuite.cs,23,Ligar
Clinica,src/Clinica.Desktop.Shell/Modulos/NavegacaoSuite.cs,24,Voltar
Clinica,src/Clinica.Desktop.Shell/Modulos/NavegacaoSuite.cs,33,Existe
Clinica,src/Clinica.Desktop.Shell/Modulos/NavegacaoSuite.cs,36,Ir
Clinica,src/Clinica.Desktop.Shell/Modulos/OrganizacaoNavegacao.cs,6,Aplicar
Clinica,src/Clinica.Desktop.Shell/Modulos/PacienteEmFoco.cs,79,Definir
Clinica,src/Clinica.Desktop.Shell/Modulos/PacienteEmFoco.cs,89,Limpar
Clinica,src/Clinica.Desktop.Shell/Shell/AtualizadorSuite.cs,49,AtualizarNaAberturaAsync
Clinica,src/Clinica.Desktop.Shell/Shell/AtualizadorSuite.cs,78,ChecarEBaixarAsync
Clinica,src/Clinica.Desktop.Shell/Shell/AtualizadorSuite.cs,92,Agendar
Clinica,src/Clinica.Desktop.Shell/Shell/AtualizadorSuite.cs,99,IniciarVerificacaoPeriodica
Clinica,src/Clinica.Desktop.Shell/Shell/AtualizadorSuite.cs,102,VerificarPeriodicamenteAsync
Clinica,src/Clinica.Desktop.Shell/Shell/LoginWindow.xaml.cs,58,OferecerCertificadoAsync
Clinica,src/Clinica.Desktop.Shell/Shell/LoginWindow.xaml.cs,84,EntrarComCertificado
Clinica,src/Clinica.Desktop.Shell/Shell/LoginWindow.xaml.cs,154,MostrarEntrar
Clinica,src/Clinica.Desktop.Shell/Shell/LoginWindow.xaml.cs,165,MostrarPrimeiroAcesso
Clinica,src/Clinica.Desktop.Shell/Shell/LoginWindow.xaml.cs,178,MostrarTrocaDeSenha
Clinica,src/Clinica.Desktop.Shell/Shell/LoginWindow.xaml.cs,189,Confirmar
Clinica,src/Clinica.Desktop.Shell/Shell/LoginWindow.xaml.cs,211,EntrarAsync
Clinica,src/Clinica.Desktop.Shell/Shell/LoginWindow.xaml.cs,228,CriarPrimeiroAcessoAsync
Clinica,src/Clinica.Desktop.Shell/Shell/LoginWindow.xaml.cs,257,TrocarSenhaAsync
Clinica,src/Clinica.Desktop.Shell/Shell/LoginWindow.xaml.cs,279,Concluir
Clinica,src/Clinica.Desktop.Shell/Shell/LoginWindow.xaml.cs,294,Cancelar
Clinica,src/Clinica.Desktop.Shell/Shell/LoginWindow.xaml.cs,300,Esconder
Clinica,src/Clinica.Desktop.Shell/Shell/LoginWindow.xaml.cs,306,Erro
Clinica,src/Clinica.Desktop.Shell/Shell/LoginWindow.xaml.cs,313,Info
Clinica,src/Clinica.Desktop.Shell/Shell/SetupWindow.xaml.cs,30,AoDigitar
Clinica,src/Clinica.Desktop.Shell/Shell/SetupWindow.xaml.cs,38,Testar
Clinica,src/Clinica.Desktop.Shell/Shell/SetupWindow.xaml.cs,80,Salvar
Clinica,src/Clinica.Desktop.Shell/Shell/SetupWindow.xaml.cs,105,Esconder
Clinica,src/Clinica.Desktop.Shell/Shell/SetupWindow.xaml.cs,112,Info
Clinica,src/Clinica.Desktop.Shell/Shell/SetupWindow.xaml.cs,119,Sucesso
Clinica,src/Clinica.Desktop.Shell/Shell/SetupWindow.xaml.cs,126,Erro
Clinica,src/Clinica.Desktop.Shell/Shell/ShellBootstrap.cs,30,ObterConnectionString
Clinica,src/Clinica.Desktop.Shell/Shell/ShellBootstrap.cs,39,ConstruirHost
Clinica,src/Clinica.Desktop.Shell/Shell/ShellBootstrap.cs,68,PrepararBancoAsync
Clinica,src/Clinica.Desktop.Shell/Shell/ShellBootstrap.cs,123,MigrarTolerandoCorridaAsync
Clinica,src/Clinica.Desktop.Shell/Shell/ShellBootstrap.cs,152,EhCorridaDeSchema
Clinica,src/Clinica.Desktop.Shell/Shell/ShellViewModel.cs,24,ResultadoPesquisa
Clinica,src/Clinica.Desktop.Shell/Shell/ShellViewModel.cs,47,Voltar
Clinica,src/Clinica.Desktop.Shell/Shell/ShellViewModel.cs,264,AtualizarAssinaturasInfusaoAsync
Clinica,src/Clinica.Desktop.Shell/Shell/ShellViewModel.cs,288,AbrirFilaInfusao
Clinica,src/Clinica.Desktop.Shell/Shell/ShellViewModel.cs,323,IrPara
Clinica,src/Clinica.Desktop.Shell/Shell/ShellViewModel.cs,347,Navegar
Clinica,src/Clinica.Desktop.Shell/Shell/ShellViewModel.cs,349,Navegar
Clinica,src/Clinica.Desktop.Shell/Shell/ShellViewModel.cs,380,MontarTela
Clinica,src/Clinica.Desktop.Shell/Shell/ShellViewModel.cs,403,AbrirTreinamento
Clinica,src/Clinica.Desktop.Shell/Shell/ShellViewModel.cs,412,MontarComposta
Clinica,src/Clinica.Desktop.Shell/Shell/ShellViewModel.cs,442,AbrirAvisos
Clinica,src/Clinica.Desktop.Shell/Shell/ShellViewModel.cs,453,FecharSobreposicoes
Clinica,src/Clinica.Desktop.Shell/Shell/ShellViewModel.cs,508,NavegarResultado
Clinica,src/Clinica.Desktop.Shell/Shell/ShellViewModel.cs,518,FecharPesquisa
Clinica,src/Clinica.Desktop.Shell/Shell/ShellViewModel.cs,540,TrocarUsuario
Clinica,src/Clinica.Desktop.Shell/Shell/ShellViewModel.cs,575,TrocarMinhaSenha
Clinica,src/Clinica.Desktop.Shell/Shell/ShellWindow.xaml.cs,10,AoPassarPelaCategoria
Clinica,src/Clinica.Desktop.Shell/Shell/ShellWindow.xaml.cs,16,AoEscolherTela
Clinica,src/Clinica.Desktop.Shell/Shell/ShellWindow.xaml.cs,39,AjustarCabecalho
Clinica,src/Clinica.Desktop.Shell/Shell/ShellWindow.xaml.cs,52,FocarPesquisa
Clinica,src/Clinica.Desktop.Shell/Shell/ShellWindow.xaml.cs,58,RelayFoco
Clinica,src/Clinica.Desktop.Shell/Shell/ShellWindow.xaml.cs,66,CanExecute
Clinica,src/Clinica.Desktop.Shell/Shell/ShellWindow.xaml.cs,68,Execute
Clinica,src/Clinica.Desktop.Shell/Shell/SuiteApp.cs,34,IniciarAsync
Clinica,src/Clinica.Desktop.Shell/Shell/SuiteApp.cs,191,AutenticarAsync
Clinica,src/Clinica.Desktop.Shell/Treinamento/AcervoTreinamento.cs,26,Progresso
Clinica,src/Clinica.Desktop.Shell/Treinamento/AcervoTreinamento.cs,27,Salvar
Clinica,src/Clinica.Desktop.Shell/Treinamento/AcervoTreinamento.cs,35,ObterVideoAsync
Clinica,src/Clinica.Desktop.Shell/Treinamento/AcervoTreinamento.cs,62,Valido
Clinica,src/Clinica.Desktop.Shell/Treinamento/AulaTreinamento.cs,5,CapituloTreinamento
Clinica,src/Clinica.Desktop.Shell/Treinamento/AulaTreinamento.cs,22,Ler
Clinica,src/Clinica.Desktop.Shell/Treinamento/AulaTreinamento.cs,29,Filtrar
Clinica,src/Clinica.Desktop.Shell/Treinamento/AulaTreinamento.cs,37,ProgressoAula
Clinica,src/Clinica.Desktop.Shell/Treinamento/TreinamentoPlayer.cs,63,CarregarAsync
Clinica,src/Clinica.Desktop.Shell/Treinamento/TreinamentoPlayer.cs,79,Erro
Clinica,src/Clinica.Desktop.Shell/Treinamento/TreinamentoPlayer.cs,80,Buscar
Clinica,src/Clinica.Desktop.Shell/Treinamento/TreinamentoPlayer.cs,81,MarcarConcluida
Clinica,src/Clinica.Desktop.Shell/Treinamento/TreinamentoPlayer.cs,82,Salvar
Clinica,src/Clinica.Desktop.Shell/Treinamento/TreinamentoPlayer.cs,88,Parar
Clinica,src/Clinica.Desktop.Shell/Treinamento/TreinamentoPlayer.cs,89,TelaCheia
Clinica,src/Clinica.Desktop.Shell/Treinamento/TreinamentoView.xaml.cs,13,Cartao
Clinica,src/Clinica.Desktop.Shell/Treinamento/TreinamentoView.xaml.cs,27,Filtrar
Clinica,src/Clinica.Desktop.Shell/Treinamento/TreinamentoView.xaml.cs,28,Atualizar
Clinica,src/Clinica.Desktop.Shell/Treinamento/TreinamentoView.xaml.cs,38,Abrir
Clinica,src/Clinica.Desktop.Shell/Treinamento/TreinamentoView.xaml.cs,45,Fechar
Clinica,src/Clinica.Desktop.Shell/Treinamento/TreinamentoView.xaml.cs,46,Concluir
Clinica,src/Clinica.Desktop.Shell/Treinamento/TreinamentoView.xaml.cs,47,Reiniciar
Clinica,src/Clinica.Desktop.Shell/Treinamento/TreinamentoView.xaml.cs,48,IrCapitulo
Clinica,src/Clinica.Desktop/App.xaml.cs,23,OnStartup
Clinica,src/Clinica.Desktop/App.xaml.cs,188,AutenticarAsync
Clinica,src/Clinica.Desktop/App.xaml.cs,234,VerificarAtualizacaoAsync
Clinica,src/Clinica.Desktop/App.xaml.cs,259,MostrarAvisoPendenciasAsync
Clinica,src/Clinica.Desktop/App.xaml.cs,295,MostrarRodadaSeVencidaAsync
Clinica,src/Clinica.Desktop/App.xaml.cs,345,MostrarPendenciasOffline
Clinica,src/Clinica.Desktop/App.xaml.cs,367,ObterConexao
Clinica,src/Clinica.Desktop/App.xaml.cs,385,ConstruirHost
Clinica,src/Clinica.Desktop/App.xaml.cs,388,OnExit
Clinica,src/Clinica.Desktop/ModuloFaturamentoAplicativo.cs,39,Registrar
Clinica,src/Clinica.Desktop/ModuloFaturamentoAplicativo.cs,44,CriarTela
Clinica,src/Clinica.Desktop/Program.cs,17,Main
Clinica,src/Clinica.Desktop/Program.cs,38,FixarCulturaBrasileira
Clinica,src/Clinica.Desktop/UpdateService.cs,50,AtualizarNaAberturaAsync
Clinica,src/Clinica.Desktop/UpdateService.cs,80,ChecarEBaixarAsync
Clinica,src/Clinica.Desktop/UpdateService.cs,95,VerificarEBaixarAsync
Clinica,src/Clinica.Desktop/UpdateService.cs,136,AplicarEReiniciar
Clinica,src/Clinica.Domain/Avaliacoes/InstrumentoAvaliacao.cs,25,OpcaoItem
Clinica,src/Clinica.Domain/Avaliacoes/InstrumentoAvaliacao.cs,36,ItemInstrumento
Clinica,src/Clinica.Domain/Avaliacoes/InstrumentoAvaliacao.cs,45,RotuloDe
Clinica,src/Clinica.Domain/Avaliacoes/InstrumentoAvaliacao.cs,54,FaixaInstrumento
Clinica,src/Clinica.Domain/Avaliacoes/InstrumentoAvaliacao.cs,61,Contem
Clinica,src/Clinica.Domain/Avaliacoes/InstrumentoOswestry.cs,166,Pontuar
Clinica,src/Clinica.Domain/Avaliacoes/InstrumentosPsiquiatria.cs,18,Item
Clinica,src/Clinica.Domain/Avaliacoes/InstrumentosPsiquiatria.cs,74,AlertaDeItem
Clinica,src/Clinica.Domain/Avaliacoes/RegistroInstrumentos.cs,36,Obter
Clinica,src/Clinica.Domain/Avaliacoes/RegistroInstrumentos.cs,49,DaEspecialidade
Clinica,src/Clinica.Domain/CatalogoCid.cs,7,ItemCid
Clinica,src/Clinica.Domain/CatalogoCid.cs,121,Buscar
Clinica,src/Clinica.Domain/CatalogoCid.cs,143,Descrever
Clinica,src/Clinica.Domain/CatalogoCid.cs,158,Normalizar
Clinica,src/Clinica.Domain/ConformidadeDocumentoClinico.cs,23,ExigenciaLegal
Clinica,src/Clinica.Domain/ConformidadeDocumentoClinico.cs,78,ExigeAssinaturaQualificada
Clinica,src/Clinica.Domain/ConformidadeDocumentoClinico.cs,91,Conferir
Clinica,src/Clinica.Domain/ConformidadeDocumentoClinico.cs,162,Conforme
Clinica,src/Clinica.Domain/ConformidadeDocumentoClinico.cs,165,Ordenar
Clinica,src/Clinica.Domain/Cpf.cs,9,Normalizar
Clinica,src/Clinica.Domain/Cpf.cs,13,Formatar
Clinica,src/Clinica.Domain/Cpf.cs,22,Valido
Clinica,src/Clinica.Domain/EnderecoDeEmail.cs,16,Normalizar
Clinica,src/Clinica.Domain/EnderecoDeEmail.cs,26,Valido
Clinica,src/Clinica.Domain/EnderecoDeEmail.cs,38,SeValido
Clinica,src/Clinica.Domain/Entities/Acesso.cs,410,Padrao
Clinica,src/Clinica.Domain/Entities/Acesso.cs,563,EscreveComoEnfermagem
Clinica,src/Clinica.Domain/Entities/Acesso.cs,615,ProfissionalDaListaDoPosto
Clinica,src/Clinica.Domain/Entities/Acesso.cs,627,MotivoDaListaDoPosto
Clinica,src/Clinica.Domain/Entities/Acesso.cs,652,Rotular
Clinica,src/Clinica.Domain/Entities/Acesso.cs,664,Rotular
Clinica,src/Clinica.Domain/Entities/Acesso.cs,712,Assunto
Clinica,src/Clinica.Domain/Entities/Acesso.cs,745,Explicar
Clinica,src/Clinica.Domain/Entities/Acesso.cs,921,Pode
Clinica,src/Clinica.Domain/Entities/Acesso.cs,925,Travado
Clinica,src/Clinica.Domain/Entities/Acesso.cs,928,NormalizarLogin
Clinica,src/Clinica.Domain/Entities/AcompanhamentoPaciente.cs,57,Corresponde
Clinica,src/Clinica.Domain/Entities/AcompanhamentoPaciente.cs,62,Rotulo
Clinica,src/Clinica.Domain/Entities/Agendamento.cs,244,TempoDeAtendimento
Clinica,src/Clinica.Domain/Entities/Agendamento.cs,260,DuracaoDoAtendimento
Clinica,src/Clinica.Domain/Entities/Agendamento.cs,305,ChamadoHaMinutos
Clinica,src/Clinica.Domain/Entities/Agendamento.cs,328,EsperaMinutos
Clinica,src/Clinica.Domain/Entities/Agendamento.cs,355,AtrasoMinutos
Clinica,src/Clinica.Domain/Entities/Agendamento.cs,367,ColideCom
Clinica,src/Clinica.Domain/Entities/AtoClinico.cs,100,CoordenadaValida
Clinica,src/Clinica.Domain/Entities/AtoClinico.cs,230,Rotular
Clinica,src/Clinica.Domain/Entities/AtoClinico.cs,261,AssinadoPeloPaciente
Clinica,src/Clinica.Domain/Entities/AtoClinico.cs,269,EhMontadoDoProntuario
Clinica,src/Clinica.Domain/Entities/AtoClinico.cs,275,ExigeItens
Clinica,src/Clinica.Domain/Entities/AtoClinico.cs,497,LinkNoAr
Clinica,src/Clinica.Domain/Entities/AtoClinico.cs,707,SeloDoConteudo
Clinica,src/Clinica.Domain/Entities/AutorizacaoSessoes.cs,48,Vigente
Clinica,src/Clinica.Domain/Entities/AutorizacaoSessoes.cs,52,Vencida
Clinica,src/Clinica.Domain/Entities/Campanha.cs,124,Classificar
Clinica,src/Clinica.Domain/Entities/Campanha.cs,132,NotaValida
Clinica,src/Clinica.Domain/Entities/Campanha.cs,137,OrigemDeAgendamento
Clinica,src/Clinica.Domain/Entities/Campanha.cs,139,OrigemDeAtendimento
Clinica,src/Clinica.Domain/Entities/Campanha.cs,145,OrigemDeRecall
Clinica,src/Clinica.Domain/Entities/CampoPersonalizadoProntuario.cs,115,ValePara
Clinica,src/Clinica.Domain/Entities/CodigoFaturamento.cs,108,EstaPendente
Clinica,src/Clinica.Domain/Entities/CodigoFaturamento.cs,128,PrazoDecisaoVencido
Clinica,src/Clinica.Domain/Entities/CodigoFaturamento.cs,139,DarBaixa
Clinica,src/Clinica.Domain/Entities/CodigoFaturamento.cs,152,RegistrarObservacaoPendencia
Clinica,src/Clinica.Domain/Entities/CodigoFaturamento.cs,163,MarcarNaoConformidade
Clinica,src/Clinica.Domain/Entities/CodigoFaturamento.cs,179,ReabrirNaoConformidade
Clinica,src/Clinica.Domain/Entities/CodigoFaturamento.cs,191,EstornarBaixa
Clinica,src/Clinica.Domain/Entities/CodigoFaturamento.cs,217,RegistrarGlosa
Clinica,src/Clinica.Domain/Entities/CodigoFaturamento.cs,230,DiasParaFimRecurso
Clinica,src/Clinica.Domain/Entities/CodigoFaturamento.cs,234,Reapresentar
Clinica,src/Clinica.Domain/Entities/CodigoFaturamento.cs,243,MarcarGlosaRecuperada
Clinica,src/Clinica.Domain/Entities/ColetaRemotaTermo.cs,84,Vencida
Clinica,src/Clinica.Domain/Entities/ColetaRemotaTermo.cs,102,CaminhoPedido
Clinica,src/Clinica.Domain/Entities/ColetaRemotaTermo.cs,106,CaminhoResposta
Clinica,src/Clinica.Domain/Entities/ColetaRemotaTermo.cs,108,Url
Clinica,src/Clinica.Domain/Entities/ConclusaoClinica.cs,6,Permitida
Clinica,src/Clinica.Domain/Entities/Consulta.cs,40,EstaVencida
Clinica,src/Clinica.Domain/Entities/Consulta.cs,43,DiasParaVencer
Clinica,src/Clinica.Domain/Entities/ConvenioCadastro.cs,22,ADefinir
Clinica,src/Clinica.Domain/Entities/ConvenioCadastro.cs,64,Particular
Clinica,src/Clinica.Domain/Entities/ConvenioCadastro.cs,153,ParaConfig
Clinica,src/Clinica.Domain/Entities/DesenhoDaSessao.cs,20,DesenhoDaSessao
Clinica,src/Clinica.Domain/Entities/DesenhoDaSessao.cs,39,Serializar
Clinica,src/Clinica.Domain/Entities/DesenhoDaSessao.cs,66,Ler
Clinica,src/Clinica.Domain/Entities/DesenhoDaSessao.cs,123,De
Clinica,src/Clinica.Domain/Entities/DesenhoDaSessao.cs,155,N
Clinica,src/Clinica.Domain/Entities/DesenhoDaSessao.cs,157,D
Clinica,src/Clinica.Domain/Entities/DesenhoDaSessao.cs,159,LerInt
Clinica,src/Clinica.Domain/Entities/DesenhoDaSessao.cs,164,Escapar
Clinica,src/Clinica.Domain/Entities/DesenhoDaSessao.cs,168,Desescapar
Clinica,src/Clinica.Domain/Entities/DesenhoDaSessao.cs,177,PontoDaSessao
Clinica,src/Clinica.Domain/Entities/DesenhoDaSessao.cs,195,De
Clinica,src/Clinica.Domain/Entities/DocumentoFinanceiro.cs,15,Rotular
Clinica,src/Clinica.Domain/Entities/DocumentoFinanceiro.cs,102,Prefixo
Clinica,src/Clinica.Domain/Entities/Equipe.cs,6,AtendimentoHabilitado
Clinica,src/Clinica.Domain/Entities/Equipe.cs,54,Atende
Clinica,src/Clinica.Domain/Entities/Equipe.cs,112,BitDe
Clinica,src/Clinica.Domain/Entities/Equipe.cs,118,AtendeEm
Clinica,src/Clinica.Domain/Entities/Equipe.cs,124,DentroDoExpediente
Clinica,src/Clinica.Domain/Entities/Equipe.cs,165,Abreviar
Clinica,src/Clinica.Domain/Entities/Equipe.cs,273,ServeParaDia
Clinica,src/Clinica.Domain/Entities/Equipe.cs,279,ServeParaHorario
Clinica,src/Clinica.Domain/Entities/Equipe.cs,340,ColideCom
Clinica,src/Clinica.Domain/Entities/Equipe.cs,349,AlcancaRecurso
Clinica,src/Clinica.Domain/Entities/Estoque.cs,161,DeltaDe
Clinica,src/Clinica.Domain/Entities/EvolucaoEnfermagem.cs,227,AlertaAgora
Clinica,src/Clinica.Domain/Entities/EvolucaoEnfermagem.cs,395,Vigentes
Clinica,src/Clinica.Domain/Entities/EvolucaoEnfermagem.cs,470,CriticarSinaisVitais
Clinica,src/Clinica.Domain/Entities/Financeiro.cs,271,RecebimentoAtrasado
Clinica,src/Clinica.Domain/Entities/Financeiro.cs,286,EstaVencido
Clinica,src/Clinica.Domain/Entities/Financeiro.cs,293,DiasAteVencer
Clinica,src/Clinica.Domain/Entities/LoteTiss.cs,56,MarcarEnviado
Clinica,src/Clinica.Domain/Entities/LoteTiss.cs,66,RegistrarRetorno
Clinica,src/Clinica.Domain/Entities/Meta.cs,78,Rotular
Clinica,src/Clinica.Domain/Entities/Meta.cs,91,Formatar
Clinica,src/Clinica.Domain/Entities/Meta.cs,99,Unidade
Clinica,src/Clinica.Domain/Entities/Pacotes.cs,131,Expirado
Clinica,src/Clinica.Domain/Entities/Pacotes.cs,140,Situacao
Clinica,src/Clinica.Domain/Entities/Pacotes.cs,149,PodeConsumir
Clinica,src/Clinica.Domain/Entities/Pacotes.cs,163,ADebitar
Clinica,src/Clinica.Domain/Entities/PrecoConvenio.cs,61,VigenteEm
Clinica,src/Clinica.Domain/Entities/PrecoParticular.cs,62,VigenteEm
Clinica,src/Clinica.Domain/Entities/ProcessoEnfermagem.cs,264,Vigentes
Clinica,src/Clinica.Domain/Entities/Prontuario.cs,319,EvaValida
Clinica,src/Clinica.Domain/Entities/Prontuario.cs,491,Casa
Clinica,src/Clinica.Domain/Entities/Prontuario.cs,502,Normalizar
Clinica,src/Clinica.Domain/Entities/Recorrencia.cs,96,ProximoDepoisDe
Clinica,src/Clinica.Domain/Entities/Recorrencia.cs,113,VencimentosAte
Clinica,src/Clinica.Domain/Entities/Recorrencia.cs,133,Somar
Clinica,src/Clinica.Domain/Entities/Recorrencia.cs,151,OrigemDe
Clinica,src/Clinica.Domain/Entities/Repasse.cs,54,VigenteEm
Clinica,src/Clinica.Domain/Entities/Repasse.cs,109,Sobrepoe
Clinica,src/Clinica.Domain/Entities/SessaoUsuario.cs,90,Pode
Clinica,src/Clinica.Domain/Entities/SessaoUsuario.cs,115,Exigir
Clinica,src/Clinica.Domain/Entities/SessaoUsuario.cs,132,PodeAlgum
Clinica,src/Clinica.Domain/Entities/SessaoUsuario.cs,138,ExigirAlgum
Clinica,src/Clinica.Domain/Entities/SessaoUsuario.cs,147,Entrar
Clinica,src/Clinica.Domain/Entities/SilhuetaCorporal.cs,10,ElipseSilhueta
Clinica,src/Clinica.Domain/Entities/SilhuetaCorporal.cs,13,RetanguloSilhueta
Clinica,src/Clinica.Domain/Entities/SilhuetaCorporal.cs,77,Svg
Clinica,src/Clinica.Domain/Entities/SilhuetaCorporal.cs,130,N
Clinica,src/Clinica.Domain/Entities/SilhuetaCorporal.cs,135,PontoDesenhado
Clinica,src/Clinica.Domain/Entities/Taxas.cs,71,VigenteEm
Clinica,src/Clinica.Domain/Entities/Taxas.cs,77,CobreParcelas
Clinica,src/Clinica.Domain/Entities/Taxas.cs,94,Rotular
Clinica,src/Clinica.Domain/Entities/Tributo.cs,78,VigenteEm
Clinica,src/Clinica.Domain/EspecialidadeInfo.cs,6,NomeExibicao
Clinica,src/Clinica.Domain/GuardaProntuario.cs,61,VenceEm
Clinica,src/Clinica.Domain/GuardaProntuario.cs,68,CumpriuPrazo
Clinica,src/Clinica.Domain/GuardaProntuario.cs,79,DiasRestantes
Clinica,src/Clinica.Domain/GuardaProntuario.cs,89,Descrever
Clinica,src/Clinica.Domain/HashSenha.cs,43,Confere
Clinica,src/Clinica.Domain/HashSenha.cs,69,PrecisaRehash
Clinica,src/Clinica.Domain/HashSenha.cs,76,Criticar
Clinica,src/Clinica.Domain/HashSenha.cs,87,Derivar
Clinica,src/Clinica.Domain/IdadeDoPaciente.cs,54,Anos
Clinica,src/Clinica.Domain/IdadeDoPaciente.cs,71,Texto
Clinica,src/Clinica.Domain/IdadeDoPaciente.cs,85,Implausivel
Clinica,src/Clinica.Domain/LeitorOfx.cs,14,LinhaExtrato
Clinica,src/Clinica.Domain/LeitorOfx.cs,24,Extrato
Clinica,src/Clinica.Domain/LeitorOfx.cs,59,Campo
Clinica,src/Clinica.Domain/LeitorOfx.cs,77,Ler
Clinica,src/Clinica.Domain/LeitorOfx.cs,124,LerData
Clinica,src/Clinica.Domain/LeitorOfx.cs,144,LerValor
Clinica,src/Clinica.Domain/Medidas/CatalogoMedidas.cs,13,FaixaMedida
Clinica,src/Clinica.Domain/Medidas/CatalogoMedidas.cs,16,Contem
Clinica,src/Clinica.Domain/Medidas/CatalogoMedidas.cs,93,FaixaDe
Clinica,src/Clinica.Domain/Medidas/CatalogoMedidas.cs,110,Formatar
Clinica,src/Clinica.Domain/Medidas/CatalogoMedidas.cs,277,Obter
Clinica,src/Clinica.Domain/Medidas/CatalogoMedidas.cs,287,CalcularImc
Clinica,src/Clinica.Domain/MidiaClinica.cs,70,CaminhoDoObjeto
Clinica,src/Clinica.Domain/MidiaClinica.cs,78,GerarToken
Clinica,src/Clinica.Domain/MidiaClinica.cs,85,Extensao
Clinica,src/Clinica.Domain/MidiaClinica.cs,103,TipoDe
Clinica,src/Clinica.Domain/MidiaClinica.cs,124,MimeDe
Clinica,src/Clinica.Domain/MidiaClinica.cs,161,TamanhoLegivel
Clinica,src/Clinica.Domain/ModalidadeInfo.cs,6,NomeExibicao
Clinica,src/Clinica.Domain/ModeloInfusao.cs,7,ItemModeloInfusao
Clinica,src/Clinica.Domain/ModeloInfusao.cs,12,ModeloInfusao
Clinica,src/Clinica.Domain/ModeloInfusao.cs,18,Guardar
Clinica,src/Clinica.Domain/ModeloInfusao.cs,29,Ler
Clinica,src/Clinica.Domain/ModeloInfusao.cs,43,De
Clinica,src/Clinica.Domain/ModeloInfusao.cs,46,Para
Clinica,src/Clinica.Domain/Prontuario/CatalogoEnfermagem.cs,10,DiagnosticoCatalogo
Clinica,src/Clinica.Domain/Prontuario/CatalogoEnfermagem.cs,19,CuidadoCatalogo
Clinica,src/Clinica.Domain/Prontuario/CatalogoEnfermagem.cs,173,Diagnostico
Clinica,src/Clinica.Domain/Prontuario/CatalogoEnfermagem.cs,176,Cuidado
Clinica,src/Clinica.Domain/Prontuario/CatalogoEnfermagem.cs,187,CuidadosDe
Clinica,src/Clinica.Domain/Prontuario/CatalogoEnfermagem.cs,193,BuscarDiagnosticos
Clinica,src/Clinica.Domain/Prontuario/CatalogoEnfermagem.cs,203,BuscarCuidados
Clinica,src/Clinica.Domain/Prontuario/CatalogoEnfermagem.cs,210,Normalizar
Clinica,src/Clinica.Domain/Prontuario/CatalogoRegistroClinico.cs,99,InfoRegistroClinico
Clinica,src/Clinica.Domain/Prontuario/CatalogoRegistroClinico.cs,140,Obter
Clinica,src/Clinica.Domain/Prontuario/CatalogoRegistroClinico.cs,143,Rotular
Clinica,src/Clinica.Domain/Prontuario/CatalogoRegistroClinico.cs,147,Contar
Clinica,src/Clinica.Domain/Prontuario/RespostaDeclaracao.cs,27,RequerAtencao
Clinica,src/Clinica.Domain/Prontuario/RespostaDeclaracao.cs,37,EhNegativa
Clinica,src/Clinica.Domain/Prontuario/RespostaDeclaracao.cs,42,EhPositiva
Clinica,src/Clinica.Domain/Prontuario/TermoConsentimento.cs,13,DecisaoDeConsentimento
Clinica,src/Clinica.Domain/Prontuario/TermoConsentimento.cs,54,Decisoes
Clinica,src/Clinica.Domain/Prontuario/TermoConsentimento.cs,96,Respondivel
Clinica,src/Clinica.Domain/Prontuario/TermoConsentimento.cs,113,Finalidade
Clinica,src/Clinica.Domain/Prontuario/TermoConsentimento.cs,125,Declarar
Clinica,src/Clinica.Domain/Prontuario/TermoConsentimento.cs,147,Detalhar
Clinica,src/Clinica.Domain/PublicacaoDocumento.cs,81,DiasPublicadoValidos
Clinica,src/Clinica.Domain/PublicacaoDocumento.cs,94,PodePublicar
Clinica,src/Clinica.Domain/PublicacaoDocumento.cs,104,GerarToken
Clinica,src/Clinica.Domain/PublicacaoDocumento.cs,116,CaminhoDoObjeto
Clinica,src/Clinica.Domain/PublicacaoDocumento.cs,126,Url
Clinica,src/Clinica.Domain/Regras/CatalogoConvenios.cs,4,EntradaConvenio
Clinica,src/Clinica.Domain/Regras/CatalogoConvenios.cs,28,Atualizar
Clinica,src/Clinica.Domain/Regras/CatalogoConvenios.cs,31,Buscar
Clinica,src/Clinica.Domain/Regras/CatalogoConvenios.cs,35,Nome
Clinica,src/Clinica.Domain/Regras/CatalogoConvenios.cs,39,Familia
Clinica,src/Clinica.Domain/Regras/CatalogoConvenios.cs,68,Nome
Clinica,src/Clinica.Domain/Regras/CatalogoConvenios.cs,92,Nome
Clinica,src/Clinica.Domain/Regras/CatalogoConvenios.cs,96,Config
Clinica,src/Clinica.Domain/Regras/CatalogoConvenios.cs,103,RegistroAns
Clinica,src/Clinica.Domain/Regras/CatalogoConvenios.cs,107,ValidadeConsultaDias
Clinica,src/Clinica.Domain/Regras/CatalogoConvenios.cs,134,FormatoDoNumeroDaGuia
Clinica,src/Clinica.Domain/Regras/CatalogoConvenios.cs,152,GeraGuia
Clinica,src/Clinica.Domain/Regras/CatalogoEspecialidades.cs,4,EntradaEspecialidade
Clinica,src/Clinica.Domain/Regras/CatalogoEspecialidades.cs,18,Atualizar
Clinica,src/Clinica.Domain/Regras/CatalogoEspecialidades.cs,21,Buscar
Clinica,src/Clinica.Domain/Regras/CatalogoEspecialidades.cs,25,Nome
Clinica,src/Clinica.Domain/Regras/CatalogoEspecialidades.cs,33,BaseEnum
Clinica,src/Clinica.Domain/Regras/CatalogoModalidades.cs,4,EntradaModalidade
Clinica,src/Clinica.Domain/Regras/CatalogoModalidades.cs,25,Atualizar
Clinica,src/Clinica.Domain/Regras/CatalogoModalidades.cs,28,Buscar
Clinica,src/Clinica.Domain/Regras/CatalogoModalidades.cs,32,Nome
Clinica,src/Clinica.Domain/Regras/CatalogoModalidades.cs,48,Nome
Clinica,src/Clinica.Domain/Regras/CatalogoModalidades.cs,71,NomeComEspecialidade
Clinica,src/Clinica.Domain/Regras/CatalogoModalidades.cs,88,Base
Clinica,src/Clinica.Domain/Regras/CategoriaConvenio.cs,17,Base
Clinica,src/Clinica.Domain/Regras/ConvenioInfo.cs,7,ValidadeConsultaDias
Clinica,src/Clinica.Domain/Regras/ConvenioInfo.cs,17,NomeExibicaoPadrao
Clinica,src/Clinica.Domain/Regras/ConvenioInfo.cs,27,NomeExibicao
Clinica,src/Clinica.Domain/Regras/MotivosGlosa.cs,8,MotivoGlosa
Clinica,src/Clinica.Domain/Regras/MotivosGlosa.cs,16,ToString
Clinica,src/Clinica.Domain/Regras/MotivosGlosa.cs,105,Descricao
Clinica,src/Clinica.Domain/Regras/MotivosGlosa.cs,112,Obter
Clinica,src/Clinica.Domain/Regras/OpcoesDeConvenio.cs,25,OpcaoDeConvenio
Clinica,src/Clinica.Domain/Regras/OpcoesDeConvenio.cs,65,Explicar
Clinica,src/Clinica.Domain/Regras/OpcoesDeConvenio.cs,96,Montar
Clinica,src/Clinica.Domain/Regras/OpcoesDeConvenio.cs,108,Montar
Clinica,src/Clinica.Domain/Regras/OpcoesDeConvenio.cs,116,Uma
Clinica,src/Clinica.Domain/Regras/OpcoesDeConvenio.cs,125,Ordenar
Clinica,src/Clinica.Domain/Regras/RegistroRegras.cs,14,Para
Clinica,src/Clinica.Domain/Regras/RegistroRegras.cs,21,DefaultRegras
Clinica,src/Clinica.Domain/Regras/RegraAmil.cs,13,Gerar
Clinica,src/Clinica.Domain/Regras/RegraAmil.cs,47,Codigo
Clinica,src/Clinica.Domain/Regras/RegraConsultaAvulsa.cs,12,Aplicar
Clinica,src/Clinica.Domain/Regras/RegraGenerica.cs,14,Gerar
Clinica,src/Clinica.Domain/Regras/RegraGenerica.cs,76,InstrucaoObtencao
Clinica,src/Clinica.Domain/Regras/RegraGenerica.cs,84,Codigo
Clinica,src/Clinica.Domain/Regras/RegraNumeroGuia.cs,30,PadraoDaFamilia
Clinica,src/Clinica.Domain/Regras/RegraNumeroGuia.cs,53,Criticar
Clinica,src/Clinica.Domain/Regras/RegraNumeroGuia.cs,80,Dica
Clinica,src/Clinica.Domain/Regras/RegraPetrobras.cs,16,Gerar
Clinica,src/Clinica.Domain/Regras/RegraPetrobras.cs,85,EspecialidadesPermitidas
Clinica,src/Clinica.Domain/Regras/RegraPetrobras.cs,89,LimiteSessoesMes
Clinica,src/Clinica.Domain/Regras/RegraPetrobras.cs,92,ProximaEspecialidadeDisponivel
Clinica,src/Clinica.Domain/Regras/RegraUnimedIntercambio.cs,15,Gerar
Clinica,src/Clinica.Domain/Regras/RegraUnimedIntercambio.cs,71,NomeTipo
Clinica,src/Clinica.Domain/Regras/RegraUnimedIntercambio.cs,79,Codigo
Clinica,src/Clinica.Domain/Regras/RegraUnimedPadrao.cs,17,Gerar
Clinica,src/Clinica.Domain/Regras/RegraUnimedPadrao.cs,95,NomeTipo
Clinica,src/Clinica.Domain/Regras/RegraUnimedPadrao.cs,103,Codigo
Clinica,src/Clinica.Domain/RotulosEnum.cs,40,De
Clinica,src/Clinica.Domain/RotulosEnum.cs,304,Humanizar
Clinica,src/Clinica.Domain/Telefone.cs,9,Normalizar
Clinica,src/Clinica.Domain/Telefone.cs,16,Formatar
Clinica,src/Clinica.Domain/TextoFormatado.cs,6,TrechoTexto
Clinica,src/Clinica.Domain/TextoFormatado.cs,12,Ler
Clinica,src/Clinica.Domain/TextoFormatado.cs,49,Normalizar
Clinica,src/Clinica.Domain/TextoFormatado.cs,51,Guardar
Clinica,src/Clinica.Domain/TextoFormatado.cs,81,Linhas
Clinica,src/Clinica.Domain/TextoReceituario.cs,20,DoModelo
Clinica,src/Clinica.Domain/TextoReceituario.cs,35,Acrescentar
Clinica,src/Clinica.Financeiro/App.xaml.cs,23,OnStartup
Clinica,src/Clinica.Financeiro/App.xaml.cs,29,OnExit
Clinica,src/Clinica.Financeiro/Program.cs,12,Main
Clinica,src/Clinica.Gerente/App.xaml.cs,43,OnStartup
Clinica,src/Clinica.Gerente/App.xaml.cs,63,LembretesPorEmailAsync
Clinica,src/Clinica.Gerente/App.xaml.cs,94,ExpirarLinksVencidosAsync
Clinica,src/Clinica.Gerente/App.xaml.cs,133,CopiaDeSegurancaAsync
Clinica,src/Clinica.Gerente/App.xaml.cs,148,OnExit
Clinica,src/Clinica.Gerente/Program.cs,12,Main
Clinica,src/Clinica.Infrastructure/AcompanhamentoPacienteService.cs,9,AcompanhamentoPacienteService
Clinica,src/Clinica.Infrastructure/AcompanhamentoPacienteService.cs,17,PodeAcompanhar
Clinica,src/Clinica.Infrastructure/AcompanhamentoPacienteService.cs,20,Usuario
Clinica,src/Clinica.Infrastructure/AcompanhamentoPacienteService.cs,28,Parametro
Clinica,src/Clinica.Infrastructure/AcompanhamentoPacienteService.cs,31,ConfiguracaoAsync
Clinica,src/Clinica.Infrastructure/AcompanhamentoPacienteService.cs,41,ConfigurarAsync
Clinica,src/Clinica.Infrastructure/AcompanhamentoPacienteService.cs,57,AdicionarMotivoAsync
Clinica,src/Clinica.Infrastructure/AcompanhamentoPacienteService.cs,69,EstadoBsvAsync
Clinica,src/Clinica.Infrastructure/AcompanhamentoPacienteService.cs,82,IndicarBsvAsync
Clinica,src/Clinica.Infrastructure/AcompanhamentoPacienteService.cs,104,GerarRecallAsync
Clinica,src/Clinica.Infrastructure/AcompanhamentoPacienteService.cs,117,GerarRecallCoreAsync
Clinica,src/Clinica.Infrastructure/AcompanhamentoPacienteService.cs,168,ListarAsync
Clinica,src/Clinica.Infrastructure/AcompanhamentoPacienteService.cs,215,HistoricoAsync
Clinica,src/Clinica.Infrastructure/AcompanhamentoPacienteService.cs,226,ValidarContatoAsync
Clinica,src/Clinica.Infrastructure/AcompanhamentoPacienteService.cs,235,AtualizarAsync
Clinica,src/Clinica.Infrastructure/ArmazenamentoS3.cs,51,PublicarAsync
Clinica,src/Clinica.Infrastructure/ArmazenamentoS3.cs,112,GuardarPrivadoAsync
Clinica,src/Clinica.Infrastructure/ArmazenamentoS3.cs,137,RemoverAsync
Clinica,src/Clinica.Infrastructure/ArmazenamentoS3.cs,151,LerAsync
Clinica,src/Clinica.Infrastructure/BackupService.cs,12,TabelaBackup
Clinica,src/Clinica.Infrastructure/BackupService.cs,20,ManifestoBackup
Clinica,src/Clinica.Infrastructure/BackupService.cs,39,Tabela
Clinica,src/Clinica.Infrastructure/BackupService.cs,44,ResultadoRestauracao
Clinica,src/Clinica.Infrastructure/BackupService.cs,121,TabelasEmOrdem
Clinica,src/Clinica.Infrastructure/BackupService.cs,156,Aspas
Clinica,src/Clinica.Infrastructure/BackupService.cs,159,AbrirAsync
Clinica,src/Clinica.Infrastructure/BackupService.cs,175,GerarAsync
Clinica,src/Clinica.Infrastructure/BackupService.cs,226,Converter
Clinica,src/Clinica.Infrastructure/BackupService.cs,246,TiposDasColunas
Clinica,src/Clinica.Infrastructure/BackupService.cs,267,Retipar
Clinica,src/Clinica.Infrastructure/BackupService.cs,294,ArquivoBackup
Clinica,src/Clinica.Infrastructure/BackupService.cs,306,ConferirAsync
Clinica,src/Clinica.Infrastructure/BackupService.cs,326,LerAsync
Clinica,src/Clinica.Infrastructure/BackupService.cs,356,RestaurarAsync
Clinica,src/Clinica.Infrastructure/BackupService.cs,437,RecusarSeTiverDadosAsync
Clinica,src/Clinica.Infrastructure/BackupService.cs,464,EsvaziarSemeadasAsync
Clinica,src/Clinica.Infrastructure/BackupService.cs,487,ReiniciarSequenciasAsync
Clinica,src/Clinica.Infrastructure/ClinicaDbContext.cs,14,SaveChangesAsync
Clinica,src/Clinica.Infrastructure/ClinicaDbContext.cs,20,SaveChanges
Clinica,src/Clinica.Infrastructure/ClinicaDbContext.cs,26,PrepararGravacaoTablet
Clinica,src/Clinica.Infrastructure/ClinicaDbContext.cs,131,OnModelCreating
Clinica,src/Clinica.Infrastructure/ClinicaDbContextFactory.cs,12,CreateDbContext
Clinica,src/Clinica.Infrastructure/ClinicaRepositorio.cs,11,ObterViaAssinadaPacienteAsync
Clinica,src/Clinica.Infrastructure/ClinicaRepositorio.cs,17,ReciboVigenteDoLancamentoAsync
Clinica,src/Clinica.Infrastructure/ClinicaRepositorio.cs,22,LancamentosDaTransacaoBancariaAsync
Clinica,src/Clinica.Infrastructure/ClinicaRepositorio.cs,27,AdicionarParcelaCartaoAsync
Clinica,src/Clinica.Infrastructure/ClinicaRepositorio.cs,30,ParcelasCartaoDoLancamentoAsync
Clinica,src/Clinica.Infrastructure/ClinicaRepositorio.cs,33,ParcelasCartaoPorIdsAsync
Clinica,src/Clinica.Infrastructure/ClinicaRepositorio.cs,36,ConsultaParcelasCartao
Clinica,src/Clinica.Infrastructure/ClinicaRepositorio.cs,40,ParcelasCartaoAbertasAsync
Clinica,src/Clinica.Infrastructure/ClinicaRepositorio.cs,43,ParcelasCartaoConfirmadasAsync
Clinica,src/Clinica.Infrastructure/ClinicaRepositorio.cs,46,ParcelasCartaoParaConciliacaoAsync
Clinica,src/Clinica.Infrastructure/ClinicaRepositorio.cs,49,ParcelasCartaoDaTransacaoAsync
Clinica,src/Clinica.Infrastructure/ClinicaRepositorio.cs,77,LancamentosParaConciliacaoAsync
Clinica,src/Clinica.Infrastructure/ClinicaRepositorio.cs,81,ConsultaLancamentosParaConciliacao
Clinica,src/Clinica.Infrastructure/ClinicaRepositorio.cs,89,IdBancarioUtilizadoAsync
Clinica,src/Clinica.Infrastructure/ClinicaRepositorio.cs,95,CobrancasDoPacienteAsync
Clinica,src/Clinica.Infrastructure/ClinicaRepositorio.cs,99,ConsultaCobrancasDoPaciente
Clinica,src/Clinica.Infrastructure/ClinicaRepositorio.cs,107,AgendamentosQueSobrepoemAsync
Clinica,src/Clinica.Infrastructure/ClinicaRepositorio.cs,116,ExecutarEtapaFechamentoAsync
Clinica,src/Clinica.Infrastructure/ClinicaRepositorio.cs,160,PedidoCaixaLegadoEquivalenteAsync
Clinica,src/Clinica.Infrastructure/ClinicaRepositorio.cs,180,ObterPacienteAsync
Clinica,src/Clinica.Infrastructure/ClinicaRepositorio.cs,183,CodigosDoPacienteNoMesAsync
Clinica,src/Clinica.Infrastructure/ClinicaRepositorio.cs,194,CodigosEmAbertoAsync
Clinica,src/Clinica.Infrastructure/ClinicaRepositorio.cs,201,CodigosEmNaoConformidadeAsync
Clinica,src/Clinica.Infrastructure/ClinicaRepositorio.cs,207,CodigosEmNaoConformidadeDoPacienteAsync
Clinica,src/Clinica.Infrastructure/ClinicaRepositorio.cs,213,CodigosNoPeriodoAsync
Clinica,src/Clinica.Infrastructure/ClinicaRepositorio.cs,220,CodigosGlosadosAsync
Clinica,src/Clinica.Infrastructure/ClinicaRepositorio.cs,230,CodigosGlosadosDoPacienteAsync
Clinica,src/Clinica.Infrastructure/ClinicaRepositorio.cs,239,ConsultarCodigosAsync
Clinica,src/Clinica.Infrastructure/ClinicaRepositorio.cs,298,AdicionarLoteAsync
Clinica,src/Clinica.Infrastructure/ClinicaRepositorio.cs,301,LotesTissAsync
Clinica,src/Clinica.Infrastructure/ClinicaRepositorio.cs,307,ObterLoteTissAsync
Clinica,src/Clinica.Infrastructure/ClinicaRepositorio.cs,312,CodigosBaixadosSemLoteAsync
Clinica,src/Clinica.Infrastructure/ClinicaRepositorio.cs,320,PacientesComAtendimentosAsync
Clinica,src/Clinica.Infrastructure/ClinicaRepositorio.cs,330,ResumoAtendimentosPorPacienteAsync
Clinica,src/Clinica.Infrastructure/ClinicaRepositorio.cs,345,PacientesComAgendamentoFuturoAsync
Clinica,src/Clinica.Infrastructure/ClinicaRepositorio.cs,363,PacientesJaContatadosAsync
Clinica,src/Clinica.Infrastructure/ClinicaRepositorio.cs,388,PacotesDosPacientesAsync
Clinica,src/Clinica.Infrastructure/ClinicaRepositorio.cs,410,ObterCodigoAsync
Clinica,src/Clinica.Infrastructure/ClinicaRepositorio.cs,415,AdicionarAtendimentoAsync
Clinica,src/Clinica.Infrastructure/ClinicaRepositorio.cs,418,ObterAtendimentoAsync
Clinica,src/Clinica.Infrastructure/ClinicaRepositorio.cs,424,MarcarAtendimentosSemCarimboComoRealizadosAsync
Clinica,src/Clinica.Infrastructure/ClinicaRepositorio.cs,456,AniversariantesAsync
Clinica,src/Clinica.Infrastructure/ClinicaRepositorio.cs,479,AgendamentosDoPacienteAsync
Clinica,src/Clinica.Infrastructure/ClinicaRepositorio.cs,486,SessoesNaFichaAsync
Clinica,src/Clinica.Infrastructure/ClinicaRepositorio.cs,494,ConsultaSessoesNaFicha
Clinica,src/Clinica.Infrastructure/ClinicaRepositorio.cs,510,AgendamentosDoPacienteNoDiaAsync
Clinica,src/Clinica.Infrastructure/ClinicaRepositorio.cs,523,AgendamentosDoPacienteNoPeriodoAsync
Clinica,src/Clinica.Infrastructure/ClinicaRepositorio.cs,539,AgendamentosDoProfissionalNoPeriodoAsync
Clinica,src/Clinica.Infrastructure/ClinicaRepositorio.cs,551,AgendamentosFuturosDoPacienteAsync
Clinica,src/Clinica.Infrastructure/ClinicaRepositorio.cs,563,RetornosSugeridosAsync
Clinica,src/Clinica.Infrastructure/ClinicaRepositorio.cs,584,HorariosAtivosDosPacientesAsync
Clinica,src/Clinica.Infrastructure/ClinicaRepositorio.cs,612,PrimeiroAtendimentoPorPacienteAsync
Clinica,src/Clinica.Infrastructure/ClinicaRepositorio.cs,626,BuscarPacientesAsync
Clinica,src/Clinica.Infrastructure/ClinicaRepositorio.cs,647,ObterPacienteComHistoricoAsync
Clinica,src/Clinica.Infrastructure/ClinicaRepositorio.cs,652,CodigosBaixadosNoPeriodoAsync
Clinica,src/Clinica.Infrastructure/ClinicaRepositorio.cs,659,ChavesDeImportacaoDeEvolucoesAsync
Clinica,src/Clinica.Infrastructure/ClinicaRepositorio.cs,666,ChavesDeImportacaoDeAgendamentosAsync
Clinica,src/Clinica.Infrastructure/ClinicaRepositorio.cs,673,EvolucoesImportadasSemProfissionalAsync
Clinica,src/Clinica.Infrastructure/ClinicaRepositorio.cs,680,AgendamentosImportadosSemProfissionalAsync
Clinica,src/Clinica.Infrastructure/ClinicaRepositorio.cs,687,VincularProfissionalEmEvolucoesAsync
Clinica,src/Clinica.Infrastructure/ClinicaRepositorio.cs,693,VincularProfissionalEmAgendamentosAsync
Clinica,src/Clinica.Infrastructure/ClinicaRepositorio.cs,699,FichasResumidasAsync
Clinica,src/Clinica.Infrastructure/ClinicaRepositorio.cs,706,PacientesPorCpfAsync
Clinica,src/Clinica.Infrastructure/ClinicaRepositorio.cs,724,AdicionarPacienteAsync
Clinica,src/Clinica.Infrastructure/ClinicaRepositorio.cs,727,RemoverPacienteAsync
Clinica,src/Clinica.Infrastructure/ClinicaRepositorio.cs,734,PacienteTemRegistroClinicoAsync
Clinica,src/Clinica.Infrastructure/ClinicaRepositorio.cs,766,ObterFotoPacienteAsync
Clinica,src/Clinica.Infrastructure/ClinicaRepositorio.cs,769,DefinirFotoPacienteAsync
Clinica,src/Clinica.Infrastructure/ClinicaRepositorio.cs,794,AutorizacoesDoPacienteAsync
Clinica,src/Clinica.Infrastructure/ClinicaRepositorio.cs,801,ObterAutorizacaoAsync
Clinica,src/Clinica.Infrastructure/ClinicaRepositorio.cs,804,AdicionarAutorizacaoAsync
Clinica,src/Clinica.Infrastructure/ClinicaRepositorio.cs,807,RemoverAutorizacaoAsync
Clinica,src/Clinica.Infrastructure/ClinicaRepositorio.cs,814,ContarAtendimentosDoPacienteAsync
Clinica,src/Clinica.Infrastructure/ClinicaRepositorio.cs,817,HipotesesRecentesAsync
Clinica,src/Clinica.Infrastructure/ClinicaRepositorio.cs,860,AtendimentosDoPacienteNoDiaAsync
Clinica,src/Clinica.Infrastructure/ClinicaRepositorio.cs,868,ContarAtendimentosAtivosDoPacienteAsync
Clinica,src/Clinica.Infrastructure/ClinicaRepositorio.cs,879,RemoverFotoPacienteAsync
Clinica,src/Clinica.Infrastructure/ClinicaRepositorio.cs,895,ParametrosAsync
Clinica,src/Clinica.Infrastructure/ClinicaRepositorio.cs,898,SalvarParametroAsync
Clinica,src/Clinica.Infrastructure/ClinicaRepositorio.cs,914,ConveniosAsync
Clinica,src/Clinica.Infrastructure/ClinicaRepositorio.cs,917,SalvarConvenioAsync
Clinica,src/Clinica.Infrastructure/ClinicaRepositorio.cs,957,ExcluirConvenioAsync
Clinica,src/Clinica.Infrastructure/ClinicaRepositorio.cs,964,ConvenioEmUsoAsync
Clinica,src/Clinica.Infrastructure/ClinicaRepositorio.cs,967,ModalidadesAsync
Clinica,src/Clinica.Infrastructure/ClinicaRepositorio.cs,970,SalvarModalidadeAsync
Clinica,src/Clinica.Infrastructure/ClinicaRepositorio.cs,983,ExcluirModalidadeAsync
Clinica,src/Clinica.Infrastructure/ClinicaRepositorio.cs,990,ModalidadeEmUsoAsync
Clinica,src/Clinica.Infrastructure/ClinicaRepositorio.cs,995,EspecialidadesAsync
Clinica,src/Clinica.Infrastructure/ClinicaRepositorio.cs,998,SalvarEspecialidadeAsync
Clinica,src/Clinica.Infrastructure/ClinicaRepositorio.cs,1010,ExcluirEspecialidadeAsync
Clinica,src/Clinica.Infrastructure/ClinicaRepositorio.cs,1017,EspecialidadeEmUsoAsync
Clinica,src/Clinica.Infrastructure/ClinicaRepositorio.cs,1022,ObterConfiguracaoAsync
Clinica,src/Clinica.Infrastructure/ClinicaRepositorio.cs,1025,SalvarConfiguracaoAsync
Clinica,src/Clinica.Infrastructure/ClinicaRepositorio.cs,1049,EhCredencialGlobal
Clinica,src/Clinica.Infrastructure/ClinicaRepositorio.cs,1052,SalvarConfiguracaoSeValorIgualAsync
Clinica,src/Clinica.Infrastructure/ClinicaRepositorio.cs,1064,SalvarSegredoSemRebaixarProtecaoAsync
Clinica,src/Clinica.Infrastructure/ClinicaRepositorio.cs,1089,AdicionarConsultaAsync
Clinica,src/Clinica.Infrastructure/ClinicaRepositorio.cs,1092,ConsultasDoPacienteAsync
Clinica,src/Clinica.Infrastructure/ClinicaRepositorio.cs,1098,PacientesComConsultasAsync
Clinica,src/Clinica.Infrastructure/ClinicaRepositorio.cs,1105,ConsultasDosPacientesAsync
Clinica,src/Clinica.Infrastructure/ClinicaRepositorio.cs,1120,AdicionarAgendamentoAsync
Clinica,src/Clinica.Infrastructure/ClinicaRepositorio.cs,1125,ObterAgendamentoAsync
Clinica,src/Clinica.Infrastructure/ClinicaRepositorio.cs,1132,AgendamentosNoPeriodoAsync
Clinica,src/Clinica.Infrastructure/ClinicaRepositorio.cs,1141,AgendamentosDaSerieAsync
Clinica,src/Clinica.Infrastructure/ClinicaRepositorio.cs,1151,RemoverAgendamentoAsync
Clinica,src/Clinica.Infrastructure/ClinicaRepositorio.cs,1160,ProfissionaisAsync
Clinica,src/Clinica.Infrastructure/ClinicaRepositorio.cs,1165,ObterProfissionalAsync
Clinica,src/Clinica.Infrastructure/ClinicaRepositorio.cs,1168,AdicionarProfissionalAsync
Clinica,src/Clinica.Infrastructure/ClinicaRepositorio.cs,1184,ProfissionalEmUsoAsync
Clinica,src/Clinica.Infrastructure/ClinicaRepositorio.cs,1195,RemoverProfissionalAsync
Clinica,src/Clinica.Infrastructure/ClinicaRepositorio.cs,1202,SalasAsync
Clinica,src/Clinica.Infrastructure/ClinicaRepositorio.cs,1207,ObterSalaAsync
Clinica,src/Clinica.Infrastructure/ClinicaRepositorio.cs,1210,AdicionarSalaAsync
Clinica,src/Clinica.Infrastructure/ClinicaRepositorio.cs,1217,SalaEmUsoAsync
Clinica,src/Clinica.Infrastructure/ClinicaRepositorio.cs,1221,RemoverSalaAsync
Clinica,src/Clinica.Infrastructure/ClinicaRepositorio.cs,1232,BloqueiosNoPeriodoAsync
Clinica,src/Clinica.Infrastructure/ClinicaRepositorio.cs,1241,BloqueiosAsync
Clinica,src/Clinica.Infrastructure/ClinicaRepositorio.cs,1256,AdicionarBloqueioAsync
Clinica,src/Clinica.Infrastructure/ClinicaRepositorio.cs,1259,ObterBloqueioAsync
Clinica,src/Clinica.Infrastructure/ClinicaRepositorio.cs,1265,RemoverBloqueioAsync
Clinica,src/Clinica.Infrastructure/ClinicaRepositorio.cs,1271,AdicionarListaEsperaAsync
Clinica,src/Clinica.Infrastructure/ClinicaRepositorio.cs,1274,ObterListaEsperaAsync
Clinica,src/Clinica.Infrastructure/ClinicaRepositorio.cs,1280,ListaEsperaAsync
Clinica,src/Clinica.Infrastructure/ClinicaRepositorio.cs,1301,AdicionarEvolucaoAsync
Clinica,src/Clinica.Infrastructure/ClinicaRepositorio.cs,1308,ObterEvolucaoAsync
Clinica,src/Clinica.Infrastructure/ClinicaRepositorio.cs,1322,EvolucoesSemAtendimentoDoHorarioAsync
Clinica,src/Clinica.Infrastructure/ClinicaRepositorio.cs,1330,AtendimentoDoHorarioAsync
Clinica,src/Clinica.Infrastructure/ClinicaRepositorio.cs,1343,EvolucoesDoPacienteAsync
Clinica,src/Clinica.Infrastructure/ClinicaRepositorio.cs,1397,EvolucoesDoPacienteAsync
Clinica,src/Clinica.Infrastructure/ClinicaRepositorio.cs,1412,VersoesDaEvolucaoAsync
Clinica,src/Clinica.Infrastructure/ClinicaRepositorio.cs,1421,ContagemDeVersoesAsync
Clinica,src/Clinica.Infrastructure/ClinicaRepositorio.cs,1435,ObterAnexoAsync
Clinica,src/Clinica.Infrastructure/ClinicaRepositorio.cs,1442,AnamneseDoPacienteAsync
Clinica,src/Clinica.Infrastructure/ClinicaRepositorio.cs,1450,AdicionarAnamneseAsync
Clinica,src/Clinica.Infrastructure/ClinicaRepositorio.cs,1454,VersoesDaAnamneseAsync
Clinica,src/Clinica.Infrastructure/ClinicaRepositorio.cs,1461,AnexosDoPacienteAsync
Clinica,src/Clinica.Infrastructure/ClinicaRepositorio.cs,1478,AnexosDaEvolucaoAsync
Clinica,src/Clinica.Infrastructure/ClinicaRepositorio.cs,1489,CamposPersonalizadosAsync
Clinica,src/Clinica.Infrastructure/ClinicaRepositorio.cs,1495,ObterCampoPersonalizadoAsync
Clinica,src/Clinica.Infrastructure/ClinicaRepositorio.cs,1499,AdicionarCampoPersonalizadoAsync
Clinica,src/Clinica.Infrastructure/ClinicaRepositorio.cs,1503,ConteudoDoAnexoAsync
Clinica,src/Clinica.Infrastructure/ClinicaRepositorio.cs,1509,AdicionarAnexoAsync
Clinica,src/Clinica.Infrastructure/ClinicaRepositorio.cs,1514,TemMapaAsync
Clinica,src/Clinica.Infrastructure/ClinicaRepositorio.cs,1528,ContagemDeAnexosAsync
Clinica,src/Clinica.Infrastructure/ClinicaRepositorio.cs,1544,AdicionarMedidaAsync
Clinica,src/Clinica.Infrastructure/ClinicaRepositorio.cs,1547,ObterMedidaAsync
Clinica,src/Clinica.Infrastructure/ClinicaRepositorio.cs,1550,MedidasDoPacienteAsync
Clinica,src/Clinica.Infrastructure/ClinicaRepositorio.cs,1573,AdicionarResultadoExameAsync
Clinica,src/Clinica.Infrastructure/ClinicaRepositorio.cs,1576,AdicionarArquivoResultadoExameAsync
Clinica,src/Clinica.Infrastructure/ClinicaRepositorio.cs,1581,ConteudoDoLaudoAsync
Clinica,src/Clinica.Infrastructure/ClinicaRepositorio.cs,1587,ObterResultadoExameAsync
Clinica,src/Clinica.Infrastructure/ClinicaRepositorio.cs,1592,AdicionarAnexoPacienteAsync
Clinica,src/Clinica.Infrastructure/ClinicaRepositorio.cs,1595,AdicionarArquivoAnexoPacienteAsync
Clinica,src/Clinica.Infrastructure/ClinicaRepositorio.cs,1599,ConteudoDoAnexoPacienteAsync
Clinica,src/Clinica.Infrastructure/ClinicaRepositorio.cs,1605,ObterAnexoPacienteAsync
Clinica,src/Clinica.Infrastructure/ClinicaRepositorio.cs,1608,AnexosDaFichaAsync
Clinica,src/Clinica.Infrastructure/ClinicaRepositorio.cs,1623,ChavesDeImportacaoDeAnexosPacienteAsync
Clinica,src/Clinica.Infrastructure/ClinicaRepositorio.cs,1630,ResultadosExameDoPacienteAsync
Clinica,src/Clinica.Infrastructure/ClinicaRepositorio.cs,1648,AdicionarProblemaAsync
Clinica,src/Clinica.Infrastructure/ClinicaRepositorio.cs,1651,ObterProblemaAsync
Clinica,src/Clinica.Infrastructure/ClinicaRepositorio.cs,1654,ProblemasDoPacienteAsync
Clinica,src/Clinica.Infrastructure/ClinicaRepositorio.cs,1675,AdicionarAvaliacaoAsync
Clinica,src/Clinica.Infrastructure/ClinicaRepositorio.cs,1680,ObterAvaliacaoAsync
Clinica,src/Clinica.Infrastructure/ClinicaRepositorio.cs,1690,AvaliacoesDoPacienteAsync
Clinica,src/Clinica.Infrastructure/ClinicaRepositorio.cs,1713,PacientesAtendidosAsync
Clinica,src/Clinica.Infrastructure/ClinicaRepositorio.cs,1743,ConsentimentosDoPacienteAsync
Clinica,src/Clinica.Infrastructure/ClinicaRepositorio.cs,1750,ObterConsentimentoAsync
Clinica,src/Clinica.Infrastructure/ClinicaRepositorio.cs,1754,AdicionarConsentimentoAsync
Clinica,src/Clinica.Infrastructure/ClinicaRepositorio.cs,1761,ObterMapaDaEvolucaoAsync
Clinica,src/Clinica.Infrastructure/ClinicaRepositorio.cs,1766,HistoricoMapasAsync
Clinica,src/Clinica.Infrastructure/ClinicaRepositorio.cs,1778,MapasDasEvolucoesAsync
Clinica,src/Clinica.Infrastructure/ClinicaRepositorio.cs,1790,AdicionarMapaAsync
Clinica,src/Clinica.Infrastructure/ClinicaRepositorio.cs,1793,RemoverPontosDoMapaAsync
Clinica,src/Clinica.Infrastructure/ClinicaRepositorio.cs,1799,ProtocolosCorporaisAsync
Clinica,src/Clinica.Infrastructure/ClinicaRepositorio.cs,1809,ObterProtocoloCorporalAsync
Clinica,src/Clinica.Infrastructure/ClinicaRepositorio.cs,1815,AdicionarProtocoloCorporalAsync
Clinica,src/Clinica.Infrastructure/ClinicaRepositorio.cs,1819,RemoverProtocoloCorporalAsync
Clinica,src/Clinica.Infrastructure/ClinicaRepositorio.cs,1829,AdicionarDocumentoAsync
Clinica,src/Clinica.Infrastructure/ClinicaRepositorio.cs,1832,ObterDocumentoAsync
Clinica,src/Clinica.Infrastructure/ClinicaRepositorio.cs,1839,ObterDocumentoPorCodigoAsync
Clinica,src/Clinica.Infrastructure/ClinicaRepositorio.cs,1851,AdicionarColetaRemotaAsync
Clinica,src/Clinica.Infrastructure/ClinicaRepositorio.cs,1855,ColetaRemotaAbertaDoDocumentoAsync
Clinica,src/Clinica.Infrastructure/ClinicaRepositorio.cs,1863,ColetasRemotasVencidasAsync
Clinica,src/Clinica.Infrastructure/ClinicaRepositorio.cs,1874,ColetasRemotasAguardandoRespostaAsync
Clinica,src/Clinica.Infrastructure/ClinicaRepositorio.cs,1885,DocumentosComAssinaturaRemotaAguardandoAsync
Clinica,src/Clinica.Infrastructure/ClinicaRepositorio.cs,1899,DocumentosPublicadosVencidosAsync
Clinica,src/Clinica.Infrastructure/ClinicaRepositorio.cs,1907,DocumentosDoPacienteAsync
Clinica,src/Clinica.Infrastructure/ClinicaRepositorio.cs,1923,TermosLgpdComFinalidadeAsync
Clinica,src/Clinica.Infrastructure/ClinicaRepositorio.cs,1932,DocumentosClinicosNoPeriodoAsync
Clinica,src/Clinica.Infrastructure/ClinicaRepositorio.cs,1951,ProximoNumeroDocumentoAsync
Clinica,src/Clinica.Infrastructure/ClinicaRepositorio.cs,1962,AdicionarPrescricaoInternaAsync
Clinica,src/Clinica.Infrastructure/ClinicaRepositorio.cs,1966,ObterPrescricaoInternaAsync
Clinica,src/Clinica.Infrastructure/ClinicaRepositorio.cs,1981,ObterPrescricaoInternaPorCodigoAsync
Clinica,src/Clinica.Infrastructure/ClinicaRepositorio.cs,1996,PrescricoesInternasDoPacienteAsync
Clinica,src/Clinica.Infrastructure/ClinicaRepositorio.cs,2007,PrescricoesInternasDoDiaAsync
Clinica,src/Clinica.Infrastructure/ClinicaRepositorio.cs,2033,PrescricoesInternasAguardandoAssinaturaAsync
Clinica,src/Clinica.Infrastructure/ClinicaRepositorio.cs,2059,PrescricoesInternasAguardandoValidacaoMedicaAsync
Clinica,src/Clinica.Infrastructure/ClinicaRepositorio.cs,2069,ContarAssinaturasInfusaoAsync
Clinica,src/Clinica.Infrastructure/ClinicaRepositorio.cs,2093,ObterItemPrescricaoInternaAsync
Clinica,src/Clinica.Infrastructure/ClinicaRepositorio.cs,2100,AdicionarChecagemPrescricaoAsync
Clinica,src/Clinica.Infrastructure/ClinicaRepositorio.cs,2106,AdicionarEvolucaoEnfermagemAsync
Clinica,src/Clinica.Infrastructure/ClinicaRepositorio.cs,2110,ObterEvolucaoEnfermagemAsync
Clinica,src/Clinica.Infrastructure/ClinicaRepositorio.cs,2122,EvolucoesEnfermagemDaPrescricaoAsync
Clinica,src/Clinica.Infrastructure/ClinicaRepositorio.cs,2133,AdicionarChecagemCuidadoAsync
Clinica,src/Clinica.Infrastructure/ClinicaRepositorio.cs,2137,ObterCuidadoEnfermagemAsync
Clinica,src/Clinica.Infrastructure/ClinicaRepositorio.cs,2146,ObterChecagemCuidadoAsync
Clinica,src/Clinica.Infrastructure/ClinicaRepositorio.cs,2152,ChecagensDosCuidadosAsync
Clinica,src/Clinica.Infrastructure/ClinicaRepositorio.cs,2166,EvolucoesEnfermagemDoPacienteAsync
Clinica,src/Clinica.Infrastructure/ClinicaRepositorio.cs,2183,TemEvolucaoEnfermagemVigenteNoHorarioAsync
Clinica,src/Clinica.Infrastructure/ClinicaRepositorio.cs,2186,ConsultaEnfermagemVigenteNoHorario
Clinica,src/Clinica.Infrastructure/ClinicaRepositorio.cs,2190,EvolucaoEnfermagemFoiRetificadaAsync
Clinica,src/Clinica.Infrastructure/ClinicaRepositorio.cs,2193,ProximoNumeroPrescricaoInternaAsync
Clinica,src/Clinica.Infrastructure/ClinicaRepositorio.cs,2203,ObterArquivoAssinadoAsync
Clinica,src/Clinica.Infrastructure/ClinicaRepositorio.cs,2208,AdicionarArquivoAssinadoAsync
Clinica,src/Clinica.Infrastructure/ClinicaRepositorio.cs,2212,PrescricoesInternasPendentesAsync
Clinica,src/Clinica.Infrastructure/ClinicaRepositorio.cs,2231,ModelosEvolucaoAsync
Clinica,src/Clinica.Infrastructure/ClinicaRepositorio.cs,2243,ObterModeloEvolucaoAsync
Clinica,src/Clinica.Infrastructure/ClinicaRepositorio.cs,2246,ObterModeloEvolucaoPorNomeAsync
Clinica,src/Clinica.Infrastructure/ClinicaRepositorio.cs,2251,AdicionarModeloEvolucaoAsync
Clinica,src/Clinica.Infrastructure/ClinicaRepositorio.cs,2255,RemoverModeloEvolucaoAsync
Clinica,src/Clinica.Infrastructure/ClinicaRepositorio.cs,2261,ModelosDocumentoAsync
Clinica,src/Clinica.Infrastructure/ClinicaRepositorio.cs,2269,ObterModeloDocumentoAsync
Clinica,src/Clinica.Infrastructure/ClinicaRepositorio.cs,2274,ObterModeloDocumentoPorNomeAsync
Clinica,src/Clinica.Infrastructure/ClinicaRepositorio.cs,2280,AdicionarModeloDocumentoAsync
Clinica,src/Clinica.Infrastructure/ClinicaRepositorio.cs,2283,RemoverModeloDocumentoAsync
Clinica,src/Clinica.Infrastructure/ClinicaRepositorio.cs,2290,RemoverItensDoModeloAsync
Clinica,src/Clinica.Infrastructure/ClinicaRepositorio.cs,2298,ExigenciasTermoAsync
Clinica,src/Clinica.Infrastructure/ClinicaRepositorio.cs,2305,ObterExigenciaTermoAsync
Clinica,src/Clinica.Infrastructure/ClinicaRepositorio.cs,2311,AdicionarExigenciaTermoAsync
Clinica,src/Clinica.Infrastructure/ClinicaRepositorio.cs,2315,TermosDoPacienteNaDataAsync
Clinica,src/Clinica.Infrastructure/ClinicaRepositorio.cs,2325,TermosDaDataAsync
Clinica,src/Clinica.Infrastructure/ClinicaRepositorio.cs,2333,TermosDoPacienteAsync
Clinica,src/Clinica.Infrastructure/ClinicaRepositorio.cs,2342,TermosDosPacientesAsync
Clinica,src/Clinica.Infrastructure/ClinicaRepositorio.cs,2357,ObterTracoAssinaturaAsync
Clinica,src/Clinica.Infrastructure/ClinicaRepositorio.cs,2364,PacotesCatalogoAsync
Clinica,src/Clinica.Infrastructure/ClinicaRepositorio.cs,2371,ObterPacoteCatalogoAsync
Clinica,src/Clinica.Infrastructure/ClinicaRepositorio.cs,2374,AdicionarPacoteCatalogoAsync
Clinica,src/Clinica.Infrastructure/ClinicaRepositorio.cs,2377,RemoverPacoteCatalogoAsync
Clinica,src/Clinica.Infrastructure/ClinicaRepositorio.cs,2385,PacotesDoPacienteAsync
Clinica,src/Clinica.Infrastructure/ClinicaRepositorio.cs,2393,ObterPacotePacienteAsync
Clinica,src/Clinica.Infrastructure/ClinicaRepositorio.cs,2399,AdicionarPacotePacienteAsync
Clinica,src/Clinica.Infrastructure/ClinicaRepositorio.cs,2402,PacotesVendidosAsync
Clinica,src/Clinica.Infrastructure/ClinicaRepositorio.cs,2409,AgendamentoDoAtendimentoAsync
Clinica,src/Clinica.Infrastructure/ClinicaRepositorio.cs,2416,AgendamentosSubstituidosPorAsync
Clinica,src/Clinica.Infrastructure/ClinicaRepositorio.cs,2424,AtendimentoJaConsumiuPacoteAsync
Clinica,src/Clinica.Infrastructure/ClinicaRepositorio.cs,2435,AtendimentosComFechamentoAsync
Clinica,src/Clinica.Infrastructure/ClinicaRepositorio.cs,2466,ObterConsumoPacoteAsync
Clinica,src/Clinica.Infrastructure/ClinicaRepositorio.cs,2469,ConsumoDoAtendimentoAsync
Clinica,src/Clinica.Infrastructure/ClinicaRepositorio.cs,2476,RegrasRepasseAsync
Clinica,src/Clinica.Infrastructure/ClinicaRepositorio.cs,2484,ObterRegraRepasseAsync
Clinica,src/Clinica.Infrastructure/ClinicaRepositorio.cs,2487,AdicionarRegraRepasseAsync
Clinica,src/Clinica.Infrastructure/ClinicaRepositorio.cs,2490,RemoverRegraRepasseAsync
Clinica,src/Clinica.Infrastructure/ClinicaRepositorio.cs,2496,RepassesApuradosAsync
Clinica,src/Clinica.Infrastructure/ClinicaRepositorio.cs,2504,ObterRepasseApuradoAsync
Clinica,src/Clinica.Infrastructure/ClinicaRepositorio.cs,2507,AdicionarRepasseApuradoAsync
Clinica,src/Clinica.Infrastructure/ClinicaRepositorio.cs,2510,AgendamentosComAtendimentoAsync
Clinica,src/Clinica.Infrastructure/ClinicaRepositorio.cs,2534,HorariosComConclusaoPendenteAsync
Clinica,src/Clinica.Infrastructure/ClinicaRepositorio.cs,2546,HorariosEmAbertoVencidosAsync
Clinica,src/Clinica.Infrastructure/ClinicaRepositorio.cs,2556,HorariosRealizadosSemAtendimentoAsync
Clinica,src/Clinica.Infrastructure/ClinicaRepositorio.cs,2569,AtendimentosDosPacientesNoPeriodoAsync
Clinica,src/Clinica.Infrastructure/ClinicaRepositorio.cs,2585,AtendimentosNoPeriodoAsync
Clinica,src/Clinica.Infrastructure/ClinicaRepositorio.cs,2598,TaxasCartaoAsync
Clinica,src/Clinica.Infrastructure/ClinicaRepositorio.cs,2607,ObterTaxaCartaoAsync
Clinica,src/Clinica.Infrastructure/ClinicaRepositorio.cs,2610,AdicionarTaxaCartaoAsync
Clinica,src/Clinica.Infrastructure/ClinicaRepositorio.cs,2613,RemoverTaxaCartaoAsync
Clinica,src/Clinica.Infrastructure/ClinicaRepositorio.cs,2621,LancamentosDeCodigosAsync
Clinica,src/Clinica.Infrastructure/ClinicaRepositorio.cs,2634,RecebimentosComDeducaoAsync
Clinica,src/Clinica.Infrastructure/ClinicaRepositorio.cs,2650,RecebiveisEmAbertoAsync
Clinica,src/Clinica.Infrastructure/ClinicaRepositorio.cs,2660,RecebiveisConfirmadosAsync
Clinica,src/Clinica.Infrastructure/ClinicaRepositorio.cs,2671,LancamentosPorIdAsync
Clinica,src/Clinica.Infrastructure/ClinicaRepositorio.cs,2682,PrecosConvenioAsync
Clinica,src/Clinica.Infrastructure/ClinicaRepositorio.cs,2691,ObterPrecoConvenioAsync
Clinica,src/Clinica.Infrastructure/ClinicaRepositorio.cs,2694,AdicionarPrecoConvenioAsync
Clinica,src/Clinica.Infrastructure/ClinicaRepositorio.cs,2697,RemoverPrecoConvenioAsync
Clinica,src/Clinica.Infrastructure/ClinicaRepositorio.cs,2703,PrecosParticularAsync
Clinica,src/Clinica.Infrastructure/ClinicaRepositorio.cs,2712,ObterPrecoParticularAsync
Clinica,src/Clinica.Infrastructure/ClinicaRepositorio.cs,2715,AdicionarPrecoParticularAsync
Clinica,src/Clinica.Infrastructure/ClinicaRepositorio.cs,2718,RemoverPrecoParticularAsync
Clinica,src/Clinica.Infrastructure/ClinicaRepositorio.cs,2726,MetasDoAnoAsync
Clinica,src/Clinica.Infrastructure/ClinicaRepositorio.cs,2735,ObterMetaAsync
Clinica,src/Clinica.Infrastructure/ClinicaRepositorio.cs,2742,ObterMetaPorIdAsync
Clinica,src/Clinica.Infrastructure/ClinicaRepositorio.cs,2745,AdicionarMetaAsync
Clinica,src/Clinica.Infrastructure/ClinicaRepositorio.cs,2748,RemoverMetaAsync
Clinica,src/Clinica.Infrastructure/ClinicaRepositorio.cs,2756,OrcamentosDoMesAsync
Clinica,src/Clinica.Infrastructure/ClinicaRepositorio.cs,2765,ObterOrcamentoAsync
Clinica,src/Clinica.Infrastructure/ClinicaRepositorio.cs,2770,ObterOrcamentoPorIdAsync
Clinica,src/Clinica.Infrastructure/ClinicaRepositorio.cs,2775,AdicionarOrcamentoAsync
Clinica,src/Clinica.Infrastructure/ClinicaRepositorio.cs,2779,RemoverOrcamentoAsync
Clinica,src/Clinica.Infrastructure/ClinicaRepositorio.cs,2787,TributosAsync
Clinica,src/Clinica.Infrastructure/ClinicaRepositorio.cs,2795,ObterTributoAsync
Clinica,src/Clinica.Infrastructure/ClinicaRepositorio.cs,2798,AdicionarTributoAsync
Clinica,src/Clinica.Infrastructure/ClinicaRepositorio.cs,2801,RemoverTributoAsync
Clinica,src/Clinica.Infrastructure/ClinicaRepositorio.cs,2807,LancamentosDosAtendimentosAsync
Clinica,src/Clinica.Infrastructure/ClinicaRepositorio.cs,2818,LancamentosDosPacotesAsync
Clinica,src/Clinica.Infrastructure/ClinicaRepositorio.cs,2830,SessoesParticularesSemReceitaAsync
Clinica,src/Clinica.Infrastructure/ClinicaRepositorio.cs,2838,SessoesParticularesSemReceitaDoPacienteAsync
Clinica,src/Clinica.Infrastructure/ClinicaRepositorio.cs,2854,SessoesParticularesSemReceita
Clinica,src/Clinica.Infrastructure/ClinicaRepositorio.cs,2884,ItensEstoqueAsync
Clinica,src/Clinica.Infrastructure/ClinicaRepositorio.cs,2891,ObterItemEstoqueAsync
Clinica,src/Clinica.Infrastructure/ClinicaRepositorio.cs,2894,AdicionarItemEstoqueAsync
Clinica,src/Clinica.Infrastructure/ClinicaRepositorio.cs,2897,RemoverItemEstoqueAsync
Clinica,src/Clinica.Infrastructure/ClinicaRepositorio.cs,2903,MovimentosDoItemAsync
Clinica,src/Clinica.Infrastructure/ClinicaRepositorio.cs,2910,MovimentosNoPeriodoAsync
Clinica,src/Clinica.Infrastructure/ClinicaRepositorio.cs,2918,MovimentosDoAtendimentoAsync
Clinica,src/Clinica.Infrastructure/ClinicaRepositorio.cs,2926,ConsumosDeSessaoNoPeriodoAsync
Clinica,src/Clinica.Infrastructure/ClinicaRepositorio.cs,2936,UltimoConsumoDeSessaoAsync
Clinica,src/Clinica.Infrastructure/ClinicaRepositorio.cs,2952,AdicionarMovimentoEstoqueAsync
Clinica,src/Clinica.Infrastructure/ClinicaRepositorio.cs,2958,SaldosEstoqueAsync
Clinica,src/Clinica.Infrastructure/ClinicaRepositorio.cs,2985,AdicionarDocumentoFinanceiroAsync
Clinica,src/Clinica.Infrastructure/ClinicaRepositorio.cs,2989,ObterDocumentoFinanceiroAsync
Clinica,src/Clinica.Infrastructure/ClinicaRepositorio.cs,2996,DocumentosFinanceirosAsync
Clinica,src/Clinica.Infrastructure/ClinicaRepositorio.cs,3005,ProximoNumeroDocumentoFinanceiroAsync
Clinica,src/Clinica.Infrastructure/ClinicaRepositorio.cs,3015,PacientesComConsentimentoVigenteAsync
Clinica,src/Clinica.Infrastructure/ClinicaRepositorio.cs,3039,RegistrarAuditoriaAsync
Clinica,src/Clinica.Infrastructure/ClinicaRepositorio.cs,3042,EventosAuditoriaAsync
Clinica,src/Clinica.Infrastructure/ClinicaRepositorio.cs,3048,ConsultarAuditoriaAsync
Clinica,src/Clinica.Infrastructure/ClinicaRepositorio.cs,3096,AcoesDeAuditoriaAsync
Clinica,src/Clinica.Infrastructure/ClinicaRepositorio.cs,3105,AdicionarLancamentoAsync
Clinica,src/Clinica.Infrastructure/ClinicaRepositorio.cs,3108,ObterLancamentoAsync
Clinica,src/Clinica.Infrastructure/ClinicaRepositorio.cs,3111,LancamentosNoPeriodoAsync
Clinica,src/Clinica.Infrastructure/ClinicaRepositorio.cs,3129,UltimoRecebimentoDoPacienteAsync
Clinica,src/Clinica.Infrastructure/ClinicaRepositorio.cs,3145,ValoresDeLancamentoNoPeriodoAsync
Clinica,src/Clinica.Infrastructure/ClinicaRepositorio.cs,3154,CodigosComLancamentoAsync
Clinica,src/Clinica.Infrastructure/ClinicaRepositorio.cs,3168,LancamentosDatadosNoPeriodoAsync
Clinica,src/Clinica.Infrastructure/ClinicaRepositorio.cs,3191,LancamentosEmEspecieDoDiaAsync
Clinica,src/Clinica.Infrastructure/ClinicaRepositorio.cs,3195,LancamentosEmEspecieNoPeriodoAsync
Clinica,src/Clinica.Infrastructure/ClinicaRepositorio.cs,3208,FechamentoCaixaDoDiaAsync
Clinica,src/Clinica.Infrastructure/ClinicaRepositorio.cs,3217,AdicionarFechamentoCaixaAsync
Clinica,src/Clinica.Infrastructure/ClinicaRepositorio.cs,3220,FechamentosCaixaNoPeriodoAsync
Clinica,src/Clinica.Infrastructure/ClinicaRepositorio.cs,3229,ConsultaConferenciaConsumo
Clinica,src/Clinica.Infrastructure/ClinicaRepositorio.cs,3232,ConferenciaConsumoAsync
Clinica,src/Clinica.Infrastructure/ClinicaRepositorio.cs,3235,AdicionarConferenciaConsumoAsync
Clinica,src/Clinica.Infrastructure/ClinicaRepositorio.cs,3238,AtualizarBaixaConferenciaAsync
Clinica,src/Clinica.Infrastructure/ClinicaRepositorio.cs,3245,ConferenciasDosAtendimentosAsync
Clinica,src/Clinica.Infrastructure/ClinicaRepositorio.cs,3248,ConsultaConferenciasDosAtendimentos
Clinica,src/Clinica.Infrastructure/ClinicaRepositorio.cs,3251,ConsultaLancamentosDaObrigacao
Clinica,src/Clinica.Infrastructure/ClinicaRepositorio.cs,3254,LancamentosDaObrigacaoAsync
Clinica,src/Clinica.Infrastructure/ClinicaRepositorio.cs,3257,ConsultaContasDoParcelamento
Clinica,src/Clinica.Infrastructure/ClinicaRepositorio.cs,3261,ContasDoParcelamentoAsync
Clinica,src/Clinica.Infrastructure/ClinicaRepositorio.cs,3264,LancamentosComVencimentoAteAsync
Clinica,src/Clinica.Infrastructure/ClinicaRepositorio.cs,3282,OrigensRecorrenciaExistentesAsync
Clinica,src/Clinica.Infrastructure/ClinicaRepositorio.cs,3292,RecorrentesAsync
Clinica,src/Clinica.Infrastructure/ClinicaRepositorio.cs,3300,AdicionarRecorrenteAsync
Clinica,src/Clinica.Infrastructure/ClinicaRepositorio.cs,3303,ObterRecorrenteAsync
Clinica,src/Clinica.Infrastructure/ClinicaRepositorio.cs,3306,CategoriasFinanceirasAsync
Clinica,src/Clinica.Infrastructure/ClinicaRepositorio.cs,3311,AdicionarCategoriaFinanceiraAsync
Clinica,src/Clinica.Infrastructure/ClinicaRepositorio.cs,3314,ObterCategoriaFinanceiraAsync
Clinica,src/Clinica.Infrastructure/ClinicaRepositorio.cs,3322,VinculosEvolucoesNoPeriodoAsync
Clinica,src/Clinica.Infrastructure/ClinicaRepositorio.cs,3333,EvolucoesNoPeriodoAsync
Clinica,src/Clinica.Infrastructure/ClinicaRepositorio.cs,3352,EvolucoesParaProntuariosAsync
Clinica,src/Clinica.Infrastructure/ClinicaRepositorio.cs,3381,PedidosDeExameAsync
Clinica,src/Clinica.Infrastructure/ClinicaRepositorio.cs,3413,InatividadeAsync
Clinica,src/Clinica.Infrastructure/ClinicaRepositorio.cs,3436,AdicionarContatoAsync
Clinica,src/Clinica.Infrastructure/ClinicaRepositorio.cs,3439,ObterContatoAsync
Clinica,src/Clinica.Infrastructure/ClinicaRepositorio.cs,3445,ContatosAsync
Clinica,src/Clinica.Infrastructure/ClinicaRepositorio.cs,3465,ConfirmacoesDosAgendamentosAsync
Clinica,src/Clinica.Infrastructure/ClinicaRepositorio.cs,3484,ContatosDoPacienteAsync
Clinica,src/Clinica.Infrastructure/ClinicaRepositorio.cs,3493,OrigensDeContatoAsync
Clinica,src/Clinica.Infrastructure/ClinicaRepositorio.cs,3506,UsuariosAsync
Clinica,src/Clinica.Infrastructure/ClinicaRepositorio.cs,3513,ObterUsuarioAsync
Clinica,src/Clinica.Infrastructure/ClinicaRepositorio.cs,3518,ObterUsuarioPorLoginAsync
Clinica,src/Clinica.Infrastructure/ClinicaRepositorio.cs,3523,AdicionarUsuarioAsync
Clinica,src/Clinica.Infrastructure/ClinicaRepositorio.cs,3526,RemoverUsuarioAsync
Clinica,src/Clinica.Infrastructure/ClinicaRepositorio.cs,3533,SalvarAsync
Clinica,src/Clinica.Infrastructure/ClinicaRepositorio.cs,3565,Traduzir
Clinica,src/Clinica.Infrastructure/ConclusaoAutomaticaService.cs,10,PendenciaConclusao
Clinica,src/Clinica.Infrastructure/ConclusaoAutomaticaService.cs,13,ConclusaoAutomaticaService
Clinica,src/Clinica.Infrastructure/ConclusaoAutomaticaService.cs,17,Abertos
Clinica,src/Clinica.Infrastructure/ConclusaoAutomaticaService.cs,20,CandidatosAsync
Clinica,src/Clinica.Infrastructure/ConclusaoAutomaticaService.cs,31,ImpedimentoAsync
Clinica,src/Clinica.Infrastructure/ConclusaoAutomaticaService.cs,48,ConcluirSeVencidoAsync
Clinica,src/Clinica.Infrastructure/ConclusaoAutomaticaService.cs,68,PendenciasAsync
Clinica,src/Clinica.Infrastructure/ConclusaoAutomaticaService.cs,85,AcompanharAsync
Clinica,src/Clinica.Infrastructure/ConversorEnumTolerante.cs,50,ParaBanco
Clinica,src/Clinica.Infrastructure/ConversorEnumTolerante.cs,55,DoBanco
Clinica,src/Clinica.Infrastructure/ConversorEnumTolerante.cs,69,RegistroDeVersaoMaisNovaException
Clinica,src/Clinica.Infrastructure/DependencyInjection.cs,14,AddClinica
Clinica,src/Clinica.Infrastructure/DependencyInjection.cs,181,RegistrarSafeID
Clinica,src/Clinica.Infrastructure/DependencyInjection.cs,220,ConfigurarNpgsql
Clinica,src/Clinica.Infrastructure/MensagensDeErro.cs,28,Duplicidade
Clinica,src/Clinica.Infrastructure/MensagensDeErro.cs,84,Casa
Clinica,src/Clinica.Infrastructure/Migrations/20260715121940_InitialCreate.cs,13,Up
Clinica,src/Clinica.Infrastructure/Migrations/20260715121940_InitialCreate.cs,105,Down
Clinica,src/Clinica.Infrastructure/Migrations/20260715174811_AddAgenda.cs,13,Up
Clinica,src/Clinica.Infrastructure/Migrations/20260715174811_AddAgenda.cs,63,Down
Clinica,src/Clinica.Infrastructure/Migrations/20260715181659_AgendaDataHoraSemFuso.cs,12,Up
Clinica,src/Clinica.Infrastructure/Migrations/20260715181659_AgendaDataHoraSemFuso.cs,24,Down
Clinica,src/Clinica.Infrastructure/Migrations/20260715182833_AddGlosa.cs,12,Up
Clinica,src/Clinica.Infrastructure/Migrations/20260715182833_AddGlosa.cs,43,Down
Clinica,src/Clinica.Infrastructure/Migrations/20260715223552_AddNumeroAtendimento.cs,11,Up
Clinica,src/Clinica.Infrastructure/Migrations/20260715223552_AddNumeroAtendimento.cs,27,Down
Clinica,src/Clinica.Infrastructure/Migrations/20260715231337_AddParametrosConvenio.cs,11,Up
Clinica,src/Clinica.Infrastructure/Migrations/20260715231337_AddParametrosConvenio.cs,28,Down
Clinica,src/Clinica.Infrastructure/Migrations/20260716120000_AddModalidadePreferida.cs,11,Up
Clinica,src/Clinica.Infrastructure/Migrations/20260716120000_AddModalidadePreferida.cs,23,Down
Clinica,src/Clinica.Infrastructure/Migrations/20260716120100_AddConsultas.cs,13,Up
Clinica,src/Clinica.Infrastructure/Migrations/20260716120100_AddConsultas.cs,52,Down
Clinica,src/Clinica.Infrastructure/Migrations/20260718100000_AddConfiguracoesGlobais.cs,18,Up
Clinica,src/Clinica.Infrastructure/Migrations/20260718100000_AddConfiguracoesGlobais.cs,34,Down
Clinica,src/Clinica.Infrastructure/Migrations/20260718110000_AumentaValorConfiguracao.cs,18,Up
Clinica,src/Clinica.Infrastructure/Migrations/20260718110000_AumentaValorConfiguracao.cs,31,Down
Clinica,src/Clinica.Infrastructure/Migrations/20260718120000_ConvenioCatalogo.cs,19,Up
Clinica,src/Clinica.Infrastructure/Migrations/20260718120000_ConvenioCatalogo.cs,51,Down
Clinica,src/Clinica.Infrastructure/Migrations/20260718130000_ConveniosDinamicos.cs,18,Up
Clinica,src/Clinica.Infrastructure/Migrations/20260718130000_ConveniosDinamicos.cs,62,Down
Clinica,src/Clinica.Infrastructure/Migrations/20260718140000_ConvenioPersonalizado.cs,17,Up
Clinica,src/Clinica.Infrastructure/Migrations/20260718140000_ConvenioPersonalizado.cs,32,Down
Clinica,src/Clinica.Infrastructure/Migrations/20260719120000_PacienteDadosConvenio.cs,17,Up
Clinica,src/Clinica.Infrastructure/Migrations/20260719120000_PacienteDadosConvenio.cs,25,Down
Clinica,src/Clinica.Infrastructure/Migrations/20260719182916_LotesTissEGlosaRecurso.cs,13,Up
Clinica,src/Clinica.Infrastructure/Migrations/20260719182916_LotesTissEGlosaRecurso.cs,75,Down
Clinica,src/Clinica.Infrastructure/Migrations/20260719235849_AuditoriaEConcorrencia.cs,13,Up
Clinica,src/Clinica.Infrastructure/Migrations/20260719235849_AuditoriaEConcorrencia.cs,94,Down
Clinica,src/Clinica.Infrastructure/Migrations/20260720125631_ObservacaoPendencia.cs,12,Up
Clinica,src/Clinica.Infrastructure/Migrations/20260720125631_ObservacaoPendencia.cs,29,Down
Clinica,src/Clinica.Infrastructure/Migrations/20260720191221_EspecialidadeConsulta.cs,11,Up
Clinica,src/Clinica.Infrastructure/Migrations/20260720191221_EspecialidadeConsulta.cs,29,Down
Clinica,src/Clinica.Infrastructure/Migrations/20260721120000_ModalidadesEspecialidadesDinamicas.cs,19,Up
Clinica,src/Clinica.Infrastructure/Migrations/20260721120000_ModalidadesEspecialidadesDinamicas.cs,106,Down
Clinica,src/Clinica.Infrastructure/Migrations/20260723120000_NaoConformidadePendencia.cs,20,Up
Clinica,src/Clinica.Infrastructure/Migrations/20260723120000_NaoConformidadePendencia.cs,37,Down
Clinica,src/Clinica.Infrastructure/Migrations/20260724120000_FotoPaciente.cs,18,Up
Clinica,src/Clinica.Infrastructure/Migrations/20260724120000_FotoPaciente.cs,44,Down
Clinica,src/Clinica.Infrastructure/Migrations/20260725120000_AutorizacaoSessoes.cs,20,Up
Clinica,src/Clinica.Infrastructure/Migrations/20260725120000_AutorizacaoSessoes.cs,55,Down
Clinica,src/Clinica.Infrastructure/Migrations/20260727151723_Financeiro.cs,13,Up
Clinica,src/Clinica.Infrastructure/Migrations/20260727151723_Financeiro.cs,123,Down
Clinica,src/Clinica.Infrastructure/Migrations/20260727180000_FundacaoRecepcao.cs,24,Up
Clinica,src/Clinica.Infrastructure/Migrations/20260727180000_FundacaoRecepcao.cs,150,Down
Clinica,src/Clinica.Infrastructure/Migrations/20260727200000_ProntuarioELgpd.cs,22,Up
Clinica,src/Clinica.Infrastructure/Migrations/20260727200000_ProntuarioELgpd.cs,143,Down
Clinica,src/Clinica.Infrastructure/Migrations/20260727220000_CampanhasEAcesso.cs,24,Up
Clinica,src/Clinica.Infrastructure/Migrations/20260727220000_CampanhasEAcesso.cs,133,Down
Clinica,src/Clinica.Infrastructure/Migrations/20260727221000_AtoClinico.cs,24,Up
Clinica,src/Clinica.Infrastructure/Migrations/20260727221000_AtoClinico.cs,285,Down
Clinica,src/Clinica.Infrastructure/Migrations/20260727230000_DinheiroEInsumo.cs,23,Up
Clinica,src/Clinica.Infrastructure/Migrations/20260727230000_DinheiroEInsumo.cs,367,Down
Clinica,src/Clinica.Infrastructure/Migrations/20260728221129_CrmPaciente.cs,22,Up
Clinica,src/Clinica.Infrastructure/Migrations/20260728221129_CrmPaciente.cs,38,Down
Clinica,src/Clinica.Infrastructure/Migrations/20260728223610_TaxasEImpostos.cs,26,Up
Clinica,src/Clinica.Infrastructure/Migrations/20260728223610_TaxasEImpostos.cs,125,Down
Clinica,src/Clinica.Infrastructure/Migrations/20260729063411_ContasARecorrencia.cs,31,Up
Clinica,src/Clinica.Infrastructure/Migrations/20260729063411_ContasARecorrencia.cs,99,Down
Clinica,src/Clinica.Infrastructure/Migrations/20260729065323_FechamentoDeCaixa.cs,30,Up
Clinica,src/Clinica.Infrastructure/Migrations/20260729065323_FechamentoDeCaixa.cs,62,Down
Clinica,src/Clinica.Infrastructure/Migrations/20260729125902_RegimeTributario.cs,37,Up
Clinica,src/Clinica.Infrastructure/Migrations/20260729125902_RegimeTributario.cs,75,Down
Clinica,src/Clinica.Infrastructure/Migrations/20260729131015_RecebiveisDeCartao.cs,25,Up
Clinica,src/Clinica.Infrastructure/Migrations/20260729131015_RecebiveisDeCartao.cs,40,Down
Clinica,src/Clinica.Infrastructure/Migrations/20260729134423_RetencaoPorConvenio.cs,29,Up
Clinica,src/Clinica.Infrastructure/Migrations/20260729134423_RetencaoPorConvenio.cs,45,Down
Clinica,src/Clinica.Infrastructure/Migrations/20260730000415_TabelaPrecoConvenio.cs,29,Up
Clinica,src/Clinica.Infrastructure/Migrations/20260730000415_TabelaPrecoConvenio.cs,65,Down
Clinica,src/Clinica.Infrastructure/Migrations/20260731090000_BloqueioDeAgenda.cs,26,Up
Clinica,src/Clinica.Infrastructure/Migrations/20260731090000_BloqueioDeAgenda.cs,74,Down
Clinica,src/Clinica.Infrastructure/Migrations/20260731093000_AgendamentoEmSerie.cs,22,Up
Clinica,src/Clinica.Infrastructure/Migrations/20260731093000_AgendamentoEmSerie.cs,38,Down
Clinica,src/Clinica.Infrastructure/Migrations/20260731230000_MetasMensais.cs,32,Up
Clinica,src/Clinica.Infrastructure/Migrations/20260731230000_MetasMensais.cs,72,Down
Clinica,src/Clinica.Infrastructure/Migrations/20260731234500_AjusteDeInventario.cs,31,Up
Clinica,src/Clinica.Infrastructure/Migrations/20260731234500_AjusteDeInventario.cs,41,Down
Clinica,src/Clinica.Infrastructure/Migrations/20260801000000_OrcamentoPorCategoria.cs,26,Up
Clinica,src/Clinica.Infrastructure/Migrations/20260801000000_OrcamentoPorCategoria.cs,65,Down
Clinica,src/Clinica.Infrastructure/Migrations/20260801010000_AlinharFksDeBloqueioEMeta.cs,33,Up
Clinica,src/Clinica.Infrastructure/Migrations/20260801010000_AlinharFksDeBloqueioEMeta.cs,73,Down
Clinica,src/Clinica.Infrastructure/Migrations/20260802152903_AvaliacoesClinicas.cs,24,Up
Clinica,src/Clinica.Infrastructure/Migrations/20260802152903_AvaliacoesClinicas.cs,119,Down
Clinica,src/Clinica.Infrastructure/Migrations/20260803122008_ProntuarioMedidasEProblemas.cs,27,Up
Clinica,src/Clinica.Infrastructure/Migrations/20260803122008_ProntuarioMedidasEProblemas.cs,151,Down
Clinica,src/Clinica.Infrastructure/Migrations/20260803223310_ChamadaDoProfissional.cs,22,Up
Clinica,src/Clinica.Infrastructure/Migrations/20260803223310_ChamadaDoProfissional.cs,32,Down
Clinica,src/Clinica.Infrastructure/Migrations/20260805231132_PrescricaoInternaEChecagem.cs,30,Up
Clinica,src/Clinica.Infrastructure/Migrations/20260805231132_PrescricaoInternaEChecagem.cs,304,Down
Clinica,src/Clinica.Infrastructure/Migrations/20260806133110_AssinaturaDocumentoClinico.cs,12,Up
Clinica,src/Clinica.Infrastructure/Migrations/20260806133110_AssinaturaDocumentoClinico.cs,142,Down
Clinica,src/Clinica.Infrastructure/Migrations/20260807182608_IndiceCpfProfissional.cs,11,Up
Clinica,src/Clinica.Infrastructure/Migrations/20260807182608_IndiceCpfProfissional.cs,20,Down
Clinica,src/Clinica.Infrastructure/Migrations/20260807233152_FormatoNumeroGuiaPorConvenio.cs,32,Up
Clinica,src/Clinica.Infrastructure/Migrations/20260807233152_FormatoNumeroGuiaPorConvenio.cs,58,Down
Clinica,src/Clinica.Infrastructure/Migrations/20260809125932_GuardaProntuarioImutavel.cs,13,Up
Clinica,src/Clinica.Infrastructure/Migrations/20260809125932_GuardaProntuarioImutavel.cs,125,Down
Clinica,src/Clinica.Infrastructure/Migrations/20260809185155_PublicacaoDocumentoAssinado.cs,12,Up
Clinica,src/Clinica.Infrastructure/Migrations/20260809185155_PublicacaoDocumentoAssinado.cs,34,Down
Clinica,src/Clinica.Infrastructure/Migrations/20260811091802_AutoriaDoLancamento.cs,12,Up
Clinica,src/Clinica.Infrastructure/Migrations/20260811091802_AutoriaDoLancamento.cs,42,Down
Clinica,src/Clinica.Infrastructure/Migrations/20260811170417_ConvenioParticular.cs,11,Up
Clinica,src/Clinica.Infrastructure/Migrations/20260811170417_ConvenioParticular.cs,34,Down
Clinica,src/Clinica.Infrastructure/Migrations/20260811174233_PrimeiroCodigoNoAgendamento.cs,11,Up
Clinica,src/Clinica.Infrastructure/Migrations/20260811174233_PrimeiroCodigoNoAgendamento.cs,22,Down
Clinica,src/Clinica.Infrastructure/Migrations/20260811222036_LotePorOperadora.cs,11,Up
Clinica,src/Clinica.Infrastructure/Migrations/20260811222036_LotePorOperadora.cs,29,Down
Clinica,src/Clinica.Infrastructure/Migrations/20260812184433_ModeloEvolucao.cs,13,Up
Clinica,src/Clinica.Infrastructure/Migrations/20260812184433_ModeloEvolucao.cs,52,Down
Clinica,src/Clinica.Infrastructure/Migrations/20260812190038_ConciliacaoBancaria.cs,12,Up
Clinica,src/Clinica.Infrastructure/Migrations/20260812190038_ConciliacaoBancaria.cs,34,Down
Clinica,src/Clinica.Infrastructure/Migrations/20260813181321_TermoAssinadoPeloPaciente.cs,13,Up
Clinica,src/Clinica.Infrastructure/Migrations/20260813181321_TermoAssinadoPeloPaciente.cs,153,Down
Clinica,src/Clinica.Infrastructure/Migrations/20260813202831_ValidadeDoTermoPorProcedimento.cs,11,Up
Clinica,src/Clinica.Infrastructure/Migrations/20260813202831_ValidadeDoTermoPorProcedimento.cs,27,Down
Clinica,src/Clinica.Infrastructure/Migrations/20260813223632_ExigenciaTermoPorModelo.cs,29,Up
Clinica,src/Clinica.Infrastructure/Migrations/20260813223632_ExigenciaTermoPorModelo.cs,43,Down
Clinica,src/Clinica.Infrastructure/Migrations/20260814184312_DatasDeCancelamentoSemFuso.cs,32,Up
Clinica,src/Clinica.Infrastructure/Migrations/20260814184312_DatasDeCancelamentoSemFuso.cs,89,Down
Clinica,src/Clinica.Infrastructure/Migrations/20260816121528_SegundaAssinaturaDaExecucao.cs,11,Up
Clinica,src/Clinica.Infrastructure/Migrations/20260816121528_SegundaAssinaturaDaExecucao.cs,22,Down
Clinica,src/Clinica.Infrastructure/Migrations/20260819120000_RealizadoNoAtendimento.cs,21,Up
Clinica,src/Clinica.Infrastructure/Migrations/20260819120000_RealizadoNoAtendimento.cs,36,Down
Clinica,src/Clinica.Infrastructure/Migrations/20260820202249_RegistroDeExecucaoSelado.cs,23,Up
Clinica,src/Clinica.Infrastructure/Migrations/20260820202249_RegistroDeExecucaoSelado.cs,46,Down
Clinica,src/Clinica.Infrastructure/Migrations/20260821143645_EvolucaoDeEnfermagem.cs,13,Up
Clinica,src/Clinica.Infrastructure/Migrations/20260821143645_EvolucaoDeEnfermagem.cs,107,Down
Clinica,src/Clinica.Infrastructure/Migrations/20260823123710_ProcessoDeEnfermagemEAtendimento.cs,12,Up
Clinica,src/Clinica.Infrastructure/Migrations/20260823123710_ProcessoDeEnfermagemEAtendimento.cs,124,Down
Clinica,src/Clinica.Infrastructure/Migrations/20260823161500_FimDoAtendimento.cs,16,Up
Clinica,src/Clinica.Infrastructure/Migrations/20260823161500_FimDoAtendimento.cs,25,Down
Clinica,src/Clinica.Infrastructure/Migrations/20260823174500_VersaoGuardaAAnamnese.cs,21,Up
Clinica,src/Clinica.Infrastructure/Migrations/20260823174500_VersaoGuardaAAnamnese.cs,40,Down
Clinica,src/Clinica.Infrastructure/Migrations/20260823183000_AnamneseDoPaciente.cs,16,Up
Clinica,src/Clinica.Infrastructure/Migrations/20260823183000_AnamneseDoPaciente.cs,91,Down
Clinica,src/Clinica.Infrastructure/Migrations/20260823192000_PlanoTerapeutico.cs,15,Up
Clinica,src/Clinica.Infrastructure/Migrations/20260823192000_PlanoTerapeutico.cs,29,Down
Clinica,src/Clinica.Infrastructure/Migrations/20260824010000_ModeloEvolucaoCompleto.cs,22,Up
Clinica,src/Clinica.Infrastructure/Migrations/20260824010000_ModeloEvolucaoCompleto.cs,45,Down
Clinica,src/Clinica.Infrastructure/Migrations/20260824020000_ExecucaoDoCuidadoDeEnfermagem.cs,23,Up
Clinica,src/Clinica.Infrastructure/Migrations/20260824020000_ExecucaoDoCuidadoDeEnfermagem.cs,97,Down
Clinica,src/Clinica.Infrastructure/Migrations/20260824030000_RetornoEncaminhamentoEAcessoVenoso.cs,28,Up
Clinica,src/Clinica.Infrastructure/Migrations/20260824030000_RetornoEncaminhamentoEAcessoVenoso.cs,58,Down
Clinica,src/Clinica.Infrastructure/Migrations/20260824040000_DesenhoDaSessaoNoDocumento.cs,22,Up
Clinica,src/Clinica.Infrastructure/Migrations/20260824040000_DesenhoDaSessaoNoDocumento.cs,29,Down
Clinica,src/Clinica.Infrastructure/Migrations/20260824050000_ColetaRemotaDoTermo.cs,22,Up
Clinica,src/Clinica.Infrastructure/Migrations/20260824050000_ColetaRemotaDoTermo.cs,64,Down
Clinica,src/Clinica.Infrastructure/Migrations/20260824060000_CodigoDoItemDeDocumento.cs,21,Up
Clinica,src/Clinica.Infrastructure/Migrations/20260824060000_CodigoDoItemDeDocumento.cs,29,Down
Clinica,src/Clinica.Infrastructure/Migrations/20260831120000_ResultadosDeExame.cs,20,Up
Clinica,src/Clinica.Infrastructure/Migrations/20260831120000_ResultadosDeExame.cs,60,Down
Clinica,src/Clinica.Infrastructure/Migrations/20260901130000_ResultadoRespondePedido.cs,19,Up
Clinica,src/Clinica.Infrastructure/Migrations/20260901130000_ResultadoRespondePedido.cs,42,Down
Clinica,src/Clinica.Infrastructure/Migrations/20260901160000_LaudoEmArquivoNoResultado.cs,24,Up
Clinica,src/Clinica.Infrastructure/Migrations/20260901160000_LaudoEmArquivoNoResultado.cs,66,Down
Clinica,src/Clinica.Infrastructure/Migrations/20260901180000_ChaveDeImportacaoDoPaciente.cs,20,Up
Clinica,src/Clinica.Infrastructure/Migrations/20260901180000_ChaveDeImportacaoDoPaciente.cs,37,Down
Clinica,src/Clinica.Infrastructure/Migrations/20260902100000_ImportacaoDoProntuarioEDaAgenda.cs,26,Up
Clinica,src/Clinica.Infrastructure/Migrations/20260902100000_ImportacaoDoProntuarioEDaAgenda.cs,78,Down
Clinica,src/Clinica.Infrastructure/Migrations/20260902180000_ArquivosDaFicha.cs,26,Up
Clinica,src/Clinica.Infrastructure/Migrations/20260902180000_ArquivosDaFicha.cs,90,Down
Clinica,src/Clinica.Infrastructure/Migrations/20260903153325_EstornoDeAtendimento.cs,12,Up
Clinica,src/Clinica.Infrastructure/Migrations/20260903153325_EstornoDeAtendimento.cs,36,Down
Clinica,src/Clinica.Infrastructure/Migrations/20260904120000_FichaDaSessaoCabeNaColuna.cs,36,Up
Clinica,src/Clinica.Infrastructure/Migrations/20260904120000_FichaDaSessaoCabeNaColuna.cs,61,Down
Clinica,src/Clinica.Infrastructure/Migrations/20260905120000_JornadaDoProfissionalEEmailDoPaciente.cs,24,Up
Clinica,src/Clinica.Infrastructure/Migrations/20260905120000_JornadaDoProfissionalEEmailDoPaciente.cs,52,Down
Clinica,src/Clinica.Infrastructure/Migrations/20260906120000_PagamentoDoPacoteNoLancamento.cs,21,Up
Clinica,src/Clinica.Infrastructure/Migrations/20260906120000_PagamentoDoPacoteNoLancamento.cs,43,Down
Clinica,src/Clinica.Infrastructure/Migrations/20260906150000_PrecoDoParticularPorEspecialidade.cs,19,Up
Clinica,src/Clinica.Infrastructure/Migrations/20260906150000_PrecoDoParticularPorEspecialidade.cs,53,Down
Clinica,src/Clinica.Infrastructure/Migrations/20260907120000_CorpoDoDocumentoSemTeto.cs,33,Up
Clinica,src/Clinica.Infrastructure/Migrations/20260907120000_CorpoDoDocumentoSemTeto.cs,57,Down
Clinica,src/Clinica.Infrastructure/Migrations/20260907130000_HorarioSubstituidoPorSessaoLancadaPorFora.cs,26,Up
Clinica,src/Clinica.Infrastructure/Migrations/20260907130000_HorarioSubstituidoPorSessaoLancadaPorFora.cs,48,Down
Clinica,src/Clinica.Infrastructure/Migrations/20260907140000_MidiaDoProntuarioNoArmazenamento.cs,21,Up
Clinica,src/Clinica.Infrastructure/Migrations/20260907140000_MidiaDoProntuarioNoArmazenamento.cs,38,Down
Clinica,src/Clinica.Infrastructure/Migrations/20260907150000_CamposPersonalizadosDoProntuario.cs,17,Up
Clinica,src/Clinica.Infrastructure/Migrations/20260907150000_CamposPersonalizadosDoProntuario.cs,91,Down
Clinica,src/Clinica.Infrastructure/Migrations/20260908190858_TermoLigadoAoHorario.cs,27,Up
Clinica,src/Clinica.Infrastructure/Migrations/20260908190858_TermoLigadoAoHorario.cs,50,Down
Clinica,src/Clinica.Infrastructure/Migrations/20260910120000_AssinaturaRemotaGuardadaAntesDaConferencia.cs,30,Up
Clinica,src/Clinica.Infrastructure/Migrations/20260910120000_AssinaturaRemotaGuardadaAntesDaConferencia.cs,59,Down
Clinica,src/Clinica.Infrastructure/Migrations/20260914133708_EtapasDoFechamentoDaSessao.cs,11,Up
Clinica,src/Clinica.Infrastructure/Migrations/20260914133708_EtapasDoFechamentoDaSessao.cs,35,Down
Clinica,src/Clinica.Infrastructure/Migrations/20260915102346_ColetaDeTermosNoTablet.cs,12,Up
Clinica,src/Clinica.Infrastructure/Migrations/20260915102346_ColetaDeTermosNoTablet.cs,222,Down
Clinica,src/Clinica.Infrastructure/Migrations/20260915140519_PrescricaoInfusaoTextoLivre.cs,11,Up
Clinica,src/Clinica.Infrastructure/Migrations/20260915140519_PrescricaoInfusaoTextoLivre.cs,24,Down
Clinica,src/Clinica.Infrastructure/Migrations/20260915151605_ModelosCorpoObservacoesCompletas.cs,12,Up
Clinica,src/Clinica.Infrastructure/Migrations/20260915151605_ModelosCorpoObservacoesCompletas.cs,27,Down
Clinica,src/Clinica.Infrastructure/Migrations/20260916173014_AtendimentoClinicoTablet.cs,12,Up
Clinica,src/Clinica.Infrastructure/Migrations/20260916173014_AtendimentoClinicoTablet.cs,60,Down
Clinica,src/Clinica.Infrastructure/Migrations/20260916193849_PostoClinicoTablet.cs,12,Up
Clinica,src/Clinica.Infrastructure/Migrations/20260916193849_PostoClinicoTablet.cs,43,Down
Clinica,src/Clinica.Infrastructure/Migrations/20260917133639_TravaOpcionalDaAgenda.cs,11,Up
Clinica,src/Clinica.Infrastructure/Migrations/20260917133639_TravaOpcionalDaAgenda.cs,95,Down
Clinica,src/Clinica.Infrastructure/Migrations/20260917185911_EnfermagemVinculadaEValidacaoInfusao.cs,12,Up
Clinica,src/Clinica.Infrastructure/Migrations/20260917185911_EnfermagemVinculadaEValidacaoInfusao.cs,54,Down
Clinica,src/Clinica.Infrastructure/Migrations/20260921194019_ModelosClinicosFormatados.cs,11,Up
Clinica,src/Clinica.Infrastructure/Migrations/20260921194019_ModelosClinicosFormatados.cs,106,Down
Clinica,src/Clinica.Infrastructure/Migrations/20260922003512_ConsolidacaoGestao.cs,12,Up
Clinica,src/Clinica.Infrastructure/Migrations/20260922003512_ConsolidacaoGestao.cs,54,Down
Clinica,src/Clinica.Infrastructure/Migrations/20260922013900_AgendaRecebiveisPorContrato.cs,13,Up
Clinica,src/Clinica.Infrastructure/Migrations/20260922013900_AgendaRecebiveisPorContrato.cs,69,Down
Clinica,src/Clinica.Infrastructure/Migrations/20260922024030_CatalogoEstoqueClinico.cs,11,Up
Clinica,src/Clinica.Infrastructure/Migrations/20260922024030_CatalogoEstoqueClinico.cs,170,Down
Clinica,src/Clinica.Infrastructure/Migrations/20260922024419_ParcelamentoContasDocumentado.cs,12,Up
Clinica,src/Clinica.Infrastructure/Migrations/20260922024419_ParcelamentoContasDocumentado.cs,61,Down
Clinica,src/Clinica.Infrastructure/Migrations/20260922025145_ConferenciaMateriaisProcedimento.cs,13,Up
Clinica,src/Clinica.Infrastructure/Migrations/20260922025145_ConferenciaMateriaisProcedimento.cs,46,Down
Clinica,src/Clinica.Infrastructure/Migrations/20260922031722_BaixasParciaisObrigacoes.cs,12,Up
Clinica,src/Clinica.Infrastructure/Migrations/20260922031722_BaixasParciaisObrigacoes.cs,54,Down
Clinica,src/Clinica.Infrastructure/Migrations/20260922155443_AdocaoGradualMateriais.cs,12,Up
Clinica,src/Clinica.Infrastructure/Migrations/20260922155443_AdocaoGradualMateriais.cs,37,Down
Clinica,src/Clinica.Infrastructure/Migrations/20260922202933_ModelosEFasesEvolucaoEnfermagemPortal.cs,14,Up
Clinica,src/Clinica.Infrastructure/Migrations/20260922202933_ModelosEFasesEvolucaoEnfermagemPortal.cs,46,Down
Clinica,src/Clinica.Infrastructure/Migrations/20260922230000_PerfilPsicologia.cs,14,Up
Clinica,src/Clinica.Infrastructure/Migrations/20260922230000_PerfilPsicologia.cs,23,Down
Clinica,src/Clinica.Infrastructure/Migrations/20260922231000_HabilitacoesDoProfissional.cs,12,Up
Clinica,src/Clinica.Infrastructure/Migrations/20260922231000_HabilitacoesDoProfissional.cs,16,Down
Clinica,src/Clinica.Infrastructure/Migrations/20260923190924_EdicaoEnfermagemExclusiva.cs,12,Up
Clinica,src/Clinica.Infrastructure/Migrations/20260923190924_EdicaoEnfermagemExclusiva.cs,65,Down
Clinica,src/Clinica.Infrastructure/Migrations/20260925170000_DataRealizacaoInfusao.cs,12,Up
Clinica,src/Clinica.Infrastructure/Migrations/20260925170000_DataRealizacaoInfusao.cs,16,Down
Clinica,src/Clinica.Infrastructure/Migrations/20260926120000_DevolucaoInfusaoExterna.cs,12,Up
Clinica,src/Clinica.Infrastructure/Migrations/20260926120000_DevolucaoInfusaoExterna.cs,30,Down
Clinica,src/Clinica.Infrastructure/Migrations/20260928123100_AcompanhamentoPacientesBsvRecall.cs,13,Up
Clinica,src/Clinica.Infrastructure/Migrations/20260928123100_AcompanhamentoPacientesBsvRecall.cs,173,Down
Clinica,src/Clinica.Infrastructure/Migrations/20260928210520_DiluicaoUnicaInfusao.cs,11,Up
Clinica,src/Clinica.Infrastructure/Migrations/20260928210520_DiluicaoUnicaInfusao.cs,36,Down
Clinica,src/Clinica.Infrastructure/Migrations/20260928211121_ChecagemNaoExecutavel.cs,11,Up
Clinica,src/Clinica.Infrastructure/Migrations/20260928211121_ChecagemNaoExecutavel.cs,22,Down
Clinica,src/Clinica.Infrastructure/PoliticaBackupService.cs,11,SituacaoBackup
Clinica,src/Clinica.Infrastructure/PoliticaBackupService.cs,33,Descrever
Clinica,src/Clinica.Infrastructure/PoliticaBackupService.cs,47,ResultadoBackupAutomatico
Clinica,src/Clinica.Infrastructure/PoliticaBackupService.cs,109,SituacaoAsync
Clinica,src/Clinica.Infrastructure/PoliticaBackupService.cs,127,ExecutarSeVencidoAsync
Clinica,src/Clinica.Infrastructure/PoliticaBackupService.cs,151,ExecutarAsync
Clinica,src/Clinica.Infrastructure/PoliticaBackupService.cs,201,Rotacionar
Clinica,src/Clinica.Infrastructure/PoliticaBackupService.cs,225,ContarCopias
Clinica,src/Clinica.Infrastructure/PoliticaBackupService.cs,242,TentarApagar
Clinica,src/Clinica.Infrastructure/RecuperacaoGuiasService.cs,14,FiltroRecuperacaoGuias
Clinica,src/Clinica.Infrastructure/RecuperacaoGuiasService.cs,15,ItemRecuperacaoGuias
Clinica,src/Clinica.Infrastructure/RecuperacaoGuiasService.cs,17,PreviaRecuperacaoGuias
Clinica,src/Clinica.Infrastructure/RecuperacaoGuiasService.cs,18,PedidoRecuperacaoGuia
Clinica,src/Clinica.Infrastructure/RecuperacaoGuiasService.cs,19,ResultadoRecuperacaoGuia
Clinica,src/Clinica.Infrastructure/RecuperacaoGuiasService.cs,22,RecuperacaoGuiasService
Clinica,src/Clinica.Infrastructure/RecuperacaoGuiasService.cs,24,Autorizar
Clinica,src/Clinica.Infrastructure/RecuperacaoGuiasService.cs,32,PreverAsync
Clinica,src/Clinica.Infrastructure/RecuperacaoGuiasService.cs,108,RecuperarAsync
Clinica,src/Clinica.Infrastructure/RecuperacaoGuiasService.cs,136,RecuperarLoteAsync
Clinica,src/Clinica.Infrastructure/SessoesEnfermagemService.cs,8,FiltroSessoesEnfermagem
Clinica,src/Clinica.Infrastructure/SessoesEnfermagemService.cs,10,SessaoEnfermagemItem
Clinica,src/Clinica.Infrastructure/SessoesEnfermagemService.cs,23,SessoesEnfermagemPagina
Clinica,src/Clinica.Infrastructure/SessoesEnfermagemService.cs,26,SessoesEnfermagemService
Clinica,src/Clinica.Infrastructure/SessoesEnfermagemService.cs,28,ListarAsync
Clinica,src/Clinica.Infrastructure/Tablet/AnexosFichaTablet.cs,11,PodeAnexar
Clinica,src/Clinica.Infrastructure/Tablet/AnexosFichaTablet.cs,12,TipoArquivo
Clinica,src/Clinica.Infrastructure/Tablet/AnexosFichaTablet.cs,19,AnexarAsync
Clinica,src/Clinica.Infrastructure/Tablet/AtendimentoTabletService.Materiais.cs,8,MateriaisHabilitadosAsync
Clinica,src/Clinica.Infrastructure/Tablet/AtendimentoTabletService.Materiais.cs,16,MateriaisAsync
Clinica,src/Clinica.Infrastructure/Tablet/AtendimentoTabletService.Materiais.cs,48,RegistrarMateriaisAsync
Clinica,src/Clinica.Infrastructure/Tablet/AtendimentoTabletService.cs,13,AtendimentoTabletService
Clinica,src/Clinica.Infrastructure/Tablet/AtendimentoTabletService.cs,20,Operador
Clinica,src/Clinica.Infrastructure/Tablet/AtendimentoTabletService.cs,22,AutorizarAsync
Clinica,src/Clinica.Infrastructure/Tablet/AtendimentoTabletService.cs,47,Horario
Clinica,src/Clinica.Infrastructure/Tablet/AtendimentoTabletService.cs,56,DiaAsync
Clinica,src/Clinica.Infrastructure/Tablet/AtendimentoTabletService.cs,75,EvolucaoAtual
Clinica,src/Clinica.Infrastructure/Tablet/AtendimentoTabletService.cs,82,Mapa
Clinica,src/Clinica.Infrastructure/Tablet/AtendimentoTabletService.cs,87,Fotografar
Clinica,src/Clinica.Infrastructure/Tablet/AtendimentoTabletService.cs,99,AbrirAsync
Clinica,src/Clinica.Infrastructure/Tablet/AtendimentoTabletService.cs,150,CopiarMapaAsync
Clinica,src/Clinica.Infrastructure/Tablet/AtendimentoTabletService.cs,183,SalvarAsync
Clinica,src/Clinica.Infrastructure/Tablet/AtendimentoTabletService.cs,236,EmitirAsync
Clinica,src/Clinica.Infrastructure/Tablet/AtendimentoTabletService.cs,246,EmitirConteudoAsync
Clinica,src/Clinica.Infrastructure/Tablet/AtendimentoTabletService.cs,302,SalvarModeloMapaAsync
Clinica,src/Clinica.Infrastructure/Tablet/AtendimentoTabletService.cs,317,Auditar
Clinica,src/Clinica.Infrastructure/Tablet/AtendimentoTabletService.cs,319,ValidarTextos
Clinica,src/Clinica.Infrastructure/Tablet/AutorizacoesSafeIdTablet.cs,8,AutorizacoesSafeIdTablet
Clinica,src/Clinica.Infrastructure/Tablet/AutorizacoesSafeIdTablet.cs,26,Receber
Clinica,src/Clinica.Infrastructure/Tablet/AutorizacoesSafeIdTablet.cs,31,Consumir
Clinica,src/Clinica.Infrastructure/Tablet/AutorizacoesSafeIdTablet.cs,32,Concluir
Clinica,src/Clinica.Infrastructure/Tablet/AutorizacoesSafeIdTablet.cs,34,Criar
Clinica,src/Clinica.Infrastructure/Tablet/AutorizacoesSafeIdTablet.cs,48,Receber
Clinica,src/Clinica.Infrastructure/Tablet/AutorizacoesSafeIdTablet.cs,58,Obter
Clinica,src/Clinica.Infrastructure/Tablet/AutorizacoesSafeIdTablet.cs,67,Concluir
Clinica,src/Clinica.Infrastructure/Tablet/EdicaoEnfermagemTabletService.cs,12,ReservarEdicaoEnfermagemAsync
Clinica,src/Clinica.Infrastructure/Tablet/EdicaoFichaTablet.cs,10,Hash
Clinica,src/Clinica.Infrastructure/Tablet/EdicaoFichaTablet.cs,11,ConferirVersao
Clinica,src/Clinica.Infrastructure/Tablet/EdicaoFichaTablet.cs,15,Textos
Clinica,src/Clinica.Infrastructure/Tablet/EdicaoFichaTablet.cs,19,DadosAnamnese
Clinica,src/Clinica.Infrastructure/Tablet/EdicaoFichaTablet.cs,22,DadosProblema
Clinica,src/Clinica.Infrastructure/Tablet/EdicaoFichaTablet.cs,24,VersaoMedida
Clinica,src/Clinica.Infrastructure/Tablet/EdicaoFichaTablet.cs,28,SalvarAnamneseAsync
Clinica,src/Clinica.Infrastructure/Tablet/EdicaoFichaTablet.cs,42,RegistrarMedidaAsync
Clinica,src/Clinica.Infrastructure/Tablet/EdicaoFichaTablet.cs,51,CancelarMedidaAsync
Clinica,src/Clinica.Infrastructure/Tablet/EdicaoFichaTablet.cs,61,SalvarProblemaAsync
Clinica,src/Clinica.Infrastructure/Tablet/EdicaoFichaTablet.cs,77,SituacaoProblemaAsync
Clinica,src/Clinica.Infrastructure/Tablet/EdicaoFichaTablet.cs,89,VersoesAnamneseAsync
Clinica,src/Clinica.Infrastructure/Tablet/InfusaoExternaTabletService.cs,10,ContextoEnfermagemAsync
Clinica,src/Clinica.Infrastructure/Tablet/InfusaoExternaTabletService.cs,31,RegistrarInfusaoExternaAsync
Clinica,src/Clinica.Infrastructure/Tablet/MapeamentoTablet.cs,8,Aplicar
Clinica,src/Clinica.Infrastructure/Tablet/ModelosClinicosTablet.cs,11,VersaoModeloEvolucao
Clinica,src/Clinica.Infrastructure/Tablet/ModelosClinicosTablet.cs,19,DadosModeloEvolucao
Clinica,src/Clinica.Infrastructure/Tablet/ModelosClinicosTablet.cs,24,ModelosEvolucaoAsync
Clinica,src/Clinica.Infrastructure/Tablet/ModelosClinicosTablet.cs,33,SalvarModeloEvolucaoAsync
Clinica,src/Clinica.Infrastructure/Tablet/ModelosClinicosTablet.cs,113,SalvarModeloDocumentoGlobalAsync
Clinica,src/Clinica.Infrastructure/Tablet/ModelosEnfermagemTablet.cs,13,ChaveModeloEnfermagem
Clinica,src/Clinica.Infrastructure/Tablet/ModelosEnfermagemTablet.cs,18,DadosModeloEnfermagem
Clinica,src/Clinica.Infrastructure/Tablet/ModelosEnfermagemTablet.cs,21,ModelosEnfermagemAsync
Clinica,src/Clinica.Infrastructure/Tablet/ModelosEnfermagemTablet.cs,29,SalvarModeloEnfermagemAsync
Clinica,src/Clinica.Infrastructure/Tablet/PendenciasPostoTablet.cs,10,PendenciasAsync
Clinica,src/Clinica.Infrastructure/Tablet/PortalTabletService.cs,14,OpcoesTablet
Clinica,src/Clinica.Infrastructure/Tablet/PortalTabletService.cs,15,PortalTabletService
Clinica,src/Clinica.Infrastructure/Tablet/PortalTabletService.cs,22,Token
Clinica,src/Clinica.Infrastructure/Tablet/PortalTabletService.cs,23,Operador
Clinica,src/Clinica.Infrastructure/Tablet/PortalTabletService.cs,45,PodeColher
Clinica,src/Clinica.Infrastructure/Tablet/PortalTabletService.cs,48,PodeEntrar
Clinica,src/Clinica.Infrastructure/Tablet/PortalTabletService.cs,51,AutorizarAsync
Clinica,src/Clinica.Infrastructure/Tablet/PortalTabletService.cs,64,DiaAsync
Clinica,src/Clinica.Infrastructure/Tablet/PortalTabletService.cs,78,BuscarAsync
Clinica,src/Clinica.Infrastructure/Tablet/PortalTabletService.cs,95,SituacoesAsync
Clinica,src/Clinica.Infrastructure/Tablet/PortalTabletService.cs,123,ModelosAsync
Clinica,src/Clinica.Infrastructure/Tablet/PortalTabletService.cs,127,DiarioAsync
Clinica,src/Clinica.Infrastructure/Tablet/PortalTabletService.cs,129,CobertoAsync
Clinica,src/Clinica.Infrastructure/Tablet/PortalTabletService.cs,133,PacienteAsync
Clinica,src/Clinica.Infrastructure/Tablet/PortalTabletService.cs,157,PrepararNaEvolucaoAsync
Clinica,src/Clinica.Infrastructure/Tablet/PortalTabletService.cs,173,PrepararAsync
Clinica,src/Clinica.Infrastructure/Tablet/PortalTabletService.cs,247,ColetasAsync
Clinica,src/Clinica.Infrastructure/Tablet/PortalTabletService.cs,282,ReceberAsync
Clinica,src/Clinica.Infrastructure/Tablet/PortalTabletService.cs,329,EncerrarAsync
Clinica,src/Clinica.Infrastructure/Tablet/PortalTabletService.cs,353,EncerrarPreparadasAsync
Clinica,src/Clinica.Infrastructure/Tablet/PortalTabletService.cs,365,ExpirarAsync
Clinica,src/Clinica.Infrastructure/Tablet/PortalTabletService.cs,374,RetomarAsync
Clinica,src/Clinica.Infrastructure/Tablet/PortalTabletService.cs,385,FinalizarAsync
Clinica,src/Clinica.Infrastructure/Tablet/PortalTabletService.cs,418,AbrirViaAsync
Clinica,src/Clinica.Infrastructure/Tablet/PortalTabletService.cs,430,Auditar
Clinica,src/Clinica.Infrastructure/Tablet/PostoTabletService.cs,13,PostoTabletService
Clinica,src/Clinica.Infrastructure/Tablet/PostoTabletService.cs,17,SessoesEnfermagemAsync
Clinica,src/Clinica.Infrastructure/Tablet/PostoTabletService.cs,22,Autorizar
Clinica,src/Clinica.Infrastructure/Tablet/PostoTabletService.cs,24,Auditar
Clinica,src/Clinica.Infrastructure/Tablet/PostoTabletService.cs,26,Paciente
Clinica,src/Clinica.Infrastructure/Tablet/PostoTabletService.cs,29,AgendaAsync
Clinica,src/Clinica.Infrastructure/Tablet/PostoTabletService.cs,41,MapaAsync
Clinica,src/Clinica.Infrastructure/Tablet/PostoTabletService.cs,50,AnexoPdfAsync
Clinica,src/Clinica.Infrastructure/Tablet/PostoTabletService.cs,59,BuscarAsync
Clinica,src/Clinica.Infrastructure/Tablet/PostoTabletService.cs,66,FichaAsync
Clinica,src/Clinica.Infrastructure/Tablet/PostoTabletService.cs,124,IniciarAsync
Clinica,src/Clinica.Infrastructure/Tablet/PostoTabletService.cs,141,EmitirAsync
Clinica,src/Clinica.Infrastructure/Tablet/PostoTabletService.cs,145,FilaAsync
Clinica,src/Clinica.Infrastructure/Tablet/PostoTabletService.cs,212,AcaoPendenteInfusao
Clinica,src/Clinica.Infrastructure/Tablet/PostoTabletService.cs,222,Versao
Clinica,src/Clinica.Infrastructure/Tablet/PostoTabletService.cs,224,InfusaoAsync
Clinica,src/Clinica.Infrastructure/Tablet/PostoTabletService.cs,236,ChecarAsync
Clinica,src/Clinica.Infrastructure/Tablet/PostoTabletService.cs,256,EncerrarAsync
Clinica,src/Clinica.Infrastructure/Tablet/PostoTabletService.cs,269,CancelarInfusaoAsync
Clinica,src/Clinica.Infrastructure/Tablet/PostoTabletService.cs,286,DevolverInfusaoAsync
Clinica,src/Clinica.Infrastructure/Tablet/PostoTabletService.cs,300,CorrigirHorariosInfusaoAsync
Clinica,src/Clinica.Infrastructure/Tablet/RascunhosTablet.cs,14,VersaoDocumento
Clinica,src/Clinica.Infrastructure/Tablet/RascunhosTablet.cs,17,RascunhoDocumento
Clinica,src/Clinica.Infrastructure/Tablet/RascunhosTablet.cs,25,RascunhoInfusao
Clinica,src/Clinica.Infrastructure/Tablet/RascunhosTablet.cs,33,RascunhoAsync
Clinica,src/Clinica.Infrastructure/Tablet/RascunhosTablet.cs,48,CorrigirRascunhoAsync
Clinica,src/Clinica.Infrastructure/Tablet/RascunhosTablet.cs,78,CancelarRascunhoAsync
Clinica,src/Clinica.Infrastructure/Tablet/RascunhosTablet.cs,86,VersaoModelo
Clinica,src/Clinica.Infrastructure/Tablet/RascunhosTablet.cs,87,ModelosDocumentoAsync
Clinica,src/Clinica.Infrastructure/Tablet/RegistrosFichaTablet.cs,10,RegistrarObservacoesEnfermagemAsync
Clinica,src/Clinica.Infrastructure/Tablet/RegistrosFichaTablet.cs,68,RegistrarExameAsync
Clinica,src/Clinica.Infrastructure/Tablet/RegistrosFichaTablet.cs,76,RegistrarEnfermagemAsync
Clinica,src/Clinica.Infrastructure/Tablet/RegistrosFichaTablet.cs,100,VincularEnfermagemAsync
Clinica,src/Clinica.Infrastructure/Tablet/RegistrosFichaTablet.cs,108,CriarModeloAsync
Clinica,src/Clinica.Infrastructure/Tablet/ResumoAtendimentoTablet.cs,11,ResumoFaturamentoAsync
Clinica,src/Clinica.Modulo.Clinico/Janelas/AplicarAvaliacaoWindow.xaml.cs,29,AoMudar
Clinica,src/Clinica.Modulo.Clinico/Janelas/ProblemaWindow.xaml.cs,28,AoMudar
Clinica,src/Clinica.Modulo.Clinico/Janelas/RegistrarMedidaWindow.xaml.cs,28,AoMudar
Clinica,src/Clinica.Modulo.Clinico/Janelas/RegistrarResultadoExameWindow.xaml.cs,26,AoMudar
Clinica,src/Clinica.Modulo.Clinico/Modulo/FabricaFichaPaciente.cs,6,FabricaFichaPaciente
Clinica,src/Clinica.Modulo.Clinico/Modulo/FabricaFichaPaciente.cs,8,Criar
Clinica,src/Clinica.Modulo.Clinico/Modulo/ModuloClinico.cs,504,SecaoDoPaciente
Clinica,src/Clinica.Modulo.Clinico/Modulo/ModuloClinico.cs,515,RailDoPaciente
Clinica,src/Clinica.Modulo.Clinico/Modulo/ModuloClinico.cs,557,AbaDe
Clinica,src/Clinica.Modulo.Clinico/Modulo/ModuloClinico.cs,580,SubAbaDe
Clinica,src/Clinica.Modulo.Clinico/Modulo/ModuloClinico.cs,587,Registrar
Clinica,src/Clinica.Modulo.Clinico/Modulo/ModuloClinico.cs,622,CriarTela
Clinica,src/Clinica.Modulo.Clinico/Modulo/PostoClinico.cs,46,ProfissionalDaLista
Clinica,src/Clinica.Modulo.Clinico/Modulo/PostoClinico.cs,57,ListaDaClinica
Clinica,src/Clinica.Modulo.Clinico/Modulo/PostoClinico.cs,60,MotivoDaListaAmpla
Clinica,src/Clinica.Modulo.Clinico/Modulo/PostoClinico.cs,76,ChaveDoAtendimento
Clinica,src/Clinica.Modulo.Clinico/ViewModels/AnamneseViewModel.cs,180,AbrirSecao
Clinica,src/Clinica.Modulo.Clinico/ViewModels/AnamneseViewModel.cs,198,MarcarSecoes
Clinica,src/Clinica.Modulo.Clinico/ViewModels/AnamneseViewModel.cs,239,OnPropertyChanged
Clinica,src/Clinica.Modulo.Clinico/ViewModels/AnamneseViewModel.cs,287,CarregarAsync
Clinica,src/Clinica.Modulo.Clinico/ViewModels/AnamneseViewModel.cs,352,Editar
Clinica,src/Clinica.Modulo.Clinico/ViewModels/AnamneseViewModel.cs,374,CancelarEdicaoAsync
Clinica,src/Clinica.Modulo.Clinico/ViewModels/AnamneseViewModel.cs,382,SalvarAsync
Clinica,src/Clinica.Modulo.Clinico/ViewModels/AnamneseViewModel.cs,448,Montar
Clinica,src/Clinica.Modulo.Clinico/ViewModels/AnamneseViewModel.cs,464,Juntar
Clinica,src/Clinica.Modulo.Clinico/ViewModels/AnamneseViewModel.cs,482,Descrever
Clinica,src/Clinica.Modulo.Clinico/ViewModels/AnamneseViewModel.cs,497,LimparCampos
Clinica,src/Clinica.Modulo.Clinico/ViewModels/AnexosPacienteViewModel.cs,112,EscolherSecao
Clinica,src/Clinica.Modulo.Clinico/ViewModels/AnexosPacienteViewModel.cs,135,MontarChips
Clinica,src/Clinica.Modulo.Clinico/ViewModels/AnexosPacienteViewModel.cs,182,CarregarAsync
Clinica,src/Clinica.Modulo.Clinico/ViewModels/AnexosPacienteViewModel.cs,261,BaixarAsync
Clinica,src/Clinica.Modulo.Clinico/ViewModels/AnexosPacienteViewModel.cs,315,AbrirLaudoAsync
Clinica,src/Clinica.Modulo.Clinico/ViewModels/AnexosPacienteViewModel.cs,356,RegistrarResultadoAsync
Clinica,src/Clinica.Modulo.Clinico/ViewModels/AnexosPacienteViewModel.cs,367,AnexarLaudoAsync
Clinica,src/Clinica.Modulo.Clinico/ViewModels/AnexosPacienteViewModel.cs,370,AbrirRegistroAsync
Clinica,src/Clinica.Modulo.Clinico/ViewModels/AnexosPacienteViewModel.cs,418,AnexarArquivoDaFichaAsync
Clinica,src/Clinica.Modulo.Clinico/ViewModels/AnexosPacienteViewModel.cs,496,AbrirArquivoDaFichaAsync
Clinica,src/Clinica.Modulo.Clinico/ViewModels/AnexosPacienteViewModel.cs,517,CancelarArquivoDaFichaAsync
Clinica,src/Clinica.Modulo.Clinico/ViewModels/AnexosPacienteViewModel.cs,539,CancelarResultadoAsync
Clinica,src/Clinica.Modulo.Clinico/ViewModels/AnexosPacienteViewModel.cs,590,De
Clinica,src/Clinica.Modulo.Clinico/ViewModels/AnexosPacienteViewModel.cs,618,De
Clinica,src/Clinica.Modulo.Clinico/ViewModels/AnexosSessaoViewModel.cs,80,CarregarAsync
Clinica,src/Clinica.Modulo.Clinico/ViewModels/AnexosSessaoViewModel.cs,125,AnexarAsync
Clinica,src/Clinica.Modulo.Clinico/ViewModels/AnexosSessaoViewModel.cs,181,BaixarAsync
Clinica,src/Clinica.Modulo.Clinico/ViewModels/AnexosSessaoViewModel.cs,235,RemoverAsync
Clinica,src/Clinica.Modulo.Clinico/ViewModels/AnexosSessaoViewModel.cs,267,Erro
Clinica,src/Clinica.Modulo.Clinico/ViewModels/AplicarAvaliacaoViewModel.cs,120,AtualizarParcial
Clinica,src/Clinica.Modulo.Clinico/ViewModels/AplicarAvaliacaoViewModel.cs,140,SalvarAsync
Clinica,src/Clinica.Modulo.Clinico/ViewModels/AtendimentoEnfermagemViewModel.cs,162,RegistrarInfusaoAsync
Clinica,src/Clinica.Modulo.Clinico/ViewModels/AtendimentoEnfermagemViewModel.cs,271,CarregarAsync
Clinica,src/Clinica.Modulo.Clinico/ViewModels/AtendimentoEnfermagemViewModel.cs,340,CarregarPortasAsync
Clinica,src/Clinica.Modulo.Clinico/ViewModels/AtendimentoEnfermagemViewModel.cs,396,ColherTermoAsync
Clinica,src/Clinica.Modulo.Clinico/ViewModels/AtendimentoEnfermagemViewModel.cs,426,AbrirFolhaAsync
Clinica,src/Clinica.Modulo.Clinico/ViewModels/AtendimentoEnfermagemViewModel.cs,463,ImprimirFichaAsync
Clinica,src/Clinica.Modulo.Clinico/ViewModels/AtendimentoEnfermagemViewModel.cs,482,VerSessaoMedicaAsync
Clinica,src/Clinica.Modulo.Clinico/ViewModels/AtendimentoViewModel.cs,37,FolhaDeHoje
Clinica,src/Clinica.Modulo.Clinico/ViewModels/AtendimentoViewModel.cs,43,De
Clinica,src/Clinica.Modulo.Clinico/ViewModels/AtendimentoViewModel.cs,85,IndicarBsvAsync
Clinica,src/Clinica.Modulo.Clinico/ViewModels/AtendimentoViewModel.cs,101,RegistroParaVincular
Clinica,src/Clinica.Modulo.Clinico/ViewModels/AtendimentoViewModel.cs,107,VincularRegistroAsync
Clinica,src/Clinica.Modulo.Clinico/ViewModels/AtendimentoViewModel.cs,253,ColherTermoAsync
Clinica,src/Clinica.Modulo.Clinico/ViewModels/AtendimentoViewModel.cs,346,ImprimirFichaAsync
Clinica,src/Clinica.Modulo.Clinico/ViewModels/AtendimentoViewModel.cs,418,HerancaDeAgora
Clinica,src/Clinica.Modulo.Clinico/ViewModels/AtendimentoViewModel.cs,434,PrescreverInfusaoAsync
Clinica,src/Clinica.Modulo.Clinico/ViewModels/AtendimentoViewModel.cs,463,MontarEntregar
Clinica,src/Clinica.Modulo.Clinico/ViewModels/AtendimentoViewModel.cs,490,EntregarFolhaAsync
Clinica,src/Clinica.Modulo.Clinico/ViewModels/AtendimentoViewModel.cs,522,AbrirJanelaDeEmissaoAsync
Clinica,src/Clinica.Modulo.Clinico/ViewModels/AtendimentoViewModel.cs,541,EmitirMontadaAsync
Clinica,src/Clinica.Modulo.Clinico/ViewModels/AtendimentoViewModel.cs,564,SegundaViaAsync
Clinica,src/Clinica.Modulo.Clinico/ViewModels/AtendimentoViewModel.cs,570,ImprimirDocumentoAsync
Clinica,src/Clinica.Modulo.Clinico/ViewModels/AtendimentoViewModel.cs,605,CarregarSaiuHojeAsync
Clinica,src/Clinica.Modulo.Clinico/ViewModels/AtendimentoViewModel.cs,664,AoMudarPresencaDePaciente
Clinica,src/Clinica.Modulo.Clinico/ViewModels/AtendimentoViewModel.cs,741,DescreverOrigem
Clinica,src/Clinica.Modulo.Clinico/ViewModels/AtendimentoViewModel.cs,774,DepoisDeSalvarAsync
Clinica,src/Clinica.Modulo.Clinico/ViewModels/AtendimentoViewModel.cs,790,ModalidadeDaSessaoAsync
Clinica,src/Clinica.Modulo.Clinico/ViewModels/AtendimentoViewModel.cs,808,CarregarAsync
Clinica,src/Clinica.Modulo.Clinico/ViewModels/AtendimentoViewModel.cs,1015,CarregarSinaisVitaisAsync
Clinica,src/Clinica.Modulo.Clinico/ViewModels/AtendimentoViewModel.cs,1056,CarregarAlertasAsync
Clinica,src/Clinica.Modulo.Clinico/ViewModels/AvaliacoesViewModel.cs,31,De
Clinica,src/Clinica.Modulo.Clinico/ViewModels/AvaliacoesViewModel.cs,96,Escolher
Clinica,src/Clinica.Modulo.Clinico/ViewModels/AvaliacoesViewModel.cs,102,MarcarChips
Clinica,src/Clinica.Modulo.Clinico/ViewModels/AvaliacoesViewModel.cs,188,IniciarAsync
Clinica,src/Clinica.Modulo.Clinico/ViewModels/AvaliacoesViewModel.cs,221,MontarInstrumentos
Clinica,src/Clinica.Modulo.Clinico/ViewModels/AvaliacoesViewModel.cs,251,CarregarAsync
Clinica,src/Clinica.Modulo.Clinico/ViewModels/AvaliacoesViewModel.cs,310,CarregarCurvaAsync
Clinica,src/Clinica.Modulo.Clinico/ViewModels/AvaliacoesViewModel.cs,357,AplicarAsync
Clinica,src/Clinica.Modulo.Clinico/ViewModels/AvaliacoesViewModel.cs,418,CancelarAplicacaoAsync
Clinica,src/Clinica.Modulo.Clinico/ViewModels/EvolucaoDorViewModel.cs,26,De
Clinica,src/Clinica.Modulo.Clinico/ViewModels/EvolucaoDorViewModel.cs,121,CarregarAsync
Clinica,src/Clinica.Modulo.Clinico/ViewModels/EvolucaoDorViewModel.cs,160,Aplicar
Clinica,src/Clinica.Modulo.Clinico/ViewModels/EvolucaoDorViewModel.cs,208,AplicarTendencia
Clinica,src/Clinica.Modulo.Clinico/ViewModels/EvolucaoDorViewModel.cs,238,ExportarAsync
Clinica,src/Clinica.Modulo.Clinico/ViewModels/ExamesViewModel.cs,64,CarregarAsync
Clinica,src/Clinica.Modulo.Clinico/ViewModels/ExamesViewModel.cs,117,NovoPedidoAsync
Clinica,src/Clinica.Modulo.Clinico/ViewModels/ExamesViewModel.cs,152,RegistrarResultadoAsync
Clinica,src/Clinica.Modulo.Clinico/ViewModels/ExamesViewModel.cs,187,VerResultados
Clinica,src/Clinica.Modulo.Clinico/ViewModels/ExamesViewModel.cs,213,Abrir
Clinica,src/Clinica.Modulo.Clinico/ViewModels/MedidaEdicaoViewModel.cs,81,RegistrarAsync
Clinica,src/Clinica.Modulo.Clinico/ViewModels/MedidaEdicaoViewModel.cs,141,Numero
Clinica,src/Clinica.Modulo.Clinico/ViewModels/MedidasViewModel.cs,35,De
Clinica,src/Clinica.Modulo.Clinico/ViewModels/MedidasViewModel.cs,136,Acompanhar
Clinica,src/Clinica.Modulo.Clinico/ViewModels/MedidasViewModel.cs,142,MarcarChips
Clinica,src/Clinica.Modulo.Clinico/ViewModels/MedidasViewModel.cs,236,CarregarAsync
Clinica,src/Clinica.Modulo.Clinico/ViewModels/MedidasViewModel.cs,306,AplicarResumo
Clinica,src/Clinica.Modulo.Clinico/ViewModels/MedidasViewModel.cs,347,AplicarSerie
Clinica,src/Clinica.Modulo.Clinico/ViewModels/MedidasViewModel.cs,439,Formatar
Clinica,src/Clinica.Modulo.Clinico/ViewModels/MedidasViewModel.cs,450,RegistrarAsync
Clinica,src/Clinica.Modulo.Clinico/ViewModels/MedidasViewModel.cs,501,CancelarMedidaAsync
Clinica,src/Clinica.Modulo.Clinico/ViewModels/MedidasViewModel.cs,538,ExportarAsync
Clinica,src/Clinica.Modulo.Clinico/ViewModels/MedidasViewModel.cs,588,VerProntuario
Clinica,src/Clinica.Modulo.Clinico/ViewModels/MeuDiaViewModel.cs,149,De
Clinica,src/Clinica.Modulo.Clinico/ViewModels/MeuDiaViewModel.cs,194,Rotular
Clinica,src/Clinica.Modulo.Clinico/ViewModels/MeuDiaViewModel.cs,226,De
Clinica,src/Clinica.Modulo.Clinico/ViewModels/MeuDiaViewModel.cs,403,AoEntrarEmCena
Clinica,src/Clinica.Modulo.Clinico/ViewModels/MeuDiaViewModel.cs,421,RelerAoVoltarAsync
Clinica,src/Clinica.Modulo.Clinico/ViewModels/MeuDiaViewModel.cs,437,AoSairDeCena
Clinica,src/Clinica.Modulo.Clinico/ViewModels/MeuDiaViewModel.cs,450,ReconferirAsync
Clinica,src/Clinica.Modulo.Clinico/ViewModels/MeuDiaViewModel.cs,480,CarregarAsync
Clinica,src/Clinica.Modulo.Clinico/ViewModels/MeuDiaViewModel.cs,490,CarregarAsync
Clinica,src/Clinica.Modulo.Clinico/ViewModels/MeuDiaViewModel.cs,647,DiaAnterior
Clinica,src/Clinica.Modulo.Clinico/ViewModels/MeuDiaViewModel.cs,650,DiaSeguinte
Clinica,src/Clinica.Modulo.Clinico/ViewModels/MeuDiaViewModel.cs,653,Hoje
Clinica,src/Clinica.Modulo.Clinico/ViewModels/MeuDiaViewModel.cs,677,AtenderAsync
Clinica,src/Clinica.Modulo.Clinico/ViewModels/MeuDiaViewModel.cs,710,CarimbarEntradaAsync
Clinica,src/Clinica.Modulo.Clinico/ViewModels/MeuDiaViewModel.cs,742,AbrirPendentes
Clinica,src/Clinica.Modulo.Clinico/ViewModels/MeusNumerosViewModel.cs,137,CarregarAsync
Clinica,src/Clinica.Modulo.Clinico/ViewModels/MeusNumerosViewModel.cs,233,Preencher
Clinica,src/Clinica.Modulo.Clinico/ViewModels/MeusNumerosViewModel.cs,323,Somar
Clinica,src/Clinica.Modulo.Clinico/ViewModels/MeusNumerosViewModel.cs,365,AbrirPendentes
Clinica,src/Clinica.Modulo.Clinico/ViewModels/MinhaSemanaViewModel.cs,93,CarregarAsync
Clinica,src/Clinica.Modulo.Clinico/ViewModels/MinhaSemanaViewModel.cs,193,MontarResumo
Clinica,src/Clinica.Modulo.Clinico/ViewModels/MinhaSemanaViewModel.cs,215,NomeDoDia
Clinica,src/Clinica.Modulo.Clinico/ViewModels/MinhaSemanaViewModel.cs,227,SemanaAnterior
Clinica,src/Clinica.Modulo.Clinico/ViewModels/MinhaSemanaViewModel.cs,230,ProximaSemana
Clinica,src/Clinica.Modulo.Clinico/ViewModels/MinhaSemanaViewModel.cs,233,SemanaAtual
Clinica,src/Clinica.Modulo.Clinico/ViewModels/MinhaSemanaViewModel.cs,237,Abrir
Clinica,src/Clinica.Modulo.Clinico/ViewModels/PacienteCapaViewModel.cs,32,Natu
Clinica,src/Clinica.Modulo.Clinico/ViewModels/PacienteCapaViewModel.cs,40,De
Clinica,src/Clinica.Modulo.Clinico/ViewModels/PacienteCapaViewModel.cs,200,CarregarAsync
Clinica,src/Clinica.Modulo.Clinico/ViewModels/PacienteCapaViewModel.cs,273,LimparFicha
Clinica,src/Clinica.Modulo.Clinico/ViewModels/PacienteCapaViewModel.cs,284,CarregarFichaAsync
Clinica,src/Clinica.Modulo.Clinico/ViewModels/PacienteCapaViewModel.cs,345,Ou
Clinica,src/Clinica.Modulo.Clinico/ViewModels/PacienteCapaViewModel.cs,352,CarregarProblemasAsync
Clinica,src/Clinica.Modulo.Clinico/ViewModels/PacienteCapaViewModel.cs,391,NovoProblemaAsync
Clinica,src/Clinica.Modulo.Clinico/ViewModels/PacienteCapaViewModel.cs,394,CarregarSessoesAsync
Clinica,src/Clinica.Modulo.Clinico/ViewModels/PacienteCapaViewModel.cs,434,PaginaAnteriorAsync
Clinica,src/Clinica.Modulo.Clinico/ViewModels/PacienteCapaViewModel.cs,442,ProximaPaginaAsync
Clinica,src/Clinica.Modulo.Clinico/ViewModels/PacienteCapaViewModel.cs,450,EditarProblemaAsync
Clinica,src/Clinica.Modulo.Clinico/ViewModels/PacienteCapaViewModel.cs,453,AbrirProblemaAsync
Clinica,src/Clinica.Modulo.Clinico/ViewModels/PacienteCapaViewModel.cs,490,ResolverProblemaAsync
Clinica,src/Clinica.Modulo.Clinico/ViewModels/PacienteCapaViewModel.cs,525,DescartarProblemaAsync
Clinica,src/Clinica.Modulo.Clinico/ViewModels/PacienteCapaViewModel.cs,558,ReabrirProblemaAsync
Clinica,src/Clinica.Modulo.Clinico/ViewModels/PacienteWorkspaceViewModel.cs,50,Corresponde
Clinica,src/Clinica.Modulo.Clinico/ViewModels/PacienteWorkspaceViewModel.cs,101,ItemDoRail
Clinica,src/Clinica.Modulo.Clinico/ViewModels/PacienteWorkspaceViewModel.cs,167,EmitirDocumentos
Clinica,src/Clinica.Modulo.Clinico/ViewModels/PacienteWorkspaceViewModel.cs,181,ConsultarFichaAsync
Clinica,src/Clinica.Modulo.Clinico/ViewModels/PacienteWorkspaceViewModel.cs,195,ConsultarExamesAsync
Clinica,src/Clinica.Modulo.Clinico/ViewModels/PacienteWorkspaceViewModel.cs,405,Voltar
Clinica,src/Clinica.Modulo.Clinico/ViewModels/PacienteWorkspaceViewModel.cs,412,ChaveDeVolta
Clinica,src/Clinica.Modulo.Clinico/ViewModels/PacienteWorkspaceViewModel.cs,443,TrocarPaciente
Clinica,src/Clinica.Modulo.Clinico/ViewModels/PacienteWorkspaceViewModel.cs,446,AtualizarDocumentosAsync
Clinica,src/Clinica.Modulo.Clinico/ViewModels/PacienteWorkspaceViewModel.cs,454,AtualizarFichaAsync
Clinica,src/Clinica.Modulo.Clinico/ViewModels/PacienteWorkspaceViewModel.cs,460,AtualizarCadastroAsync
Clinica,src/Clinica.Modulo.Clinico/ViewModels/PacienteWorkspaceViewModel.cs,473,CarregarCabecalhoAsync
Clinica,src/Clinica.Modulo.Clinico/ViewModels/PacienteWorkspaceViewModel.cs,505,CarregarSessaoAsync
Clinica,src/Clinica.Modulo.Clinico/ViewModels/PacienteWorkspaceViewModel.cs,508,LimparSessao
Clinica,src/Clinica.Modulo.Clinico/ViewModels/PacienteWorkspaceViewModel.cs,525,RegistrarMateriaisAsync
Clinica,src/Clinica.Modulo.Clinico/ViewModels/PacienteWorkspaceViewModel.cs,532,RecarregarHorarioAsync
Clinica,src/Clinica.Modulo.Clinico/ViewModels/PacienteWorkspaceViewModel.cs,587,DescreverSessao
Clinica,src/Clinica.Modulo.Clinico/ViewModels/PacienteWorkspaceViewModel.cs,656,IniciarSessaoAsync
Clinica,src/Clinica.Modulo.Clinico/ViewModels/PacienteWorkspaceViewModel.cs,691,FinalizarSessaoAsync
Clinica,src/Clinica.Modulo.Clinico/ViewModels/PacienteWorkspaceViewModel.cs,854,ReabrirSessaoAsync
Clinica,src/Clinica.Modulo.Clinico/ViewModels/PacienteWorkspaceViewModel.cs,882,Avisar
Clinica,src/Clinica.Modulo.Clinico/ViewModels/PacienteWorkspaceViewModel.cs,889,AoEntrarEmCena
Clinica,src/Clinica.Modulo.Clinico/ViewModels/PacienteWorkspaceViewModel.cs,899,AoSairDeCena
Clinica,src/Clinica.Modulo.Clinico/ViewModels/PrescricaoInfusaoViewModel.cs,38,De
Clinica,src/Clinica.Modulo.Clinico/ViewModels/PrescricaoInfusaoViewModel.cs,175,CarregarAsync
Clinica,src/Clinica.Modulo.Clinico/ViewModels/PrescricaoInfusaoViewModel.cs,234,NovaAsync
Clinica,src/Clinica.Modulo.Clinico/ViewModels/PrescricaoInfusaoViewModel.cs,283,EditarAsync
Clinica,src/Clinica.Modulo.Clinico/ViewModels/PrescricaoInfusaoViewModel.cs,326,AbrirAsync
Clinica,src/Clinica.Modulo.Clinico/ViewModels/PrescricaoInfusaoViewModel.cs,345,ImprimirAsync
Clinica,src/Clinica.Modulo.Clinico/ViewModels/PrescricaoInfusaoViewModel.cs,352,ImprimirExecucaoAsync
Clinica,src/Clinica.Modulo.Clinico/ViewModels/PrescricaoInfusaoViewModel.cs,358,ImprimirFolhaAsync
Clinica,src/Clinica.Modulo.Clinico/ViewModels/PrescricaoInfusaoViewModel.cs,389,CancelarAsync
Clinica,src/Clinica.Modulo.Clinico/ViewModels/PrescricaoInternaEdicaoViewModel.cs,35,De
Clinica,src/Clinica.Modulo.Clinico/ViewModels/PrescricaoInternaEdicaoViewModel.cs,48,Para
Clinica,src/Clinica.Modulo.Clinico/ViewModels/PrescricaoInternaEdicaoViewModel.cs,143,Exigir
Clinica,src/Clinica.Modulo.Clinico/ViewModels/PrescricaoInternaEdicaoViewModel.cs,194,CarregarModelosAsync
Clinica,src/Clinica.Modulo.Clinico/ViewModels/PrescricaoInternaEdicaoViewModel.cs,202,AplicarModelo
Clinica,src/Clinica.Modulo.Clinico/ViewModels/PrescricaoInternaEdicaoViewModel.cs,216,SalvarComoModeloAsync
Clinica,src/Clinica.Modulo.Clinico/ViewModels/PrescricaoInternaEdicaoViewModel.cs,218,AtualizarModeloAsync
Clinica,src/Clinica.Modulo.Clinico/ViewModels/PrescricaoInternaEdicaoViewModel.cs,223,GuardarModeloAsync
Clinica,src/Clinica.Modulo.Clinico/ViewModels/PrescricaoInternaEdicaoViewModel.cs,246,PrepararAsync
Clinica,src/Clinica.Modulo.Clinico/ViewModels/PrescricaoInternaEdicaoViewModel.cs,313,CarregarContextoAsync
Clinica,src/Clinica.Modulo.Clinico/ViewModels/PrescricaoInternaEdicaoViewModel.cs,327,AcrescentarItem
Clinica,src/Clinica.Modulo.Clinico/ViewModels/PrescricaoInternaEdicaoViewModel.cs,330,RemoverItem
Clinica,src/Clinica.Modulo.Clinico/ViewModels/PrescricaoInternaEdicaoViewModel.cs,337,SalvarRascunhoAsync
Clinica,src/Clinica.Modulo.Clinico/ViewModels/PrescricaoInternaEdicaoViewModel.cs,354,AssinarAsync
Clinica,src/Clinica.Modulo.Clinico/ViewModels/PrescricaoInternaEdicaoViewModel.cs,450,GravarAsync
Clinica,src/Clinica.Modulo.Clinico/ViewModels/PrescricoesClinicasViewModel.cs,69,De
Clinica,src/Clinica.Modulo.Clinico/ViewModels/PrescricoesClinicasViewModel.cs,252,CarregarAsync
Clinica,src/Clinica.Modulo.Clinico/ViewModels/PrescricoesClinicasViewModel.cs,318,EhFolhaDesteConsultorio
Clinica,src/Clinica.Modulo.Clinico/ViewModels/PrescricoesClinicasViewModel.cs,335,EmitirAsync
Clinica,src/Clinica.Modulo.Clinico/ViewModels/PrescricoesClinicasViewModel.cs,368,AbrirJanelaAsync
Clinica,src/Clinica.Modulo.Clinico/ViewModels/PrescricoesClinicasViewModel.cs,392,EmitirMontadaAsync
Clinica,src/Clinica.Modulo.Clinico/ViewModels/PrescricoesClinicasViewModel.cs,426,IrParaInfusao
Clinica,src/Clinica.Modulo.Clinico/ViewModels/PrescricoesClinicasViewModel.cs,456,AplicarAsync
Clinica,src/Clinica.Modulo.Clinico/ViewModels/PrescricoesClinicasViewModel.cs,473,ImprimirAsync
Clinica,src/Clinica.Modulo.Clinico/ViewModels/PrescricoesClinicasViewModel.cs,481,AssinarAsync
Clinica,src/Clinica.Modulo.Clinico/ViewModels/PrescricoesClinicasViewModel.cs,490,EnviarAsync
Clinica,src/Clinica.Modulo.Clinico/ViewModels/PrescricoesClinicasViewModel.cs,498,RenovarLinkAsync
Clinica,src/Clinica.Modulo.Clinico/ViewModels/PrescricoesClinicasViewModel.cs,506,TirarDoArAsync
Clinica,src/Clinica.Modulo.Clinico/ViewModels/PrescricoesClinicasViewModel.cs,518,CancelarAsync
Clinica,src/Clinica.Modulo.Clinico/ViewModels/ProblemaEdicaoViewModel.cs,13,OpcaoNatureza
Clinica,src/Clinica.Modulo.Clinico/ViewModels/ProblemaEdicaoViewModel.cs,67,BuscarCid
Clinica,src/Clinica.Modulo.Clinico/ViewModels/ProblemaEdicaoViewModel.cs,108,SalvarAsync
Clinica,src/Clinica.Modulo.Clinico/ViewModels/ProntuarioClinicoViewModel.cs,57,De
Clinica,src/Clinica.Modulo.Clinico/ViewModels/ProntuarioClinicoViewModel.cs,188,CarregarAsync
Clinica,src/Clinica.Modulo.Clinico/ViewModels/ProntuarioClinicoViewModel.cs,288,Casa
Clinica,src/Clinica.Modulo.Clinico/ViewModels/ProntuarioClinicoViewModel.cs,301,VerCorrecoes
Clinica,src/Clinica.Modulo.Clinico/ViewModels/ProntuarioClinicoViewModel.cs,343,AbrirSessaoAsync
Clinica,src/Clinica.Modulo.Clinico/ViewModels/ProntuarioClinicoViewModel.cs,373,VerAnexosAsync
Clinica,src/Clinica.Modulo.Clinico/ViewModels/ProntuariosViewModel.cs,66,CarregarAsync
Clinica,src/Clinica.Modulo.Clinico/ViewModels/ProntuariosViewModel.cs,128,Refiltrar
Clinica,src/Clinica.Modulo.Clinico/ViewModels/ProntuariosViewModel.cs,155,NovoProntuario
Clinica,src/Clinica.Modulo.Clinico/ViewModels/ProntuariosViewModel.cs,176,Escrever
Clinica,src/Clinica.Modulo.Clinico/ViewModels/ProntuariosViewModel.cs,205,Abrir
Clinica,src/Clinica.Modulo.Clinico/ViewModels/ProntuariosViewModel.cs,234,AssinarAsync
Clinica,src/Clinica.Modulo.Clinico/ViewModels/RegistrosPendentesViewModel.cs,73,LimparFiltro
Clinica,src/Clinica.Modulo.Clinico/ViewModels/RegistrosPendentesViewModel.cs,120,CarregarAsync
Clinica,src/Clinica.Modulo.Clinico/ViewModels/RegistrosPendentesViewModel.cs,196,Refiltrar
Clinica,src/Clinica.Modulo.Clinico/ViewModels/RegistrosPendentesViewModel.cs,230,Escrever
Clinica,src/Clinica.Modulo.Clinico/ViewModels/ResultadoExameEdicaoViewModel.cs,13,OpcaoPedidoExame
Clinica,src/Clinica.Modulo.Clinico/ViewModels/ResultadoExameEdicaoViewModel.cs,15,ToString
Clinica,src/Clinica.Modulo.Clinico/ViewModels/ResultadoExameEdicaoViewModel.cs,85,CarregarPedidosAsync
Clinica,src/Clinica.Modulo.Clinico/ViewModels/ResultadoExameEdicaoViewModel.cs,123,EscolherLaudoAsync
Clinica,src/Clinica.Modulo.Clinico/ViewModels/ResultadoExameEdicaoViewModel.cs,162,RemoverLaudo
Clinica,src/Clinica.Modulo.Clinico/ViewModels/ResultadoExameEdicaoViewModel.cs,170,Peso
Clinica,src/Clinica.Modulo.Clinico/ViewModels/ResultadoExameEdicaoViewModel.cs,175,RegistrarAsync
Clinica,src/Clinica.Modulo.Clinico/ViewModels/ResultadosDoPedidoViewModel.cs,16,ResultadoResumido
Clinica,src/Clinica.Modulo.Clinico/ViewModels/ResultadosDoPedidoViewModel.cs,63,CarregarAsync
Clinica,src/Clinica.Modulo.Clinico/ViewModels/ResultadosDoPedidoViewModel.cs,109,AbrirLaudoAsync
Clinica,src/Clinica.Modulo.Clinico/ViewModels/ResultadosDoPedidoViewModel.cs,154,AbrirNoPaciente
Clinica,src/Clinica.Modulo.Clinico/ViewModels/ResumoProntuarioViewModel.cs,24,EvolucaoResumida
Clinica,src/Clinica.Modulo.Clinico/ViewModels/ResumoProntuarioViewModel.cs,27,BlocoAnamnese
Clinica,src/Clinica.Modulo.Clinico/ViewModels/ResumoProntuarioViewModel.cs,86,CarregarAsync
Clinica,src/Clinica.Modulo.Clinico/ViewModels/ResumoProntuarioViewModel.cs,170,Adicionar
Clinica,src/Clinica.Modulo.Clinico/ViewModels/ResumoProntuarioViewModel.cs,178,ComporTexto
Clinica,src/Clinica.Modulo.Clinico/ViewModels/ResumoProntuarioViewModel.cs,203,AbrirSessao
Clinica,src/Clinica.Modulo.Clinico/ViewModels/ResumoProntuarioViewModel.cs,230,AbrirCompleto
Clinica,src/Clinica.Modulo.Clinico/ViewModels/ResumoProntuarioViewModel.cs,254,SegundaViaAsync
Clinica,src/Clinica.Modulo.Clinico/ViewModels/SessoesEnfermagemViewModel.cs,12,SessoesEnfermagemViewModel
Clinica,src/Clinica.Modulo.Clinico/ViewModels/SessoesEnfermagemViewModel.cs,14,Opcao
Clinica,src/Clinica.Modulo.Clinico/ViewModels/SessoesEnfermagemViewModel.cs,29,FiltrarAsync
Clinica,src/Clinica.Modulo.Clinico/ViewModels/SessoesEnfermagemViewModel.cs,30,AnteriorAsync
Clinica,src/Clinica.Modulo.Clinico/ViewModels/SessoesEnfermagemViewModel.cs,31,ProximaAsync
Clinica,src/Clinica.Modulo.Clinico/ViewModels/SessoesEnfermagemViewModel.cs,32,LimparAsync
Clinica,src/Clinica.Modulo.Clinico/ViewModels/SessoesEnfermagemViewModel.cs,33,CarregarAsync
Clinica,src/Clinica.Modulo.Clinico/ViewModels/SessoesEnfermagemViewModel.cs,52,Abrir
Clinica,src/Clinica.Modulo.Clinico/Views/MeuDiaView.xaml.cs,23,AjustarColunas
Clinica,src/Clinica.Modulo.Clinico/Views/PrescricoesClinicasView.xaml.cs,21,AoAbrirMenuDoDocumento
Clinica,src/Clinica.Modulo.Faturamento/Alertas/AvisoPendenciasWindow.xaml.cs,22,Fechar_Click
Clinica,src/Clinica.Modulo.Faturamento/Alertas/BaixaGuiaWindow.xaml.cs,25,Confirmar_Click
Clinica,src/Clinica.Modulo.Faturamento/Alertas/BaixaGuiaWindow.xaml.cs,42,Cancelar_Click
Clinica,src/Clinica.Modulo.Faturamento/Alertas/BaixaLoteWindow.xaml.cs,58,Confirmar_Click
Clinica,src/Clinica.Modulo.Faturamento/Alertas/ConvenioWindow.xaml.cs,22,Fechar_Click
Clinica,src/Clinica.Modulo.Faturamento/Alertas/EnvioLoteWindow.xaml.cs,19,Confirmar_Click
Clinica,src/Clinica.Modulo.Faturamento/Alertas/EnvioLoteWindow.xaml.cs,27,Cancelar_Click
Clinica,src/Clinica.Modulo.Faturamento/Alertas/GlosaWindow.xaml.cs,28,Motivo_SelectionChanged
Clinica,src/Clinica.Modulo.Faturamento/Alertas/GlosaWindow.xaml.cs,42,Guia_Click
Clinica,src/Clinica.Modulo.Faturamento/Alertas/GlosaWindow.xaml.cs,45,Confirmar_Click
Clinica,src/Clinica.Modulo.Faturamento/Alertas/GlosaWindow.xaml.cs,54,Cancelar_Click
Clinica,src/Clinica.Modulo.Faturamento/Alertas/GuiaGlosasWindow.xaml.cs,29,Busca_TextChanged
Clinica,src/Clinica.Modulo.Faturamento/Alertas/GuiaGlosasWindow.xaml.cs,31,Filtrar
Clinica,src/Clinica.Modulo.Faturamento/Alertas/GuiaGlosasWindow.xaml.cs,49,Motivo_SelectionChanged
Clinica,src/Clinica.Modulo.Faturamento/Alertas/GuiaGlosasWindow.xaml.cs,69,Fechar_Click
Clinica,src/Clinica.Modulo.Faturamento/Alertas/HistoricoGuiaWindow.xaml.cs,28,LinhaHistorico
Clinica,src/Clinica.Modulo.Faturamento/Alertas/HistoricoGuiaWindow.xaml.cs,50,Descrever
Clinica,src/Clinica.Modulo.Faturamento/Alertas/HistoricoGuiaWindow.xaml.cs,68,CarregarAsync
Clinica,src/Clinica.Modulo.Faturamento/Alertas/HistoricoGuiaWindow.xaml.cs,106,Fechar_Click
Clinica,src/Clinica.Modulo.Faturamento/Alertas/NaoConformidadeWindow.xaml.cs,22,Confirmar_Click
Clinica,src/Clinica.Modulo.Faturamento/Alertas/NaoConformidadeWindow.xaml.cs,37,Cancelar_Click
Clinica,src/Clinica.Modulo.Faturamento/Alertas/ObservacaoPendenciaWindow.xaml.cs,31,Confirmar_Click
Clinica,src/Clinica.Modulo.Faturamento/Alertas/ObservacaoPendenciaWindow.xaml.cs,38,Cancelar_Click
Clinica,src/Clinica.Modulo.Faturamento/Alertas/RegrasFamiliaWindow.xaml.cs,31,Fechar_Click
Clinica,src/Clinica.Modulo.Faturamento/Alertas/RetornoLoteWindow.xaml.cs,65,AplicarImportacao
Clinica,src/Clinica.Modulo.Faturamento/Alertas/RetornoLoteWindow.xaml.cs,83,Confirmar_Click
Clinica,src/Clinica.Modulo.Faturamento/Alertas/RetornoLoteWindow.xaml.cs,94,Cancelar_Click
Clinica,src/Clinica.Modulo.Faturamento/Alertas/RodadaPendenciasFluxo.cs,25,ExecutarAsync
Clinica,src/Clinica.Modulo.Faturamento/Alertas/RodadaPendenciasFluxo.cs,105,PodeDecidir
Clinica,src/Clinica.Modulo.Faturamento/Alertas/RodadaPendenciasWindow.xaml.cs,77,SemDecisao
Clinica,src/Clinica.Modulo.Faturamento/Alertas/RodadaPendenciasWindow.xaml.cs,80,Concluir_Click
Clinica,src/Clinica.Modulo.Faturamento/Alertas/RodadaPendenciasWindow.xaml.cs,115,Cancelar_Click
Clinica,src/Clinica.Modulo.Faturamento/Alertas/RodadaPendenciasWindow.xaml.cs,117,OnClosing
Clinica,src/Clinica.Modulo.Faturamento/Configuracao/BackupLocal.cs,31,ExecutarSeNecessarioAsync
Clinica,src/Clinica.Modulo.Faturamento/Configuracao/BackupLocal.cs,74,ExecutarPreMigracaoAsync
Clinica,src/Clinica.Modulo.Faturamento/Configuracao/BackupLocal.cs,122,LimparAntigos
Clinica,src/Clinica.Modulo.Faturamento/Configuracao/CapaImpressao.cs,17,GerarESalvarAsync
Clinica,src/Clinica.Modulo.Faturamento/Configuracao/ConexaoStore.cs,20,ExisteConfiguracao
Clinica,src/Clinica.Modulo.Faturamento/Configuracao/ConexaoStore.cs,23,Carregar
Clinica,src/Clinica.Modulo.Faturamento/Configuracao/ConexaoStore.cs,41,Salvar
Clinica,src/Clinica.Modulo.Faturamento/Configuracao/ConexaoStore.cs,49,Limpar
Clinica,src/Clinica.Modulo.Faturamento/Configuracao/ConexaoStore.cs,59,Normalizar
Clinica,src/Clinica.Modulo.Faturamento/Configuracao/LogErros.cs,38,Registrar
Clinica,src/Clinica.Modulo.Faturamento/Configuracao/LogErros.cs,71,ResolverPasta
Clinica,src/Clinica.Modulo.Faturamento/Configuracao/LogErros.cs,97,PodeGravar
Clinica,src/Clinica.Modulo.Faturamento/Configuracao/LogErros.cs,114,RotacionarSeGrande
Clinica,src/Clinica.Modulo.Faturamento/Configuracao/LogErros.cs,133,ExpurgarAntigos
Clinica,src/Clinica.Modulo.Faturamento/Configuracao/PrestadorStore.cs,26,Carregar
Clinica,src/Clinica.Modulo.Faturamento/Configuracao/PrestadorStore.cs,41,Salvar
Clinica,src/Clinica.Modulo.Faturamento/Converters/CategoriaParaCorConverter.cs,11,Convert
Clinica,src/Clinica.Modulo.Faturamento/Converters/CategoriaParaCorConverter.cs,19,ConvertBack
Clinica,src/Clinica.Modulo.Faturamento/Converters/CodigoCatalogoConverter.cs,13,Convert
Clinica,src/Clinica.Modulo.Faturamento/Converters/CodigoCatalogoConverter.cs,16,ConvertBack
Clinica,src/Clinica.Modulo.Faturamento/Converters/CodigoCatalogoConverter.cs,26,Convert
Clinica,src/Clinica.Modulo.Faturamento/Converters/CodigoCatalogoConverter.cs,29,ConvertBack
Clinica,src/Clinica.Modulo.Faturamento/Converters/CpfConverter.cs,10,Convert
Clinica,src/Clinica.Modulo.Faturamento/Converters/CpfConverter.cs,13,ConvertBack
Clinica,src/Clinica.Modulo.Faturamento/Converters/EnumDescricaoConverter.cs,11,Convert
Clinica,src/Clinica.Modulo.Faturamento/Converters/EnumDescricaoConverter.cs,57,ConvertBack
Clinica,src/Clinica.Modulo.Faturamento/Converters/IconePorNomeConverter.cs,17,Convert
Clinica,src/Clinica.Modulo.Faturamento/Converters/IconePorNomeConverter.cs,22,ConvertBack
Clinica,src/Clinica.Modulo.Faturamento/Converters/ObservacaoParaRotuloConverter.cs,13,Convert
Clinica,src/Clinica.Modulo.Faturamento/Converters/ObservacaoParaRotuloConverter.cs,16,ConvertBack
Clinica,src/Clinica.Modulo.Faturamento/Converters/PacienteConverters.cs,16,Convert
Clinica,src/Clinica.Modulo.Faturamento/Converters/PacienteConverters.cs,21,ConvertBack
Clinica,src/Clinica.Modulo.Faturamento/Converters/PacienteConverters.cs,28,Convert
Clinica,src/Clinica.Modulo.Faturamento/Converters/PacienteConverters.cs,40,ConvertBack
Clinica,src/Clinica.Modulo.Faturamento/Converters/StatusCodigoConverter.cs,10,Convert
Clinica,src/Clinica.Modulo.Faturamento/Converters/StatusCodigoConverter.cs,25,ConvertBack
Clinica,src/Clinica.Modulo.Faturamento/Converters/UrgenciaParaCorConverter.cs,11,Convert
Clinica,src/Clinica.Modulo.Faturamento/Converters/UrgenciaParaCorConverter.cs,20,ConvertBack
Clinica,src/Clinica.Modulo.Faturamento/Converters/VisibilidadeConverters.cs,10,Convert
Clinica,src/Clinica.Modulo.Faturamento/Converters/VisibilidadeConverters.cs,13,ConvertBack
Clinica,src/Clinica.Modulo.Faturamento/Converters/VisibilidadeConverters.cs,20,Convert
Clinica,src/Clinica.Modulo.Faturamento/Converters/VisibilidadeConverters.cs,23,ConvertBack
Clinica,src/Clinica.Modulo.Faturamento/Converters/VisibilidadeConverters.cs,30,Convert
Clinica,src/Clinica.Modulo.Faturamento/Converters/VisibilidadeConverters.cs,33,ConvertBack
Clinica,src/Clinica.Modulo.Faturamento/Converters/VisibilidadeConverters.cs,40,Convert
Clinica,src/Clinica.Modulo.Faturamento/Converters/VisibilidadeConverters.cs,43,ConvertBack
Clinica,src/Clinica.Modulo.Faturamento/Converters/VisibilidadeConverters.cs,50,Convert
Clinica,src/Clinica.Modulo.Faturamento/Converters/VisibilidadeConverters.cs,53,ConvertBack
Clinica,src/Clinica.Modulo.Faturamento/Modulo/ModuloFaturamento.cs,12,readonly
Clinica,src/Clinica.Modulo.Faturamento/Modulo/ModuloFaturamento.cs,28,Registrar
Clinica,src/Clinica.Modulo.Faturamento/Modulo/ModuloFaturamento.cs,41,CriarTela
Clinica,src/Clinica.Modulo.Faturamento/Servicos/Retrato.cs,22,Carregar
Clinica,src/Clinica.Modulo.Faturamento/Servicos/Retrato.cs,57,RecortarQuadrado
Clinica,src/Clinica.Modulo.Faturamento/Servicos/Retrato.cs,72,Codificar
Clinica,src/Clinica.Modulo.Faturamento/ViewModels/AgendaModelos.cs,10,CartaoAgendamento
Clinica,src/Clinica.Modulo.Faturamento/ViewModels/AgendaModelos.cs,59,FaixaHorario
Clinica,src/Clinica.Modulo.Faturamento/ViewModels/AgendaModelos.cs,71,ColunaDia
Clinica,src/Clinica.Modulo.Faturamento/ViewModels/BaixaViewModel.cs,107,CarregarAsync
Clinica,src/Clinica.Modulo.Faturamento/ViewModels/BaixaViewModel.cs,136,Confirmar
Clinica,src/Clinica.Modulo.Faturamento/ViewModels/BaixaViewModel.cs,188,OferecerCapaConclusaoAsync
Clinica,src/Clinica.Modulo.Faturamento/ViewModels/BaixaViewModel.cs,225,Cancelar
Clinica,src/Clinica.Modulo.Faturamento/ViewModels/ConsultaGuiasViewModel.cs,64,CarregarAsync
Clinica,src/Clinica.Modulo.Faturamento/ViewModels/ConsultaGuiasViewModel.cs,67,Buscar
Clinica,src/Clinica.Modulo.Faturamento/ViewModels/ConsultaGuiasViewModel.cs,102,Limpar
Clinica,src/Clinica.Modulo.Faturamento/ViewModels/ConsultaGuiasViewModel.cs,131,Historico
Clinica,src/Clinica.Modulo.Faturamento/ViewModels/ConsultaGuiasViewModel.cs,145,Capa
Clinica,src/Clinica.Modulo.Faturamento/ViewModels/ConvenioEdicao.cs,98,ParaCadastro
Clinica,src/Clinica.Modulo.Faturamento/ViewModels/DashboardViewModel.cs,169,CarregarAsync
Clinica,src/Clinica.Modulo.Faturamento/ViewModels/DashboardViewModel.cs,234,AplicarFiltro
Clinica,src/Clinica.Modulo.Faturamento/ViewModels/DashboardViewModel.cs,279,AtualizarResumoDoRecorte
Clinica,src/Clinica.Modulo.Faturamento/ViewModels/DashboardViewModel.cs,309,LimparFiltros
Clinica,src/Clinica.Modulo.Faturamento/ViewModels/DashboardViewModel.cs,361,DarBaixa
Clinica,src/Clinica.Modulo.Faturamento/ViewModels/DashboardViewModel.cs,372,Anotar
Clinica,src/Clinica.Modulo.Faturamento/ViewModels/DashboardViewModel.cs,405,NaoConformidade
Clinica,src/Clinica.Modulo.Faturamento/ViewModels/DashboardViewModel.cs,441,Whatsapp
Clinica,src/Clinica.Modulo.Faturamento/ViewModels/DashboardViewModel.cs,459,WhatsappConsulta
Clinica,src/Clinica.Modulo.Faturamento/ViewModels/DashboardViewModel.cs,474,WhatsappCarteirinha
Clinica,src/Clinica.Modulo.Faturamento/ViewModels/DashboardViewModel.cs,490,PrimeiroNome
Clinica,src/Clinica.Modulo.Faturamento/ViewModels/DashboardViewModel.cs,497,AbrirWhatsapp
Clinica,src/Clinica.Modulo.Faturamento/ViewModels/DashboardViewModel.cs,526,DarBaixaEmLote
Clinica,src/Clinica.Modulo.Faturamento/ViewModels/DashboardViewModel.cs,581,Renovar
Clinica,src/Clinica.Modulo.Faturamento/ViewModels/DashboardViewModel.cs,599,AbrirFicha
Clinica,src/Clinica.Modulo.Faturamento/ViewModels/DashboardViewModel.cs,607,AbrirGlosas
Clinica,src/Clinica.Modulo.Faturamento/ViewModels/DashboardViewModel.cs,614,RodarPendencias
Clinica,src/Clinica.Modulo.Faturamento/ViewModels/DashboardViewModel.cs,630,Atualizar
Clinica,src/Clinica.Modulo.Faturamento/ViewModels/EspecialidadeEdicao.cs,31,ParaCadastro
Clinica,src/Clinica.Modulo.Faturamento/ViewModels/FaturadosViewModel.cs,72,LimparFiltro
Clinica,src/Clinica.Modulo.Faturamento/ViewModels/FaturadosViewModel.cs,95,CarregarAsync
Clinica,src/Clinica.Modulo.Faturamento/ViewModels/FaturadosViewModel.cs,98,Buscar
Clinica,src/Clinica.Modulo.Faturamento/ViewModels/FaturadosViewModel.cs,141,NomeConvenio
Clinica,src/Clinica.Modulo.Faturamento/ViewModels/FaturadosViewModel.cs,148,Casa
Clinica,src/Clinica.Modulo.Faturamento/ViewModels/FaturadosViewModel.cs,155,Refiltrar
Clinica,src/Clinica.Modulo.Faturamento/ViewModels/FaturadosViewModel.cs,172,Estornar
Clinica,src/Clinica.Modulo.Faturamento/ViewModels/FaturadosViewModel.cs,192,Glosar
Clinica,src/Clinica.Modulo.Faturamento/ViewModels/FaturadosViewModel.cs,215,GuiaPdf
Clinica,src/Clinica.Modulo.Faturamento/ViewModels/FaturadosViewModel.cs,247,Capa
Clinica,src/Clinica.Modulo.Faturamento/ViewModels/FaturadosViewModel.cs,256,ExportarCsv
Clinica,src/Clinica.Modulo.Faturamento/ViewModels/GlosasViewModel.cs,16,GlosaLinha
Clinica,src/Clinica.Modulo.Faturamento/ViewModels/GlosasViewModel.cs,31,MotivoRecorrente
Clinica,src/Clinica.Modulo.Faturamento/ViewModels/GlosasViewModel.cs,83,LimparFiltro
Clinica,src/Clinica.Modulo.Faturamento/ViewModels/GlosasViewModel.cs,104,CarregarAsync
Clinica,src/Clinica.Modulo.Faturamento/ViewModels/GlosasViewModel.cs,114,Buscar
Clinica,src/Clinica.Modulo.Faturamento/ViewModels/GlosasViewModel.cs,151,Casa
Clinica,src/Clinica.Modulo.Faturamento/ViewModels/GlosasViewModel.cs,158,Refiltrar
Clinica,src/Clinica.Modulo.Faturamento/ViewModels/GlosasViewModel.cs,183,MontarMotivosRecorrentes
Clinica,src/Clinica.Modulo.Faturamento/ViewModels/GlosasViewModel.cs,209,AbrirGuia
Clinica,src/Clinica.Modulo.Faturamento/ViewModels/GlosasViewModel.cs,219,Reapresentar
Clinica,src/Clinica.Modulo.Faturamento/ViewModels/GlosasViewModel.cs,240,Recuperar
Clinica,src/Clinica.Modulo.Faturamento/ViewModels/GlosasViewModel.cs,266,GerarRecursoXml
Clinica,src/Clinica.Modulo.Faturamento/ViewModels/MainViewModel.cs,96,TodosOsItens
Clinica,src/Clinica.Modulo.Faturamento/ViewModels/MainViewModel.cs,130,AtalhoSalvar
Clinica,src/Clinica.Modulo.Faturamento/ViewModels/MainViewModel.cs,133,AtalhoImprimir
Clinica,src/Clinica.Modulo.Faturamento/ViewModels/MainViewModel.cs,136,AtalhoAtualizar
Clinica,src/Clinica.Modulo.Faturamento/ViewModels/MainViewModel.cs,138,Executar
Clinica,src/Clinica.Modulo.Faturamento/ViewModels/MainViewModel.cs,159,SinalizarAtualizacaoDisponivel
Clinica,src/Clinica.Modulo.Faturamento/ViewModels/MainViewModel.cs,171,AtualizarAgora
Clinica,src/Clinica.Modulo.Faturamento/ViewModels/MainViewModel.cs,194,TrocarMinhaSenha
Clinica,src/Clinica.Modulo.Faturamento/ViewModels/MainViewModel.cs,215,TrocarUsuario
Clinica,src/Clinica.Modulo.Faturamento/ViewModels/MainViewModel.cs,243,Navegar
Clinica,src/Clinica.Modulo.Faturamento/ViewModels/MainViewModel.cs,275,DefinirSecao
Clinica,src/Clinica.Modulo.Faturamento/ViewModels/MainViewModel.cs,318,PesquisarPacientesAsync
Clinica,src/Clinica.Modulo.Faturamento/ViewModels/MainViewModel.cs,351,NavegarResultado
Clinica,src/Clinica.Modulo.Faturamento/ViewModels/MainViewModel.cs,369,FecharPesquisa
Clinica,src/Clinica.Modulo.Faturamento/ViewModels/MainViewModel.cs,378,MostrarDashboard
Clinica,src/Clinica.Modulo.Faturamento/ViewModels/MainViewModel.cs,391,MostrarPacientes
Clinica,src/Clinica.Modulo.Faturamento/ViewModels/MainViewModel.cs,394,MostrarAgenda
Clinica,src/Clinica.Modulo.Faturamento/ViewModels/MainViewModel.cs,397,MostrarFaturados
Clinica,src/Clinica.Modulo.Faturamento/ViewModels/MainViewModel.cs,406,MostrarConsultaGuias
Clinica,src/Clinica.Modulo.Faturamento/ViewModels/MainViewModel.cs,415,MostrarGlosas
Clinica,src/Clinica.Modulo.Faturamento/ViewModels/MainViewModel.cs,424,MostrarNaoConformidades
Clinica,src/Clinica.Modulo.Faturamento/ViewModels/MainViewModel.cs,433,MostrarTiss
Clinica,src/Clinica.Modulo.Faturamento/ViewModels/MainViewModel.cs,442,MostrarParametros
Clinica,src/Clinica.Modulo.Faturamento/ViewModels/MainViewModel.cs,460,MostrarAcessos
Clinica,src/Clinica.Modulo.Faturamento/ViewModels/MainViewModel.cs,463,MostrarRelatorios
Clinica,src/Clinica.Modulo.Faturamento/ViewModels/MainViewModel.cs,471,AbrirBaixa
Clinica,src/Clinica.Modulo.Faturamento/ViewModels/MainViewModel.cs,481,AbrirFicha
Clinica,src/Clinica.Modulo.Faturamento/ViewModels/MainViewModel.cs,498,AbrirEdicaoPaciente
Clinica,src/Clinica.Modulo.Faturamento/ViewModels/ModalidadeEdicao.cs,35,ParaCadastro
Clinica,src/Clinica.Modulo.Faturamento/ViewModels/NaoConformidadesViewModel.cs,40,LimparFiltro
Clinica,src/Clinica.Modulo.Faturamento/ViewModels/NaoConformidadesViewModel.cs,57,CarregarAsync
Clinica,src/Clinica.Modulo.Faturamento/ViewModels/NaoConformidadesViewModel.cs,73,Casa
Clinica,src/Clinica.Modulo.Faturamento/ViewModels/NaoConformidadesViewModel.cs,80,Refiltrar
Clinica,src/Clinica.Modulo.Faturamento/ViewModels/NaoConformidadesViewModel.cs,101,VerJustificativa
Clinica,src/Clinica.Modulo.Faturamento/ViewModels/NaoConformidadesViewModel.cs,110,Reabrir
Clinica,src/Clinica.Modulo.Faturamento/ViewModels/NaoConformidadesViewModel.cs,134,Atualizar
Clinica,src/Clinica.Modulo.Faturamento/ViewModels/ParametrosViewModel.cs,88,CarregarAsync
Clinica,src/Clinica.Modulo.Faturamento/ViewModels/ParametrosViewModel.cs,136,MontarPrestador
Clinica,src/Clinica.Modulo.Faturamento/ViewModels/ParametrosViewModel.cs,159,NovoConvenio
Clinica,src/Clinica.Modulo.Faturamento/ViewModels/ParametrosViewModel.cs,183,EditarConvenio
Clinica,src/Clinica.Modulo.Faturamento/ViewModels/ParametrosViewModel.cs,195,AbrirRegrasFamilia
Clinica,src/Clinica.Modulo.Faturamento/ViewModels/ParametrosViewModel.cs,203,RemoverConvenio
Clinica,src/Clinica.Modulo.Faturamento/ViewModels/ParametrosViewModel.cs,239,NovaModalidade
Clinica,src/Clinica.Modulo.Faturamento/ViewModels/ParametrosViewModel.cs,253,RemoverModalidade
Clinica,src/Clinica.Modulo.Faturamento/ViewModels/ParametrosViewModel.cs,288,NovaEspecialidade
Clinica,src/Clinica.Modulo.Faturamento/ViewModels/ParametrosViewModel.cs,301,RemoverEspecialidade
Clinica,src/Clinica.Modulo.Faturamento/ViewModels/ParametrosViewModel.cs,333,NomeUnico
Clinica,src/Clinica.Modulo.Faturamento/ViewModels/ParametrosViewModel.cs,343,NomesDuplicados
Clinica,src/Clinica.Modulo.Faturamento/ViewModels/ParametrosViewModel.cs,358,AbrirPastaLogs
Clinica,src/Clinica.Modulo.Faturamento/ViewModels/ParametrosViewModel.cs,377,Salvar
Clinica,src/Clinica.Modulo.Faturamento/ViewModels/RelatoriosViewModel.cs,46,CarregarAsync
Clinica,src/Clinica.Modulo.Faturamento/ViewModels/RelatoriosViewModel.cs,49,Gerar
Clinica,src/Clinica.Modulo.Faturamento/ViewModels/RelatoriosViewModel.cs,84,GerarFechamento
Clinica,src/Clinica.Modulo.Faturamento/ViewModels/RelatoriosViewModel.cs,123,ExportarCsv
Clinica,src/Clinica.Modulo.Faturamento/ViewModels/Secao.cs,52,GrupoMenu
Clinica,src/Clinica.Modulo.Faturamento/ViewModels/TissViewModel.cs,15,LoteLinha
Clinica,src/Clinica.Modulo.Faturamento/ViewModels/TissViewModel.cs,62,CarregarAsync
Clinica,src/Clinica.Modulo.Faturamento/ViewModels/TissViewModel.cs,72,ParaLinha
Clinica,src/Clinica.Modulo.Faturamento/ViewModels/TissViewModel.cs,92,Exportar
Clinica,src/Clinica.Modulo.Faturamento/ViewModels/TissViewModel.cs,112,ExportarInterno
Clinica,src/Clinica.Modulo.Faturamento/ViewModels/TissViewModel.cs,253,NomeSeguroDeArquivo
Clinica,src/Clinica.Modulo.Faturamento/ViewModels/TissViewModel.cs,262,BaixarXml
Clinica,src/Clinica.Modulo.Faturamento/ViewModels/TissViewModel.cs,303,MarcarEnviado
Clinica,src/Clinica.Modulo.Faturamento/ViewModels/TissViewModel.cs,330,RegistrarRetorno
Clinica,src/Clinica.Modulo.Faturamento/ViewModels/TissViewModel.cs,394,ValidarXmlGerado
Clinica,src/Clinica.Modulo.Faturamento/ViewModels/TissViewModel.cs,417,ArquivarCopiaLote
Clinica,src/Clinica.Modulo.Faturamento/Views/ParametrosView.xaml.cs,21,Salvar_Click
Clinica,src/Clinica.Modulo.Faturamento/Views/ParametrosView.xaml.cs,34,Catalogo_DuploClique
Clinica,src/Clinica.Modulo.Faturamento/Views/ParametrosView.xaml.cs,44,EhControleDeAcao
Clinica,src/Clinica.Modulo.Financeiro/Modulo/ModuloFinanceiro.cs,209,Registrar
Clinica,src/Clinica.Modulo.Financeiro/Modulo/ModuloFinanceiro.cs,233,CriarTela
Clinica,src/Clinica.Modulo.Financeiro/ViewModels/BaixarLancamentoViewModel.cs,11,BaixarLancamentoViewModel
Clinica,src/Clinica.Modulo.Financeiro/ViewModels/BaixarLancamentoViewModel.cs,32,ConfirmarAsync
Clinica,src/Clinica.Modulo.Financeiro/ViewModels/CaixaViewModel.cs,83,LimparFiltro
Clinica,src/Clinica.Modulo.Financeiro/ViewModels/CaixaViewModel.cs,184,AplicarFiltro
Clinica,src/Clinica.Modulo.Financeiro/ViewModels/CaixaViewModel.cs,191,CarregarAsync
Clinica,src/Clinica.Modulo.Financeiro/ViewModels/CaixaViewModel.cs,266,Refiltrar
Clinica,src/Clinica.Modulo.Financeiro/ViewModels/CaixaViewModel.cs,302,NovoLancamentoAsync
Clinica,src/Clinica.Modulo.Financeiro/ViewModels/CaixaViewModel.cs,331,CobrarPix
Clinica,src/Clinica.Modulo.Financeiro/ViewModels/CaixaViewModel.cs,343,RealizarAsync
Clinica,src/Clinica.Modulo.Financeiro/ViewModels/CaixaViewModel.cs,372,HistoricoAsync
Clinica,src/Clinica.Modulo.Financeiro/ViewModels/CaixaViewModel.cs,380,CancelarAsync
Clinica,src/Clinica.Modulo.Financeiro/ViewModels/CaixaViewModel.cs,412,EmitirReciboAsync
Clinica,src/Clinica.Modulo.Financeiro/ViewModels/CaixaViewModel.cs,480,ExportarAsync
Clinica,src/Clinica.Modulo.Financeiro/ViewModels/CaixaViewModel.cs,520,MesAnterior
Clinica,src/Clinica.Modulo.Financeiro/ViewModels/CaixaViewModel.cs,523,ProximoMes
Clinica,src/Clinica.Modulo.Financeiro/ViewModels/CaixaViewModel.cs,527,Rotular
Clinica,src/Clinica.Modulo.Financeiro/ViewModels/CobrancaPixViewModel.cs,49,Invalidar
Clinica,src/Clinica.Modulo.Financeiro/ViewModels/CobrancaPixViewModel.cs,58,GerarAsync
Clinica,src/Clinica.Modulo.Financeiro/ViewModels/CobrancaPixViewModel.cs,106,Copiar
Clinica,src/Clinica.Modulo.Financeiro/ViewModels/CobrancaPixViewModel.cs,129,Resumir
Clinica,src/Clinica.Modulo.Financeiro/ViewModels/CobrancaPixViewModel.cs,132,Rotular
Clinica,src/Clinica.Modulo.Financeiro/ViewModels/CobrancaPixViewModel.cs,142,Erro
Clinica,src/Clinica.Modulo.Financeiro/ViewModels/ConciliacaoViewModel.cs,346,Refiltrar
Clinica,src/Clinica.Modulo.Financeiro/ViewModels/ConciliacaoViewModel.cs,370,AtualizarResumo
Clinica,src/Clinica.Modulo.Financeiro/ViewModels/ConciliacaoViewModel.cs,399,LimparFiltro
Clinica,src/Clinica.Modulo.Financeiro/ViewModels/ConciliacaoViewModel.cs,408,CarregarAsync
Clinica,src/Clinica.Modulo.Financeiro/ViewModels/ConciliacaoViewModel.cs,496,CarregarParticularesAsync
Clinica,src/Clinica.Modulo.Financeiro/ViewModels/ConciliacaoViewModel.cs,561,LancarSessaoAsync
Clinica,src/Clinica.Modulo.Financeiro/ViewModels/ConciliacaoViewModel.cs,615,CarregarGlosadasAsync
Clinica,src/Clinica.Modulo.Financeiro/ViewModels/ConciliacaoViewModel.cs,688,CancelarReceitaAsync
Clinica,src/Clinica.Modulo.Financeiro/ViewModels/ConciliacaoViewModel.cs,740,LancarAsync
Clinica,src/Clinica.Modulo.Financeiro/ViewModels/ConciliacaoViewModel.cs,797,PreverAsync
Clinica,src/Clinica.Modulo.Financeiro/ViewModels/ConciliacaoViewModel.cs,825,MesAnterior
Clinica,src/Clinica.Modulo.Financeiro/ViewModels/ConciliacaoViewModel.cs,828,ProximoMes
Clinica,src/Clinica.Modulo.Financeiro/ViewModels/ContasViewModel.cs,28,De
Clinica,src/Clinica.Modulo.Financeiro/ViewModels/ContasViewModel.cs,67,De
Clinica,src/Clinica.Modulo.Financeiro/ViewModels/ContasViewModel.cs,126,OpcaoTipoConta
Clinica,src/Clinica.Modulo.Financeiro/ViewModels/ContasViewModel.cs,128,ToString
Clinica,src/Clinica.Modulo.Financeiro/ViewModels/ContasViewModel.cs,183,CarregarAsync
Clinica,src/Clinica.Modulo.Financeiro/ViewModels/ContasViewModel.cs,256,NovaContaAsync
Clinica,src/Clinica.Modulo.Financeiro/ViewModels/ContasViewModel.cs,276,HistoricoAsync
Clinica,src/Clinica.Modulo.Financeiro/ViewModels/ContasViewModel.cs,284,BaixarAsync
Clinica,src/Clinica.Modulo.Financeiro/ViewModels/ContasViewModel.cs,311,AdiarAsync
Clinica,src/Clinica.Modulo.Financeiro/ViewModels/ContasViewModel.cs,350,AbrirContasFixas
Clinica,src/Clinica.Modulo.Financeiro/ViewModels/ContasViewModel.cs,359,NovaRecorrenteAsync
Clinica,src/Clinica.Modulo.Financeiro/ViewModels/ContasViewModel.cs,362,EditarRecorrenteAsync
Clinica,src/Clinica.Modulo.Financeiro/ViewModels/ContasViewModel.cs,368,AbrirRecorrenteAsync
Clinica,src/Clinica.Modulo.Financeiro/ViewModels/ContasViewModel.cs,397,GerarAsync
Clinica,src/Clinica.Modulo.Financeiro/ViewModels/ContasViewModel.cs,443,ExportarAsync
Clinica,src/Clinica.Modulo.Financeiro/ViewModels/ContasViewModel.cs,480,Erro
Clinica,src/Clinica.Modulo.Financeiro/ViewModels/ContasViewModel.cs,541,CarregarCategoriasAsync
Clinica,src/Clinica.Modulo.Financeiro/ViewModels/ContasViewModel.cs,564,SalvarAsync
Clinica,src/Clinica.Modulo.Financeiro/ViewModels/ContasViewModel.cs,626,Erro
Clinica,src/Clinica.Modulo.Financeiro/ViewModels/ContasViewModel.cs,687,CarregarAsync
Clinica,src/Clinica.Modulo.Financeiro/ViewModels/ContasViewModel.cs,725,SalvarAsync
Clinica,src/Clinica.Modulo.Financeiro/ViewModels/ContasViewModel.cs,784,Erro
Clinica,src/Clinica.Modulo.Financeiro/ViewModels/EstoqueViewModel.cs,15,OpcaoMateriais
Clinica,src/Clinica.Modulo.Financeiro/ViewModels/EstoqueViewModel.cs,70,CarregarMateriaisAsync
Clinica,src/Clinica.Modulo.Financeiro/ViewModels/EstoqueViewModel.cs,98,SalvarModoMateriaisAsync
Clinica,src/Clinica.Modulo.Financeiro/ViewModels/EstoqueViewModel.cs,112,RegistrarMateriaisAsync
Clinica,src/Clinica.Modulo.Financeiro/ViewModels/EstoqueViewModel.cs,131,FiltrarItens
Clinica,src/Clinica.Modulo.Financeiro/ViewModels/EstoqueViewModel.cs,193,AbrirValidades
Clinica,src/Clinica.Modulo.Financeiro/ViewModels/EstoqueViewModel.cs,209,CarregarAsync
Clinica,src/Clinica.Modulo.Financeiro/ViewModels/EstoqueViewModel.cs,307,CarregarCustosAsync
Clinica,src/Clinica.Modulo.Financeiro/ViewModels/EstoqueViewModel.cs,376,NovoItemAsync
Clinica,src/Clinica.Modulo.Financeiro/ViewModels/EstoqueViewModel.cs,379,EditarItemAsync
Clinica,src/Clinica.Modulo.Financeiro/ViewModels/EstoqueViewModel.cs,385,AbrirItemAsync
Clinica,src/Clinica.Modulo.Financeiro/ViewModels/EstoqueViewModel.cs,401,MovimentarAsync
Clinica,src/Clinica.Modulo.Financeiro/ViewModels/EstoqueViewModel.cs,439,Extrato
Clinica,src/Clinica.Modulo.Financeiro/ViewModels/EstoqueViewModel.cs,451,InventariarAsync
Clinica,src/Clinica.Modulo.Financeiro/ViewModels/EstoqueViewModel.cs,533,ListaDeComprasAsync
Clinica,src/Clinica.Modulo.Financeiro/ViewModels/EstoqueViewModel.cs,575,ExcluirItemAsync
Clinica,src/Clinica.Modulo.Financeiro/ViewModels/EstoqueViewModel.cs,599,Erro
Clinica,src/Clinica.Modulo.Financeiro/ViewModels/EstoqueViewModel.cs,656,CarregarAsync
Clinica,src/Clinica.Modulo.Financeiro/ViewModels/EstoqueViewModel.cs,697,SalvarAsync
Clinica,src/Clinica.Modulo.Financeiro/ViewModels/EstoqueViewModel.cs,751,Erro
Clinica,src/Clinica.Modulo.Financeiro/ViewModels/EstoqueViewModel.cs,814,SalvarAsync
Clinica,src/Clinica.Modulo.Financeiro/ViewModels/EstoqueViewModel.cs,929,CarregarAsync
Clinica,src/Clinica.Modulo.Financeiro/ViewModels/EstoqueViewModel.cs,992,Detalhar
Clinica,src/Clinica.Modulo.Financeiro/ViewModels/ExtratoBancoViewModel.cs,105,AbrirArquivoAsync
Clinica,src/Clinica.Modulo.Financeiro/ViewModels/ExtratoBancoViewModel.cs,136,CruzarAsync
Clinica,src/Clinica.Modulo.Financeiro/ViewModels/ExtratoBancoViewModel.cs,190,Montar
Clinica,src/Clinica.Modulo.Financeiro/ViewModels/ExtratoBancoViewModel.cs,226,ConciliarAsync
Clinica,src/Clinica.Modulo.Financeiro/ViewModels/ExtratoBancoViewModel.cs,263,DesfazerAsync
Clinica,src/Clinica.Modulo.Financeiro/ViewModels/ExtratoBancoViewModel.cs,288,Erro
Clinica,src/Clinica.Modulo.Financeiro/ViewModels/FechamentoCaixaViewModel.cs,26,De
Clinica,src/Clinica.Modulo.Financeiro/ViewModels/FechamentoCaixaViewModel.cs,55,De
Clinica,src/Clinica.Modulo.Financeiro/ViewModels/FechamentoCaixaViewModel.cs,145,RecalcularDiferenca
Clinica,src/Clinica.Modulo.Financeiro/ViewModels/FechamentoCaixaViewModel.cs,171,CarregarAsync
Clinica,src/Clinica.Modulo.Financeiro/ViewModels/FechamentoCaixaViewModel.cs,245,ConferirAsync
Clinica,src/Clinica.Modulo.Financeiro/ViewModels/FechamentoCaixaViewModel.cs,285,ReabrirAsync
Clinica,src/Clinica.Modulo.Financeiro/ViewModels/FechamentoCaixaViewModel.cs,315,IrPara
Clinica,src/Clinica.Modulo.Financeiro/ViewModels/FechamentoCaixaViewModel.cs,321,Erro
Clinica,src/Clinica.Modulo.Financeiro/ViewModels/FluxoCaixaViewModel.cs,23,De
Clinica,src/Clinica.Modulo.Financeiro/ViewModels/FluxoCaixaViewModel.cs,45,De
Clinica,src/Clinica.Modulo.Financeiro/ViewModels/FluxoCaixaViewModel.cs,128,CarregarAsync
Clinica,src/Clinica.Modulo.Financeiro/ViewModels/FluxoCaixaViewModel.cs,208,ExportarAsync
Clinica,src/Clinica.Modulo.Financeiro/ViewModels/HistoricoObrigacao.cs,11,MostrarAsync
Clinica,src/Clinica.Modulo.Financeiro/ViewModels/InadimplenciaViewModel.cs,41,LinhaFaixaAtraso
Clinica,src/Clinica.Modulo.Financeiro/ViewModels/InadimplenciaViewModel.cs,86,LimparFiltro
Clinica,src/Clinica.Modulo.Financeiro/ViewModels/InadimplenciaViewModel.cs,152,CarregarAsync
Clinica,src/Clinica.Modulo.Financeiro/ViewModels/InadimplenciaViewModel.cs,217,Refiltrar
Clinica,src/Clinica.Modulo.Financeiro/ViewModels/InadimplenciaViewModel.cs,238,Montar
Clinica,src/Clinica.Modulo.Financeiro/ViewModels/InadimplenciaViewModel.cs,276,Cobrar
Clinica,src/Clinica.Modulo.Financeiro/ViewModels/InadimplenciaViewModel.cs,304,ReceberAsync
Clinica,src/Clinica.Modulo.Financeiro/ViewModels/InadimplenciaViewModel.cs,341,ExportarAsync
Clinica,src/Clinica.Modulo.Financeiro/ViewModels/InadimplenciaViewModel.cs,378,Moeda
Clinica,src/Clinica.Modulo.Financeiro/ViewModels/LancamentoEdicaoViewModel.cs,15,OpcaoCategoria
Clinica,src/Clinica.Modulo.Financeiro/ViewModels/LancamentoEdicaoViewModel.cs,23,OpcaoSessao
Clinica,src/Clinica.Modulo.Financeiro/ViewModels/LancamentoEdicaoViewModel.cs,133,CarregarSessoesAsync
Clinica,src/Clinica.Modulo.Financeiro/ViewModels/LancamentoEdicaoViewModel.cs,210,LerParcelas
Clinica,src/Clinica.Modulo.Financeiro/ViewModels/LancamentoEdicaoViewModel.cs,220,RecalcularDeducoesAsync
Clinica,src/Clinica.Modulo.Financeiro/ViewModels/LancamentoEdicaoViewModel.cs,263,CarregarCategoriasAsync
Clinica,src/Clinica.Modulo.Financeiro/ViewModels/LancamentoEdicaoViewModel.cs,291,SalvarAsync
Clinica,src/Clinica.Modulo.Financeiro/ViewModels/LancamentoEdicaoViewModel.cs,348,TentarLerValor
Clinica,src/Clinica.Modulo.Financeiro/ViewModels/LancamentoEdicaoViewModel.cs,351,Erro
Clinica,src/Clinica.Modulo.Financeiro/ViewModels/PlanoContasViewModel.cs,71,CarregarAsync
Clinica,src/Clinica.Modulo.Financeiro/ViewModels/PlanoContasViewModel.cs,118,NovaCategoriaAsync
Clinica,src/Clinica.Modulo.Financeiro/ViewModels/PlanoContasViewModel.cs,135,AlternarAtivaAsync
Clinica,src/Clinica.Modulo.Financeiro/ViewModels/PlanoContasViewModel.cs,158,Erro
Clinica,src/Clinica.Modulo.Financeiro/ViewModels/PlanoContasViewModel.cs,196,SalvarAsync
Clinica,src/Clinica.Modulo.Financeiro/ViewModels/ProducaoViewModel.cs,74,CarregarAsync
Clinica,src/Clinica.Modulo.Financeiro/ViewModels/ProducaoViewModel.cs,115,Ultimos6Meses
Clinica,src/Clinica.Modulo.Financeiro/ViewModels/ProducaoViewModel.cs,118,Ultimos12Meses
Clinica,src/Clinica.Modulo.Financeiro/ViewModels/RecebiveisViewModel.cs,25,De
Clinica,src/Clinica.Modulo.Financeiro/ViewModels/RecebiveisViewModel.cs,60,De
Clinica,src/Clinica.Modulo.Financeiro/ViewModels/RecebiveisViewModel.cs,154,CarregarAsync
Clinica,src/Clinica.Modulo.Financeiro/ViewModels/RecebiveisViewModel.cs,231,ConfirmarAsync
Clinica,src/Clinica.Modulo.Financeiro/ViewModels/RecebiveisViewModel.cs,275,DesfazerAsync
Clinica,src/Clinica.Modulo.Financeiro/ViewModels/RecebiveisViewModel.cs,305,Erro
Clinica,src/Clinica.Modulo.Financeiro/ViewModels/RepassesViewModel.cs,119,CarregarAsync
Clinica,src/Clinica.Modulo.Financeiro/ViewModels/RepassesViewModel.cs,195,CarregarRegrasAsync
Clinica,src/Clinica.Modulo.Financeiro/ViewModels/RepassesViewModel.cs,232,ExportarAsync
Clinica,src/Clinica.Modulo.Financeiro/ViewModels/RepassesViewModel.cs,265,MesAnterior
Clinica,src/Clinica.Modulo.Financeiro/ViewModels/RepassesViewModel.cs,268,ProximoMes
Clinica,src/Clinica.Modulo.Financeiro/ViewModels/RepassesViewModel.cs,271,ApurarAsync
Clinica,src/Clinica.Modulo.Financeiro/ViewModels/RepassesViewModel.cs,299,CancelarApuracaoAsync
Clinica,src/Clinica.Modulo.Financeiro/ViewModels/RepassesViewModel.cs,335,AbrirRegras
Clinica,src/Clinica.Modulo.Financeiro/ViewModels/RepassesViewModel.cs,344,NovaRegraAsync
Clinica,src/Clinica.Modulo.Financeiro/ViewModels/RepassesViewModel.cs,360,ExcluirRegraAsync
Clinica,src/Clinica.Modulo.Financeiro/ViewModels/RepassesViewModel.cs,384,Erro
Clinica,src/Clinica.Modulo.Financeiro/ViewModels/RepassesViewModel.cs,424,CarregarAsync
Clinica,src/Clinica.Modulo.Financeiro/ViewModels/RepassesViewModel.cs,447,SalvarAsync
Clinica,src/Clinica.Modulo.Financeiro/ViewModels/ResultadoViewModel.cs,107,CarregarAsync
Clinica,src/Clinica.Modulo.Financeiro/ViewModels/ResultadoViewModel.cs,129,CarregarResultadoAsync
Clinica,src/Clinica.Modulo.Financeiro/ViewModels/ResultadoViewModel.cs,187,CarregarOrcamentoAsync
Clinica,src/Clinica.Modulo.Financeiro/ViewModels/ResultadoViewModel.cs,236,Descrever
Clinica,src/Clinica.Modulo.Financeiro/ViewModels/ResultadoViewModel.cs,253,DefinirTetoAsync
Clinica,src/Clinica.Modulo.Financeiro/ViewModels/ResultadoViewModel.cs,274,ExcluirTetoAsync
Clinica,src/Clinica.Modulo.Financeiro/ViewModels/ResultadoViewModel.cs,311,ExportarAsync
Clinica,src/Clinica.Modulo.Financeiro/ViewModels/ResultadoViewModel.cs,349,MesAnterior
Clinica,src/Clinica.Modulo.Financeiro/ViewModels/ResultadoViewModel.cs,352,ProximoMes
Clinica,src/Clinica.Modulo.Financeiro/ViewModels/ResultadoViewModel.cs,354,Erro
Clinica,src/Clinica.Modulo.Financeiro/ViewModels/ResultadoViewModel.cs,373,OpcaoCategoria
Clinica,src/Clinica.Modulo.Financeiro/ViewModels/ResultadoViewModel.cs,396,CarregarCategoriasAsync
Clinica,src/Clinica.Modulo.Financeiro/ViewModels/ResultadoViewModel.cs,422,SalvarAsync
Clinica,src/Clinica.Modulo.Financeiro/ViewModels/ResultadoViewModel.cs,457,Erro
Clinica,src/Clinica.Modulo.Financeiro/ViewModels/TaxasViewModel.cs,32,De
Clinica,src/Clinica.Modulo.Financeiro/ViewModels/TaxasViewModel.cs,71,De
Clinica,src/Clinica.Modulo.Financeiro/ViewModels/TaxasViewModel.cs,187,CarregarAsync
Clinica,src/Clinica.Modulo.Financeiro/ViewModels/TaxasViewModel.cs,263,NovaTaxaAsync
Clinica,src/Clinica.Modulo.Financeiro/ViewModels/TaxasViewModel.cs,266,EditarAsync
Clinica,src/Clinica.Modulo.Financeiro/ViewModels/TaxasViewModel.cs,272,AbrirTaxaAsync
Clinica,src/Clinica.Modulo.Financeiro/ViewModels/TaxasViewModel.cs,293,ExcluirAsync
Clinica,src/Clinica.Modulo.Financeiro/ViewModels/TaxasViewModel.cs,328,NovoTributoAsync
Clinica,src/Clinica.Modulo.Financeiro/ViewModels/TaxasViewModel.cs,331,EditarTributoAsync
Clinica,src/Clinica.Modulo.Financeiro/ViewModels/TaxasViewModel.cs,337,AbrirTributoAsync
Clinica,src/Clinica.Modulo.Financeiro/ViewModels/TaxasViewModel.cs,358,ExcluirTributoAsync
Clinica,src/Clinica.Modulo.Financeiro/ViewModels/TaxasViewModel.cs,397,SimularAsync
Clinica,src/Clinica.Modulo.Financeiro/ViewModels/TaxasViewModel.cs,445,SalvarImpostoAsync
Clinica,src/Clinica.Modulo.Financeiro/ViewModels/TaxasViewModel.cs,478,Erro
Clinica,src/Clinica.Modulo.Financeiro/ViewModels/TaxasViewModel.cs,495,ApurarAsync
Clinica,src/Clinica.Modulo.Financeiro/ViewModels/TaxasViewModel.cs,555,MesApuracaoAnterior
Clinica,src/Clinica.Modulo.Financeiro/ViewModels/TaxasViewModel.cs,558,MesApuracaoProximo
Clinica,src/Clinica.Modulo.Financeiro/ViewModels/TaxasViewModel.cs,571,ExportarApuracaoAsync
Clinica,src/Clinica.Modulo.Financeiro/ViewModels/TaxasViewModel.cs,655,CarregarAsync
Clinica,src/Clinica.Modulo.Financeiro/ViewModels/TaxasViewModel.cs,683,SalvarAsync
Clinica,src/Clinica.Modulo.Financeiro/ViewModels/TaxasViewModel.cs,748,Erro
Clinica,src/Clinica.Modulo.Financeiro/ViewModels/TaxasViewModel.cs,795,CarregarAsync
Clinica,src/Clinica.Modulo.Financeiro/ViewModels/TaxasViewModel.cs,821,SalvarAsync
Clinica,src/Clinica.Modulo.Financeiro/ViewModels/TaxasViewModel.cs,879,Erro
Clinica,src/Clinica.Modulo.Gerente/Janelas/UsuarioWindow.xaml.cs,40,SenhaDigitada
Clinica,src/Clinica.Modulo.Gerente/Modulo/ModuloGerente.cs,303,Registrar
Clinica,src/Clinica.Modulo.Gerente/Modulo/ModuloGerente.cs,326,CriarTela
Clinica,src/Clinica.Modulo.Gerente/ViewModels/AcessosViewModel.cs,65,CarregarAsync
Clinica,src/Clinica.Modulo.Gerente/ViewModels/AcessosViewModel.cs,120,NovoAsync
Clinica,src/Clinica.Modulo.Gerente/ViewModels/AcessosViewModel.cs,127,EditarAsync
Clinica,src/Clinica.Modulo.Gerente/ViewModels/AcessosViewModel.cs,134,AbrirAsync
Clinica,src/Clinica.Modulo.Gerente/ViewModels/AcessosViewModel.cs,151,ExcluirAsync
Clinica,src/Clinica.Modulo.Gerente/ViewModels/AcessosViewModel.cs,168,RedefinirSenhaAsync
Clinica,src/Clinica.Modulo.Gerente/ViewModels/AcessosViewModel.cs,199,PodeGerenciar
Clinica,src/Clinica.Modulo.Gerente/ViewModels/AcessosViewModel.cs,214,ExecutarAsync
Clinica,src/Clinica.Modulo.Gerente/ViewModels/AuditoriaViewModel.cs,26,De
Clinica,src/Clinica.Modulo.Gerente/ViewModels/AuditoriaViewModel.cs,46,ContagemAuditoria
Clinica,src/Clinica.Modulo.Gerente/ViewModels/AuditoriaViewModel.cs,132,CarregarAsync
Clinica,src/Clinica.Modulo.Gerente/ViewModels/AuditoriaViewModel.cs,209,Limpar
Clinica,src/Clinica.Modulo.Gerente/ViewModels/AuditoriaViewModel.cs,225,ExportarAsync
Clinica,src/Clinica.Modulo.Gerente/ViewModels/CampanhasViewModel.cs,134,CarregarAsync
Clinica,src/Clinica.Modulo.Gerente/ViewModels/CampanhasViewModel.cs,180,Converter
Clinica,src/Clinica.Modulo.Gerente/ViewModels/CampanhasViewModel.cs,206,TipoFiltro
Clinica,src/Clinica.Modulo.Gerente/ViewModels/CampanhasViewModel.cs,214,StatusFiltro
Clinica,src/Clinica.Modulo.Gerente/ViewModels/CampanhasViewModel.cs,225,GerarConfirmacoes
Clinica,src/Clinica.Modulo.Gerente/ViewModels/CampanhasViewModel.cs,228,GerarNpsAsync
Clinica,src/Clinica.Modulo.Gerente/ViewModels/CampanhasViewModel.cs,233,GerarRecall
Clinica,src/Clinica.Modulo.Gerente/ViewModels/CampanhasViewModel.cs,235,GerarAsync
Clinica,src/Clinica.Modulo.Gerente/ViewModels/CampanhasViewModel.cs,274,EnviarAsync
Clinica,src/Clinica.Modulo.Gerente/ViewModels/CampanhasViewModel.cs,296,MontarMensagem
Clinica,src/Clinica.Modulo.Gerente/ViewModels/CampanhasViewModel.cs,305,RegistrarNotaAsync
Clinica,src/Clinica.Modulo.Gerente/ViewModels/CampanhasViewModel.cs,331,RegistrarRespostaAsync
Clinica,src/Clinica.Modulo.Gerente/ViewModels/CampanhasViewModel.cs,348,DispensarAsync
Clinica,src/Clinica.Modulo.Gerente/ViewModels/CampanhasViewModel.cs,370,ExecutarAsync
Clinica,src/Clinica.Modulo.Gerente/ViewModels/CamposPersonalizadosViewModel.cs,15,OpcaoModalidadeCampo
Clinica,src/Clinica.Modulo.Gerente/ViewModels/CamposPersonalizadosViewModel.cs,85,CarregarAsync
Clinica,src/Clinica.Modulo.Gerente/ViewModels/CamposPersonalizadosViewModel.cs,139,EditarAsync
Clinica,src/Clinica.Modulo.Gerente/ViewModels/CamposPersonalizadosViewModel.cs,169,Novo
Clinica,src/Clinica.Modulo.Gerente/ViewModels/CamposPersonalizadosViewModel.cs,183,SalvarAsync
Clinica,src/Clinica.Modulo.Gerente/ViewModels/CamposPersonalizadosViewModel.cs,223,AlternarAsync
Clinica,src/Clinica.Modulo.Gerente/ViewModels/CamposPersonalizadosViewModel.cs,256,Erro
Clinica,src/Clinica.Modulo.Gerente/ViewModels/ConfiguracoesViewModel.cs,263,CarregarAsync
Clinica,src/Clinica.Modulo.Gerente/ViewModels/ConfiguracoesViewModel.cs,345,SalvarPrestadorAsync
Clinica,src/Clinica.Modulo.Gerente/ViewModels/ConfiguracoesViewModel.cs,368,SalvarOperacaoAsync
Clinica,src/Clinica.Modulo.Gerente/ViewModels/ConfiguracoesViewModel.cs,424,CarregarPublicacaoAsync
Clinica,src/Clinica.Modulo.Gerente/ViewModels/ConfiguracoesViewModel.cs,460,DescreverPublicacao
Clinica,src/Clinica.Modulo.Gerente/ViewModels/ConfiguracoesViewModel.cs,492,SalvarPublicacaoAsync
Clinica,src/Clinica.Modulo.Gerente/ViewModels/ConfiguracoesViewModel.cs,551,TestarConexaoAsync
Clinica,src/Clinica.Modulo.Gerente/ViewModels/ConfiguracoesViewModel.cs,609,EnviarExemploAsync
Clinica,src/Clinica.Modulo.Gerente/ViewModels/ConfiguracoesViewModel.cs,651,SalvarFaturamentoAsync
Clinica,src/Clinica.Modulo.Gerente/ViewModels/ConfiguracoesViewModel.cs,700,CarregarEmailAsync
Clinica,src/Clinica.Modulo.Gerente/ViewModels/ConfiguracoesViewModel.cs,719,DescreverEmail
Clinica,src/Clinica.Modulo.Gerente/ViewModels/ConfiguracoesViewModel.cs,733,SalvarEmailAsync
Clinica,src/Clinica.Modulo.Gerente/ViewModels/ConfiguracoesViewModel.cs,774,TestarEmailAsync
Clinica,src/Clinica.Modulo.Gerente/ViewModels/ConfiguracoesViewModel.cs,808,CarregarTelasAsync
Clinica,src/Clinica.Modulo.Gerente/ViewModels/ConfiguracoesViewModel.cs,828,SalvarTelaDoPacienteAsync
Clinica,src/Clinica.Modulo.Gerente/ViewModels/ConfiguracoesViewModel.cs,856,TestarTelaDoPaciente
Clinica,src/Clinica.Modulo.Gerente/ViewModels/ConfiguracoesViewModel.cs,912,EscolherPastaBackupAsync
Clinica,src/Clinica.Modulo.Gerente/ViewModels/ConfiguracoesViewModel.cs,938,SalvarPoliticaBackupAsync
Clinica,src/Clinica.Modulo.Gerente/ViewModels/ConfiguracoesViewModel.cs,967,CopiarAgoraAsync
Clinica,src/Clinica.Modulo.Gerente/ViewModels/ConfiguracoesViewModel.cs,1005,CarregarPoliticaBackupAsync
Clinica,src/Clinica.Modulo.Gerente/ViewModels/ConfiguracoesViewModel.cs,1027,FazerBackupAsync
Clinica,src/Clinica.Modulo.Gerente/ViewModels/ConfiguracoesViewModel.cs,1075,ConferirBackupAsync
Clinica,src/Clinica.Modulo.Gerente/ViewModels/ConfiguracoesViewModel.cs,1126,ExecutarAsync
Clinica,src/Clinica.Modulo.Gerente/ViewModels/ConfiguracoesViewModel.cs,1150,TentarLerInteiro
Clinica,src/Clinica.Modulo.Gerente/ViewModels/ConfiguracoesViewModel.cs,1153,Limpar
Clinica,src/Clinica.Modulo.Gerente/ViewModels/ConfiguracoesViewModel.cs,1156,Erro
Clinica,src/Clinica.Modulo.Gerente/ViewModels/ConfiguracoesViewModel.cs,1171,CarregarConclusaoAsync
Clinica,src/Clinica.Modulo.Gerente/ViewModels/ConfiguracoesViewModel.cs,1186,SalvarConclusaoAsync
Clinica,src/Clinica.Modulo.Gerente/ViewModels/ConfiguracoesViewModel.cs,1199,AtualizarPendenciasConclusaoAsync
Clinica,src/Clinica.Modulo.Gerente/ViewModels/CustoTransacaoViewModel.cs,35,De
Clinica,src/Clinica.Modulo.Gerente/ViewModels/CustoTransacaoViewModel.cs,109,CarregarAsync
Clinica,src/Clinica.Modulo.Gerente/ViewModels/CustoTransacaoViewModel.cs,212,ExportarAsync
Clinica,src/Clinica.Modulo.Gerente/ViewModels/CustoTransacaoViewModel.cs,244,Percentual
Clinica,src/Clinica.Modulo.Gerente/ViewModels/DocumentosEmitidosViewModel.cs,119,CarregarAsync
Clinica,src/Clinica.Modulo.Gerente/ViewModels/DocumentosEmitidosViewModel.cs,196,Montar
Clinica,src/Clinica.Modulo.Gerente/ViewModels/DocumentosEmitidosViewModel.cs,218,ConferirAsync
Clinica,src/Clinica.Modulo.Gerente/ViewModels/FaturamentoGerencialViewModel.cs,39,LinhaEnvelhecimento
Clinica,src/Clinica.Modulo.Gerente/ViewModels/FaturamentoGerencialViewModel.cs,169,GerarFechamentoAsync
Clinica,src/Clinica.Modulo.Gerente/ViewModels/FaturamentoGerencialViewModel.cs,217,CarregarAsync
Clinica,src/Clinica.Modulo.Gerente/ViewModels/GuardaProntuarioViewModel.cs,22,De
Clinica,src/Clinica.Modulo.Gerente/ViewModels/GuardaProntuarioViewModel.cs,137,CarregarClinicaAsync
Clinica,src/Clinica.Modulo.Gerente/ViewModels/GuardaProntuarioViewModel.cs,191,CarregarPacienteAsync
Clinica,src/Clinica.Modulo.Gerente/ViewModels/GuardaProntuarioViewModel.cs,273,ExportarTudoAsync
Clinica,src/Clinica.Modulo.Gerente/ViewModels/GuardaProntuarioViewModel.cs,277,ExportarPacienteAsync
Clinica,src/Clinica.Modulo.Gerente/ViewModels/GuardaProntuarioViewModel.cs,286,ExportarAsync
Clinica,src/Clinica.Modulo.Gerente/ViewModels/ImportacaoPacientesViewModel.cs,28,OpcaoConvenio
Clinica,src/Clinica.Modulo.Gerente/ViewModels/ImportacaoPacientesViewModel.cs,142,InvalidarPrevia
Clinica,src/Clinica.Modulo.Gerente/ViewModels/ImportacaoPacientesViewModel.cs,159,EscolherArquivoAsync
Clinica,src/Clinica.Modulo.Gerente/ViewModels/ImportacaoPacientesViewModel.cs,219,EscolherPacoteAsync
Clinica,src/Clinica.Modulo.Gerente/ViewModels/ImportacaoPacientesViewModel.cs,282,MontarMapeamento
Clinica,src/Clinica.Modulo.Gerente/ViewModels/ImportacaoPacientesViewModel.cs,324,RotulosUnicos
Clinica,src/Clinica.Modulo.Gerente/ViewModels/ImportacaoPacientesViewModel.cs,338,MapeamentoAtual
Clinica,src/Clinica.Modulo.Gerente/ViewModels/ImportacaoPacientesViewModel.cs,352,RemontarConvenios
Clinica,src/Clinica.Modulo.Gerente/ViewModels/ImportacaoPacientesViewModel.cs,381,Sugerir
Clinica,src/Clinica.Modulo.Gerente/ViewModels/ImportacaoPacientesViewModel.cs,402,EscolherAnexosAsync
Clinica,src/Clinica.Modulo.Gerente/ViewModels/ImportacaoPacientesViewModel.cs,454,GerarPreviaAsync
Clinica,src/Clinica.Modulo.Gerente/ViewModels/ImportacaoPacientesViewModel.cs,537,GerarPreviaDosAnexosAsync
Clinica,src/Clinica.Modulo.Gerente/ViewModels/ImportacaoPacientesViewModel.cs,574,ImportarAsync
Clinica,src/Clinica.Modulo.Gerente/ViewModels/ImportacaoPacientesViewModel.cs,692,ImportarAnexosAsync
Clinica,src/Clinica.Modulo.Gerente/ViewModels/ImportacaoPacientesViewModel.cs,768,ConveniosEscolhidos
Clinica,src/Clinica.Modulo.Gerente/ViewModels/ImportacaoPacientesViewModel.cs,773,LinhasDoResumo
Clinica,src/Clinica.Modulo.Gerente/ViewModels/IndicadoresViewModel.cs,101,MontarGraficos
Clinica,src/Clinica.Modulo.Gerente/ViewModels/IndicadoresViewModel.cs,141,ExportarAsync
Clinica,src/Clinica.Modulo.Gerente/ViewModels/IndicadoresViewModel.cs,197,MontarVariacoes
Clinica,src/Clinica.Modulo.Gerente/ViewModels/IndicadoresViewModel.cs,225,Descrever
Clinica,src/Clinica.Modulo.Gerente/ViewModels/IndicadoresViewModel.cs,241,CarregarAsync
Clinica,src/Clinica.Modulo.Gerente/ViewModels/IndicadoresViewModel.cs,323,BarraOcupacao
Clinica,src/Clinica.Modulo.Gerente/ViewModels/MetasViewModel.cs,99,CarregarAsync
Clinica,src/Clinica.Modulo.Gerente/ViewModels/MetasViewModel.cs,167,Montar
Clinica,src/Clinica.Modulo.Gerente/ViewModels/MetasViewModel.cs,194,Descrever
Clinica,src/Clinica.Modulo.Gerente/ViewModels/MetasViewModel.cs,211,Formatar
Clinica,src/Clinica.Modulo.Gerente/ViewModels/MetasViewModel.cs,215,NovaMetaAsync
Clinica,src/Clinica.Modulo.Gerente/ViewModels/MetasViewModel.cs,218,EditarAsync
Clinica,src/Clinica.Modulo.Gerente/ViewModels/MetasViewModel.cs,224,AbrirAsync
Clinica,src/Clinica.Modulo.Gerente/ViewModels/MetasViewModel.cs,246,ExcluirAsync
Clinica,src/Clinica.Modulo.Gerente/ViewModels/MetasViewModel.cs,277,AnoAnterior
Clinica,src/Clinica.Modulo.Gerente/ViewModels/MetasViewModel.cs,280,ProximoAno
Clinica,src/Clinica.Modulo.Gerente/ViewModels/MetasViewModel.cs,282,Erro
Clinica,src/Clinica.Modulo.Gerente/ViewModels/MetasViewModel.cs,301,OpcaoIndicador
Clinica,src/Clinica.Modulo.Gerente/ViewModels/MetasViewModel.cs,302,OpcaoMes
Clinica,src/Clinica.Modulo.Gerente/ViewModels/MetasViewModel.cs,303,OpcaoProfissional
Clinica,src/Clinica.Modulo.Gerente/ViewModels/MetasViewModel.cs,354,CarregarProfissionaisAsync
Clinica,src/Clinica.Modulo.Gerente/ViewModels/MetasViewModel.cs,382,SalvarAsync
Clinica,src/Clinica.Modulo.Gerente/ViewModels/MetasViewModel.cs,423,Erro
Clinica,src/Clinica.Modulo.Gerente/ViewModels/ModelosTermoViewModel.cs,111,CarregarAsync
Clinica,src/Clinica.Modulo.Gerente/ViewModels/ModelosTermoViewModel.cs,178,Novo
Clinica,src/Clinica.Modulo.Gerente/ViewModels/ModelosTermoViewModel.cs,189,AcrescentarDeclaracao
Clinica,src/Clinica.Modulo.Gerente/ViewModels/ModelosTermoViewModel.cs,211,RemoverDeclaracao
Clinica,src/Clinica.Modulo.Gerente/ViewModels/ModelosTermoViewModel.cs,218,SalvarAsync
Clinica,src/Clinica.Modulo.Gerente/ViewModels/ModelosTermoViewModel.cs,308,CriarModelosDoBsvAsync
Clinica,src/Clinica.Modulo.Gerente/ViewModels/ModelosTermoViewModel.cs,427,ExigirAsync
Clinica,src/Clinica.Modulo.Gerente/ViewModels/ModelosTermoViewModel.cs,483,AlternarExigenciaAsync
Clinica,src/Clinica.Modulo.Gerente/ViewModels/ModelosTermoViewModel.cs,518,ModeloTermoLinha
Clinica,src/Clinica.Modulo.Gerente/ViewModels/ModelosTermoViewModel.cs,539,ExigenciaLinha
Clinica,src/Clinica.Modulo.Gerente/ViewModels/ModelosTermoViewModel.cs,553,OpcaoModalidade
Clinica,src/Clinica.Modulo.Gerente/ViewModels/OrigensViewModel.cs,82,CarregarAsync
Clinica,src/Clinica.Modulo.Gerente/ViewModels/PainelDirecaoViewModel.cs,36,De
Clinica,src/Clinica.Modulo.Gerente/ViewModels/PainelDirecaoViewModel.cs,106,Ir
Clinica,src/Clinica.Modulo.Gerente/ViewModels/PainelDirecaoViewModel.cs,198,CarregarAsync
Clinica,src/Clinica.Modulo.Gerente/ViewModels/PainelDirecaoViewModel.cs,290,Montar
Clinica,src/Clinica.Modulo.Gerente/ViewModels/PainelDirecaoViewModel.cs,352,SaudacaoDaHora
Clinica,src/Clinica.Modulo.Gerente/ViewModels/PainelDirecaoViewModel.cs,359,Moeda
Clinica,src/Clinica.Modulo.Gerente/ViewModels/PeriodoGerencial.cs,34,Rotular
Clinica,src/Clinica.Modulo.Gerente/ViewModels/PrecosConvenioViewModel.cs,28,De
Clinica,src/Clinica.Modulo.Gerente/ViewModels/PrecosConvenioViewModel.cs,103,LimparFiltro
Clinica,src/Clinica.Modulo.Gerente/ViewModels/PrecosConvenioViewModel.cs,130,CarregarAsync
Clinica,src/Clinica.Modulo.Gerente/ViewModels/PrecosConvenioViewModel.cs,182,Refiltrar
Clinica,src/Clinica.Modulo.Gerente/ViewModels/PrecosConvenioViewModel.cs,214,NovoPrecoAsync
Clinica,src/Clinica.Modulo.Gerente/ViewModels/PrecosConvenioViewModel.cs,217,EditarAsync
Clinica,src/Clinica.Modulo.Gerente/ViewModels/PrecosConvenioViewModel.cs,223,AbrirAsync
Clinica,src/Clinica.Modulo.Gerente/ViewModels/PrecosConvenioViewModel.cs,247,ExcluirAsync
Clinica,src/Clinica.Modulo.Gerente/ViewModels/PrecosConvenioViewModel.cs,275,Erro
Clinica,src/Clinica.Modulo.Gerente/ViewModels/PrecosConvenioViewModel.cs,327,CarregarAsync
Clinica,src/Clinica.Modulo.Gerente/ViewModels/PrecosConvenioViewModel.cs,362,SalvarAsync
Clinica,src/Clinica.Modulo.Gerente/ViewModels/PrecosConvenioViewModel.cs,411,Erro
Clinica,src/Clinica.Modulo.Gerente/ViewModels/RentabilidadeConvenioViewModel.cs,28,De
Clinica,src/Clinica.Modulo.Gerente/ViewModels/RentabilidadeConvenioViewModel.cs,112,CarregarAsync
Clinica,src/Clinica.Modulo.Gerente/ViewModels/RentabilidadeConvenioViewModel.cs,178,ExportarAsync
Clinica,src/Clinica.Modulo.Gerente/ViewModels/RetencaoViewModel.cs,93,LimparFiltro
Clinica,src/Clinica.Modulo.Gerente/ViewModels/RetencaoViewModel.cs,129,CarregarAsync
Clinica,src/Clinica.Modulo.Gerente/ViewModels/RetencaoViewModel.cs,207,Refiltrar
Clinica,src/Clinica.Modulo.Gerente/ViewModels/RetencaoViewModel.cs,263,Chamar
Clinica,src/Clinica.Modulo.Gerente/ViewModels/RetencaoViewModel.cs,326,ExportarAsync
Clinica,src/Clinica.Modulo.Gerente/ViewModels/UsuarioEdicaoViewModel.cs,55,OpcaoProfissional
Clinica,src/Clinica.Modulo.Gerente/ViewModels/UsuarioEdicaoViewModel.cs,58,OpcaoPerfil
Clinica,src/Clinica.Modulo.Gerente/ViewModels/UsuarioEdicaoViewModel.cs,192,CarregarCpfAsync
Clinica,src/Clinica.Modulo.Gerente/ViewModels/UsuarioEdicaoViewModel.cs,226,SalvarCpfDoProfissionalAsync
Clinica,src/Clinica.Modulo.Gerente/ViewModels/UsuarioEdicaoViewModel.cs,242,CarregarAsync
Clinica,src/Clinica.Modulo.Gerente/ViewModels/UsuarioEdicaoViewModel.cs,300,AplicarPermissoes
Clinica,src/Clinica.Modulo.Gerente/ViewModels/UsuarioEdicaoViewModel.cs,313,AoMudarPermissao
Clinica,src/Clinica.Modulo.Gerente/ViewModels/UsuarioEdicaoViewModel.cs,323,AtualizarResumoExcecoes
Clinica,src/Clinica.Modulo.Gerente/ViewModels/UsuarioEdicaoViewModel.cs,339,SalvarAsync
Clinica,src/Clinica.Modulo.Gerente/Views/ConfiguracoesView.xaml.cs,28,AoAbrirTermos
Clinica,src/Clinica.Modulo.Gerente/Views/ConfiguracoesView.xaml.cs,51,AoAbrirCampos
Clinica,src/Clinica.Modulo.Recepcao/Janelas/DetalheHorarioWindow.xaml.cs,38,Escolher
Clinica,src/Clinica.Modulo.Recepcao/Janelas/DetalheHorarioWindow.xaml.cs,44,AoRemarcar
Clinica,src/Clinica.Modulo.Recepcao/Janelas/DetalheHorarioWindow.xaml.cs,45,AoConfirmar
Clinica,src/Clinica.Modulo.Recepcao/Janelas/DetalheHorarioWindow.xaml.cs,46,AoMarcarFalta
Clinica,src/Clinica.Modulo.Recepcao/Janelas/DetalheHorarioWindow.xaml.cs,47,AoCancelar
Clinica,src/Clinica.Modulo.Recepcao/Janelas/DetalheHorarioWindow.xaml.cs,48,AoQuemChamar
Clinica,src/Clinica.Modulo.Recepcao/Janelas/DetalheHorarioWindow.xaml.cs,49,AoComprovante
Clinica,src/Clinica.Modulo.Recepcao/Janelas/DetalheHorarioWindow.xaml.cs,50,AoCancelarSerie
Clinica,src/Clinica.Modulo.Recepcao/Janelas/DetalheHorarioWindow.xaml.cs,52,AoFechar
Clinica,src/Clinica.Modulo.Recepcao/Janelas/EstornoAtendimentoWindow.xaml.cs,29,AoConcluir
Clinica,src/Clinica.Modulo.Recepcao/Janelas/ListaEsperaPainelWindow.xaml.cs,22,AoFechar
Clinica,src/Clinica.Modulo.Recepcao/Janelas/ProximasVagasWindow.xaml.cs,22,Vaga_Click
Clinica,src/Clinica.Modulo.Recepcao/Modulo/ModuloRecepcao.cs,428,Registrar
Clinica,src/Clinica.Modulo.Recepcao/Modulo/ModuloRecepcao.cs,467,NovoAtendimento
Clinica,src/Clinica.Modulo.Recepcao/Modulo/ModuloRecepcao.cs,474,CriarTela
Clinica,src/Clinica.Modulo.Recepcao/ViewModels/AcompanhamentoViewModel.cs,14,EscolhaRecall
Clinica,src/Clinica.Modulo.Recepcao/ViewModels/AcompanhamentoViewModel.cs,16,AcompanhamentoViewModel
Clinica,src/Clinica.Modulo.Recepcao/ViewModels/AcompanhamentoViewModel.cs,123,Visibilidade
Clinica,src/Clinica.Modulo.Recepcao/ViewModels/AcompanhamentoViewModel.cs,124,CarregarAsync
Clinica,src/Clinica.Modulo.Recepcao/ViewModels/AcompanhamentoViewModel.cs,125,RecarregarAsync
Clinica,src/Clinica.Modulo.Recepcao/ViewModels/AcompanhamentoViewModel.cs,156,AtualizarOpcoes
Clinica,src/Clinica.Modulo.Recepcao/ViewModels/AcompanhamentoViewModel.cs,168,Refiltrar
Clinica,src/Clinica.Modulo.Recepcao/ViewModels/AcompanhamentoViewModel.cs,198,TrocarAba
Clinica,src/Clinica.Modulo.Recepcao/ViewModels/AcompanhamentoViewModel.cs,199,LimparFiltros
Clinica,src/Clinica.Modulo.Recepcao/ViewModels/AcompanhamentoViewModel.cs,200,Atalho
Clinica,src/Clinica.Modulo.Recepcao/ViewModels/AcompanhamentoViewModel.cs,201,GerarAsync
Clinica,src/Clinica.Modulo.Recepcao/ViewModels/AcompanhamentoViewModel.cs,213,AbrirAsync
Clinica,src/Clinica.Modulo.Recepcao/ViewModels/AcompanhamentoViewModel.cs,224,VoltarAsync
Clinica,src/Clinica.Modulo.Recepcao/ViewModels/AcompanhamentoViewModel.cs,225,AbrirFiltros
Clinica,src/Clinica.Modulo.Recepcao/ViewModels/AcompanhamentoViewModel.cs,226,SalvarAsync
Clinica,src/Clinica.Modulo.Recepcao/ViewModels/AcompanhamentoViewModel.cs,236,WhatsAppAsync
Clinica,src/Clinica.Modulo.Recepcao/ViewModels/AcompanhamentoViewModel.cs,248,AssumirAsync
Clinica,src/Clinica.Modulo.Recepcao/ViewModels/AcompanhamentoViewModel.cs,261,Agendar
Clinica,src/Clinica.Modulo.Recepcao/ViewModels/AcompanhamentoViewModel.cs,275,Configurar
Clinica,src/Clinica.Modulo.Recepcao/ViewModels/AcompanhamentoViewModel.cs,276,SalvarConfiguracaoAsync
Clinica,src/Clinica.Modulo.Recepcao/ViewModels/AcompanhamentoViewModel.cs,282,AdicionarMotivoAsync
Clinica,src/Clinica.Modulo.Recepcao/ViewModels/AcompanhamentoViewModel.cs,288,Executar
Clinica,src/Clinica.Modulo.Recepcao/ViewModels/AgendaPlanejamento.cs,13,FiltroProfissional
Clinica,src/Clinica.Modulo.Recepcao/ViewModels/AgendaPlanejamento.cs,14,FiltroSala
Clinica,src/Clinica.Modulo.Recepcao/ViewModels/AgendaPlanejamento.cs,17,BlocoAgendaVisual
Clinica,src/Clinica.Modulo.Recepcao/ViewModels/AgendaPlanejamento.cs,27,ColunaAgendaVisual
Clinica,src/Clinica.Modulo.Recepcao/ViewModels/AgendaPlanejamento.cs,28,HoraAgendaVisual
Clinica,src/Clinica.Modulo.Recepcao/ViewModels/AgendaPlanejamento.cs,66,PrepararFiltros
Clinica,src/Clinica.Modulo.Recepcao/ViewModels/AgendaPlanejamento.cs,93,NotificarContextoPlanejamento
Clinica,src/Clinica.Modulo.Recepcao/ViewModels/AgendaPlanejamento.cs,99,InvalidarVagas
Clinica,src/Clinica.Modulo.Recepcao/ViewModels/AgendaPlanejamento.cs,130,ConsultarVagasPlanejamentoAsync
Clinica,src/Clinica.Modulo.Recepcao/ViewModels/AgendaPlanejamento.cs,160,AbrirVagaPlanejamentoAsync
Clinica,src/Clinica.Modulo.Recepcao/ViewModels/AgendaPlanejamento.cs,174,MontarPlanejamento
Clinica,src/Clinica.Modulo.Recepcao/ViewModels/AgendaViewModel.cs,231,ComMotivo
Clinica,src/Clinica.Modulo.Recepcao/ViewModels/AgendaViewModel.cs,324,VerDiaPlanejamento
Clinica,src/Clinica.Modulo.Recepcao/ViewModels/AgendaViewModel.cs,325,VerSemanaPlanejamento
Clinica,src/Clinica.Modulo.Recepcao/ViewModels/AgendaViewModel.cs,326,BuscarVagasPlanejamentoAsync
Clinica,src/Clinica.Modulo.Recepcao/ViewModels/AgendaViewModel.cs,327,EscolherVagaPlanejamentoAsync
Clinica,src/Clinica.Modulo.Recepcao/ViewModels/AgendaViewModel.cs,329,MarcarAtendimento
Clinica,src/Clinica.Modulo.Recepcao/ViewModels/AgendaViewModel.cs,546,CarregarAsync
Clinica,src/Clinica.Modulo.Recepcao/ViewModels/AgendaViewModel.cs,548,CarregarAsync
Clinica,src/Clinica.Modulo.Recepcao/ViewModels/AgendaViewModel.cs,767,ReconferirAsync
Clinica,src/Clinica.Modulo.Recepcao/ViewModels/AgendaViewModel.cs,798,AoEntrarEmCena
Clinica,src/Clinica.Modulo.Recepcao/ViewModels/AgendaViewModel.cs,818,RelerAoVoltarAsync
Clinica,src/Clinica.Modulo.Recepcao/ViewModels/AgendaViewModel.cs,844,ConsumirPedidoDeDia
Clinica,src/Clinica.Modulo.Recepcao/ViewModels/AgendaViewModel.cs,871,CarregarConfirmacoesAsync
Clinica,src/Clinica.Modulo.Recepcao/ViewModels/AgendaViewModel.cs,895,Confirmacao
Clinica,src/Clinica.Modulo.Recepcao/ViewModels/AgendaViewModel.cs,906,AoSairDeCena
Clinica,src/Clinica.Modulo.Recepcao/ViewModels/AgendaViewModel.cs,918,MontarSemanaAsync
Clinica,src/Clinica.Modulo.Recepcao/ViewModels/AgendaViewModel.cs,996,MontarColuna
Clinica,src/Clinica.Modulo.Recepcao/ViewModels/AgendaViewModel.cs,1060,DescreverLancamento
Clinica,src/Clinica.Modulo.Recepcao/ViewModels/AgendaViewModel.cs,1081,MontarGrade
Clinica,src/Clinica.Modulo.Recepcao/ViewModels/AgendaViewModel.cs,1169,CarregarBloqueiosAsync
Clinica,src/Clinica.Modulo.Recepcao/ViewModels/AgendaViewModel.cs,1200,SegundaDa
Clinica,src/Clinica.Modulo.Recepcao/ViewModels/AgendaViewModel.cs,1210,BloqueioDe
Clinica,src/Clinica.Modulo.Recepcao/ViewModels/AgendaViewModel.cs,1225,FechamentosDoDia
Clinica,src/Clinica.Modulo.Recepcao/ViewModels/AgendaViewModel.cs,1234,ExpedienteDe
Clinica,src/Clinica.Modulo.Recepcao/ViewModels/AgendaViewModel.cs,1244,Piso
Clinica,src/Clinica.Modulo.Recepcao/ViewModels/AgendaViewModel.cs,1259,CarregarEsperaAsync
Clinica,src/Clinica.Modulo.Recepcao/ViewModels/AgendaViewModel.cs,1288,DescreverPreferencias
Clinica,src/Clinica.Modulo.Recepcao/ViewModels/AgendaViewModel.cs,1322,NovoHorarioAsync
Clinica,src/Clinica.Modulo.Recepcao/ViewModels/AgendaViewModel.cs,1342,IrParaNovoAtendimento
Clinica,src/Clinica.Modulo.Recepcao/ViewModels/AgendaViewModel.cs,1376,AgendarNaFaixaAsync
Clinica,src/Clinica.Modulo.Recepcao/ViewModels/AgendaViewModel.cs,1420,AbrirHorarioAsync
Clinica,src/Clinica.Modulo.Recepcao/ViewModels/AgendaViewModel.cs,1448,RemarcarAsync
Clinica,src/Clinica.Modulo.Recepcao/ViewModels/AgendaViewModel.cs,1458,ChamarDaEsperaAsync
Clinica,src/Clinica.Modulo.Recepcao/ViewModels/AgendaViewModel.cs,1486,QuemChamarAsync
Clinica,src/Clinica.Modulo.Recepcao/ViewModels/AgendaViewModel.cs,1522,AbrirEsperaAsync
Clinica,src/Clinica.Modulo.Recepcao/ViewModels/AgendaViewModel.cs,1547,FecharAgendaAsync
Clinica,src/Clinica.Modulo.Recepcao/ViewModels/AgendaViewModel.cs,1568,ConfigurarHorariosAsync
Clinica,src/Clinica.Modulo.Recepcao/ViewModels/AgendaViewModel.cs,1597,Dono
Clinica,src/Clinica.Modulo.Recepcao/ViewModels/AgendaViewModel.cs,1604,VerListaInteiraAsync
Clinica,src/Clinica.Modulo.Recepcao/ViewModels/AgendaViewModel.cs,1620,ConfirmarSessoesAsync
Clinica,src/Clinica.Modulo.Recepcao/ViewModels/AgendaViewModel.cs,1644,ConciliarAgendaAsync
Clinica,src/Clinica.Modulo.Recepcao/ViewModels/AgendaViewModel.cs,1665,CancelarSerieAsync
Clinica,src/Clinica.Modulo.Recepcao/ViewModels/AgendaViewModel.cs,1729,NovoPedidoEsperaAsync
Clinica,src/Clinica.Modulo.Recepcao/ViewModels/AgendaViewModel.cs,1746,RemoverDaEsperaAsync
Clinica,src/Clinica.Modulo.Recepcao/ViewModels/AgendaViewModel.cs,1766,CancelarAsync
Clinica,src/Clinica.Modulo.Recepcao/ViewModels/AgendaViewModel.cs,1793,MarcarFaltaAsync
Clinica,src/Clinica.Modulo.Recepcao/ViewModels/AgendaViewModel.cs,1818,ApontarEsperaPara
Clinica,src/Clinica.Modulo.Recepcao/ViewModels/AgendaViewModel.cs,1831,Confirmar
Clinica,src/Clinica.Modulo.Recepcao/ViewModels/AgendaViewModel.cs,1851,AbrirFormularioAsync
Clinica,src/Clinica.Modulo.Recepcao/ViewModels/AgendaViewModel.cs,1873,ExecutarAsync
Clinica,src/Clinica.Modulo.Recepcao/ViewModels/AgendaViewModel.cs,1892,DiaAnterior
Clinica,src/Clinica.Modulo.Recepcao/ViewModels/AgendaViewModel.cs,1895,ProximoDia
Clinica,src/Clinica.Modulo.Recepcao/ViewModels/AgendaViewModel.cs,1898,Hoje
Clinica,src/Clinica.Modulo.Recepcao/ViewModels/AgendaViewModel.cs,1908,ImprimirAgendaAsync
Clinica,src/Clinica.Modulo.Recepcao/ViewModels/AgendaViewModel.cs,1949,ComprovanteAsync
Clinica,src/Clinica.Modulo.Recepcao/ViewModels/AgendaViewModel.cs,1983,Rotular
Clinica,src/Clinica.Modulo.Recepcao/ViewModels/AgendamentoEdicaoViewModel.cs,191,FiltrarAtendimentos
Clinica,src/Clinica.Modulo.Recepcao/ViewModels/AgendamentoEdicaoViewModel.cs,205,FiltrarEspecialidades
Clinica,src/Clinica.Modulo.Recepcao/ViewModels/AgendamentoEdicaoViewModel.cs,217,AoTrocarPaciente
Clinica,src/Clinica.Modulo.Recepcao/ViewModels/AgendamentoEdicaoViewModel.cs,239,ConferirJaLancadoAsync
Clinica,src/Clinica.Modulo.Recepcao/ViewModels/AgendamentoEdicaoViewModel.cs,287,ConferirElegibilidadeAsync
Clinica,src/Clinica.Modulo.Recepcao/ViewModels/AgendamentoEdicaoViewModel.cs,344,CarregarAsync
Clinica,src/Clinica.Modulo.Recepcao/ViewModels/AgendamentoEdicaoViewModel.cs,385,CarregarExistenteAsync
Clinica,src/Clinica.Modulo.Recepcao/ViewModels/AgendamentoEdicaoViewModel.cs,431,ConferirConflitosAsync
Clinica,src/Clinica.Modulo.Recepcao/ViewModels/AgendamentoEdicaoViewModel.cs,471,SalvarAsync
Clinica,src/Clinica.Modulo.Recepcao/ViewModels/AgendamentoEdicaoViewModel.cs,615,AssumirEncaixeAsync
Clinica,src/Clinica.Modulo.Recepcao/ViewModels/AgendamentoEdicaoViewModel.cs,621,DuracaoInformada
Clinica,src/Clinica.Modulo.Recepcao/ViewModels/AgendamentoEdicaoViewModel.cs,624,TentarMontarDataHora
Clinica,src/Clinica.Modulo.Recepcao/ViewModels/AgendamentoEdicaoViewModel.cs,632,Erro
Clinica,src/Clinica.Modulo.Recepcao/ViewModels/AutorizacaoEdicaoViewModel.cs,85,CarregarAsync
Clinica,src/Clinica.Modulo.Recepcao/ViewModels/AutorizacaoEdicaoViewModel.cs,130,Salvar
Clinica,src/Clinica.Modulo.Recepcao/ViewModels/BloqueioEdicaoViewModel.cs,62,CarregarAsync
Clinica,src/Clinica.Modulo.Recepcao/ViewModels/BloqueioEdicaoViewModel.cs,84,SalvarAsync
Clinica,src/Clinica.Modulo.Recepcao/ViewModels/BloqueioEdicaoViewModel.cs,149,TentarMontar
Clinica,src/Clinica.Modulo.Recepcao/ViewModels/BloqueioEdicaoViewModel.cs,157,Erro
Clinica,src/Clinica.Modulo.Recepcao/ViewModels/ConciliacaoAgendaViewModel.cs,143,CarregarAsync
Clinica,src/Clinica.Modulo.Recepcao/ViewModels/ConciliacaoAgendaViewModel.cs,211,MarcarFaltaAsync
Clinica,src/Clinica.Modulo.Recepcao/ViewModels/ConciliacaoAgendaViewModel.cs,234,LancarRetroativoAsync
Clinica,src/Clinica.Modulo.Recepcao/ViewModels/ConciliacaoAgendaViewModel.cs,274,SubstituirAsync
Clinica,src/Clinica.Modulo.Recepcao/ViewModels/ConciliacaoAgendaViewModel.cs,330,ExecutarAsync
Clinica,src/Clinica.Modulo.Recepcao/ViewModels/ConciliacaoAgendaViewModel.cs,354,Avisar
Clinica,src/Clinica.Modulo.Recepcao/ViewModels/ConciliacaoAgendaViewModel.cs,360,LimparMensagem
Clinica,src/Clinica.Modulo.Recepcao/ViewModels/ConfirmacoesViewModel.cs,90,CarregarAsync
Clinica,src/Clinica.Modulo.Recepcao/ViewModels/ConfirmacoesViewModel.cs,158,Descrever
Clinica,src/Clinica.Modulo.Recepcao/ViewModels/ConfirmacoesViewModel.cs,169,Canal
Clinica,src/Clinica.Modulo.Recepcao/ViewModels/ConfirmacoesViewModel.cs,184,EnviarEmailsAsync
Clinica,src/Clinica.Modulo.Recepcao/ViewModels/ConfirmacoesViewModel.cs,214,GerarAsync
Clinica,src/Clinica.Modulo.Recepcao/ViewModels/ConfirmacoesViewModel.cs,254,EnviarAsync
Clinica,src/Clinica.Modulo.Recepcao/ViewModels/ConfirmacoesViewModel.cs,291,ConfirmouAsync
Clinica,src/Clinica.Modulo.Recepcao/ViewModels/ConfirmacoesViewModel.cs,315,Amanha
Clinica,src/Clinica.Modulo.Recepcao/ViewModels/ConfirmacoesViewModel.cs,317,Erro
Clinica,src/Clinica.Modulo.Recepcao/ViewModels/ConsultasViewModel.cs,54,De
Clinica,src/Clinica.Modulo.Recepcao/ViewModels/ConsultasViewModel.cs,146,LimparFiltro
Clinica,src/Clinica.Modulo.Recepcao/ViewModels/ConsultasViewModel.cs,198,CarregarAsync
Clinica,src/Clinica.Modulo.Recepcao/ViewModels/ConsultasViewModel.cs,201,RecarregarAsync
Clinica,src/Clinica.Modulo.Recepcao/ViewModels/ConsultasViewModel.cs,268,Refiltrar
Clinica,src/Clinica.Modulo.Recepcao/ViewModels/ConsultasViewModel.cs,300,RenovarAsync
Clinica,src/Clinica.Modulo.Recepcao/ViewModels/ConsultasViewModel.cs,336,Erro
Clinica,src/Clinica.Modulo.Recepcao/ViewModels/ConsultasViewModel.cs,342,Info
Clinica,src/Clinica.Modulo.Recepcao/ViewModels/DocumentosViewModel.cs,122,PacienteDeHoje
Clinica,src/Clinica.Modulo.Recepcao/ViewModels/DocumentosViewModel.cs,291,TrocarPaciente
Clinica,src/Clinica.Modulo.Recepcao/ViewModels/DocumentosViewModel.cs,406,CarregarDeHojeAsync
Clinica,src/Clinica.Modulo.Recepcao/ViewModels/DocumentosViewModel.cs,464,EscolherDeHoje
Clinica,src/Clinica.Modulo.Recepcao/ViewModels/DocumentosViewModel.cs,478,AtualizarContextoDoPaciente
Clinica,src/Clinica.Modulo.Recepcao/ViewModels/DocumentosViewModel.cs,496,MontarCatalogo
Clinica,src/Clinica.Modulo.Recepcao/ViewModels/DocumentosViewModel.cs,537,AtualizarDisponibilidade
Clinica,src/Clinica.Modulo.Recepcao/ViewModels/DocumentosViewModel.cs,606,EscolherFolha
Clinica,src/Clinica.Modulo.Recepcao/ViewModels/DocumentosViewModel.cs,617,AtualizarPrevia
Clinica,src/Clinica.Modulo.Recepcao/ViewModels/DocumentosViewModel.cs,637,CarregarAsync
Clinica,src/Clinica.Modulo.Recepcao/ViewModels/DocumentosViewModel.cs,701,NoAr
Clinica,src/Clinica.Modulo.Recepcao/ViewModels/DocumentosViewModel.cs,710,PodeMexer
Clinica,src/Clinica.Modulo.Recepcao/ViewModels/DocumentosViewModel.cs,721,DocumentoDe
Clinica,src/Clinica.Modulo.Recepcao/ViewModels/DocumentosViewModel.cs,742,Montar
Clinica,src/Clinica.Modulo.Recepcao/ViewModels/DocumentosViewModel.cs,799,ConferirAsync
Clinica,src/Clinica.Modulo.Recepcao/ViewModels/DocumentosViewModel.cs,863,ReimprimirConferidoAsync
Clinica,src/Clinica.Modulo.Recepcao/ViewModels/DocumentosViewModel.cs,872,GerarAsync
Clinica,src/Clinica.Modulo.Recepcao/ViewModels/DocumentosViewModel.cs,921,AbrirJanelaAsync
Clinica,src/Clinica.Modulo.Recepcao/ViewModels/DocumentosViewModel.cs,954,ColherTermoAsync
Clinica,src/Clinica.Modulo.Recepcao/ViewModels/DocumentosViewModel.cs,980,AbrirOrcamentoAsync
Clinica,src/Clinica.Modulo.Recepcao/ViewModels/DocumentosViewModel.cs,1005,EmitirMontadaAsync
Clinica,src/Clinica.Modulo.Recepcao/ViewModels/DocumentosViewModel.cs,1041,GerarFechamentoAsync
Clinica,src/Clinica.Modulo.Recepcao/ViewModels/DocumentosViewModel.cs,1076,AplicarNoDocumentoAsync
Clinica,src/Clinica.Modulo.Recepcao/ViewModels/DocumentosViewModel.cs,1093,ReimprimirAsync
Clinica,src/Clinica.Modulo.Recepcao/ViewModels/DocumentosViewModel.cs,1138,AssinarAsync
Clinica,src/Clinica.Modulo.Recepcao/ViewModels/DocumentosViewModel.cs,1150,EnviarAsync
Clinica,src/Clinica.Modulo.Recepcao/ViewModels/DocumentosViewModel.cs,1164,RenovarLinkAsync
Clinica,src/Clinica.Modulo.Recepcao/ViewModels/DocumentosViewModel.cs,1176,TirarDoArAsync
Clinica,src/Clinica.Modulo.Recepcao/ViewModels/DocumentosViewModel.cs,1188,CancelarAsync
Clinica,src/Clinica.Modulo.Recepcao/ViewModels/EquipeViewModel.cs,118,CarregarAsync
Clinica,src/Clinica.Modulo.Recepcao/ViewModels/EquipeViewModel.cs,211,NovoProfissionalAsync
Clinica,src/Clinica.Modulo.Recepcao/ViewModels/EquipeViewModel.cs,214,EditarProfissionalAsync
Clinica,src/Clinica.Modulo.Recepcao/ViewModels/EquipeViewModel.cs,221,ExcluirProfissionalAsync
Clinica,src/Clinica.Modulo.Recepcao/ViewModels/EquipeViewModel.cs,238,NovaSalaAsync
Clinica,src/Clinica.Modulo.Recepcao/ViewModels/EquipeViewModel.cs,241,EditarSalaAsync
Clinica,src/Clinica.Modulo.Recepcao/ViewModels/EquipeViewModel.cs,248,ExcluirSalaAsync
Clinica,src/Clinica.Modulo.Recepcao/ViewModels/EquipeViewModel.cs,264,NovoBloqueioAsync
Clinica,src/Clinica.Modulo.Recepcao/ViewModels/EquipeViewModel.cs,305,RemarcarBloqueioAsync
Clinica,src/Clinica.Modulo.Recepcao/ViewModels/EquipeViewModel.cs,364,Descrever
Clinica,src/Clinica.Modulo.Recepcao/ViewModels/EquipeViewModel.cs,371,ExcluirBloqueioAsync
Clinica,src/Clinica.Modulo.Recepcao/ViewModels/EquipeViewModel.cs,398,AbrirProfissionalAsync
Clinica,src/Clinica.Modulo.Recepcao/ViewModels/EquipeViewModel.cs,412,AbrirSalaAsync
Clinica,src/Clinica.Modulo.Recepcao/ViewModels/EquipeViewModel.cs,426,ExecutarAsync
Clinica,src/Clinica.Modulo.Recepcao/ViewModels/EstornoAtendimentoViewModel.cs,99,CarregarAsync
Clinica,src/Clinica.Modulo.Recepcao/ViewModels/EstornoAtendimentoViewModel.cs,154,EstornarAsync
Clinica,src/Clinica.Modulo.Recepcao/ViewModels/EstornoAtendimentoViewModel.cs,198,Avisar
Clinica,src/Clinica.Modulo.Recepcao/ViewModels/FabricaListaPacientes.cs,4,FabricaListaPacientes
Clinica,src/Clinica.Modulo.Recepcao/ViewModels/FabricaListaPacientes.cs,6,Criar
Clinica,src/Clinica.Modulo.Recepcao/ViewModels/FechamentoSessaoViewModel.cs,28,OpcaoCategoriaFechamento
Clinica,src/Clinica.Modulo.Recepcao/ViewModels/FechamentoSessaoViewModel.cs,204,CarregarAsync
Clinica,src/Clinica.Modulo.Recepcao/ViewModels/FechamentoSessaoViewModel.cs,266,CarregarCategoriasAsync
Clinica,src/Clinica.Modulo.Recepcao/ViewModels/FechamentoSessaoViewModel.cs,289,ConfirmarAsync
Clinica,src/Clinica.Modulo.Recepcao/ViewModels/FechamentoSessaoViewModel.cs,390,Erro
Clinica,src/Clinica.Modulo.Recepcao/ViewModels/FichaAdministrativaPaciente.cs,42,Preparar
Clinica,src/Clinica.Modulo.Recepcao/ViewModels/FichaAdministrativaPaciente.cs,58,DefinirPaciente
Clinica,src/Clinica.Modulo.Recepcao/ViewModels/FichaAdministrativaPaciente.cs,65,CarregarAsync
Clinica,src/Clinica.Modulo.Recepcao/ViewModels/FichaAdministrativaPaciente.cs,72,AtualizarAsync
Clinica,src/Clinica.Modulo.Recepcao/ViewModels/FichaAdministrativaPaciente.cs,79,CarregarFichaAsync
Clinica,src/Clinica.Modulo.Recepcao/ViewModels/FichaPacienteViewModel.cs,35,De
Clinica,src/Clinica.Modulo.Recepcao/ViewModels/FichaPacienteViewModel.cs,51,Resumir
Clinica,src/Clinica.Modulo.Recepcao/ViewModels/FichaPacienteViewModel.cs,86,De
Clinica,src/Clinica.Modulo.Recepcao/ViewModels/FichaPacienteViewModel.cs,204,De
Clinica,src/Clinica.Modulo.Recepcao/ViewModels/FichaPacienteViewModel.cs,267,De
Clinica,src/Clinica.Modulo.Recepcao/ViewModels/FichaPacienteViewModel.cs,465,RenovarConsultaAsync
Clinica,src/Clinica.Modulo.Recepcao/ViewModels/FichaPacienteViewModel.cs,646,CancelarRegistroAsync
Clinica,src/Clinica.Modulo.Recepcao/ViewModels/FichaPacienteViewModel.cs,661,AbrirRegistroAsync
Clinica,src/Clinica.Modulo.Recepcao/ViewModels/FichaPacienteViewModel.cs,679,VerRegistroAsync
Clinica,src/Clinica.Modulo.Recepcao/ViewModels/FichaPacienteViewModel.cs,691,VerSessaoAsync
Clinica,src/Clinica.Modulo.Recepcao/ViewModels/FichaPacienteViewModel.cs,721,AbrirArquivoDaFichaAsync
Clinica,src/Clinica.Modulo.Recepcao/ViewModels/FichaPacienteViewModel.cs,737,CancelarArquivoDaFichaAsync
Clinica,src/Clinica.Modulo.Recepcao/ViewModels/FichaPacienteViewModel.cs,761,AbrirAsync
Clinica,src/Clinica.Modulo.Recepcao/ViewModels/FichaPacienteViewModel.cs,795,CarregarAsync
Clinica,src/Clinica.Modulo.Recepcao/ViewModels/FichaPacienteViewModel.cs,872,AplicarCadastro
Clinica,src/Clinica.Modulo.Recepcao/ViewModels/FichaPacienteViewModel.cs,914,CarregarProntuarioAsync
Clinica,src/Clinica.Modulo.Recepcao/ViewModels/FichaPacienteViewModel.cs,946,RegistrarEnfermagemAsync
Clinica,src/Clinica.Modulo.Recepcao/ViewModels/FichaPacienteViewModel.cs,965,AplicarEvolucaoDaDor
Clinica,src/Clinica.Modulo.Recepcao/ViewModels/FichaPacienteViewModel.cs,997,CarregarFaltasAsync
Clinica,src/Clinica.Modulo.Recepcao/ViewModels/FichaPacienteViewModel.cs,1044,CarregarProximosHorariosAsync
Clinica,src/Clinica.Modulo.Recepcao/ViewModels/FichaPacienteViewModel.cs,1080,AbrirNaAgenda
Clinica,src/Clinica.Modulo.Recepcao/ViewModels/FichaPacienteViewModel.cs,1108,CarregarAutorizacoesAsync
Clinica,src/Clinica.Modulo.Recepcao/ViewModels/FichaPacienteViewModel.cs,1137,NovaAutorizacaoAsync
Clinica,src/Clinica.Modulo.Recepcao/ViewModels/FichaPacienteViewModel.cs,1141,EditarAutorizacaoAsync
Clinica,src/Clinica.Modulo.Recepcao/ViewModels/FichaPacienteViewModel.cs,1144,AbrirAutorizacaoAsync
Clinica,src/Clinica.Modulo.Recepcao/ViewModels/FichaPacienteViewModel.cs,1183,ExcluirAutorizacaoAsync
Clinica,src/Clinica.Modulo.Recepcao/ViewModels/FichaPacienteViewModel.cs,1213,CarregarConsentimentosAsync
Clinica,src/Clinica.Modulo.Recepcao/ViewModels/FichaPacienteViewModel.cs,1241,CarregarCrmAsync
Clinica,src/Clinica.Modulo.Recepcao/ViewModels/FichaPacienteViewModel.cs,1272,CarregarTermosAsync
Clinica,src/Clinica.Modulo.Recepcao/ViewModels/FichaPacienteViewModel.cs,1333,CarregarDocumentosAsync
Clinica,src/Clinica.Modulo.Recepcao/ViewModels/FichaPacienteViewModel.cs,1396,AplicarTermoLgpd
Clinica,src/Clinica.Modulo.Recepcao/ViewModels/FichaPacienteViewModel.cs,1451,Descrever
Clinica,src/Clinica.Modulo.Recepcao/ViewModels/FichaPacienteViewModel.cs,1471,CarregarElegibilidadeAsync
Clinica,src/Clinica.Modulo.Recepcao/ViewModels/FichaPacienteViewModel.cs,1503,EditarAsync
Clinica,src/Clinica.Modulo.Recepcao/ViewModels/FichaPacienteViewModel.cs,1525,NovaEvolucaoAsync
Clinica,src/Clinica.Modulo.Recepcao/ViewModels/FichaPacienteViewModel.cs,1547,CancelarSessaoAsync
Clinica,src/Clinica.Modulo.Recepcao/ViewModels/FichaPacienteViewModel.cs,1576,AbrirEvolucaoAsync
Clinica,src/Clinica.Modulo.Recepcao/ViewModels/FichaPacienteViewModel.cs,1620,ColherTermoLgpdAsync
Clinica,src/Clinica.Modulo.Recepcao/ViewModels/FichaPacienteViewModel.cs,1660,RevogarAsync
Clinica,src/Clinica.Modulo.Recepcao/ViewModels/FichaPacienteViewModel.cs,1692,NovoDocumentoAsync
Clinica,src/Clinica.Modulo.Recepcao/ViewModels/FichaPacienteViewModel.cs,1732,ColherTermoAsync
Clinica,src/Clinica.Modulo.Recepcao/ViewModels/FichaPacienteViewModel.cs,1772,ColherTermoAvulsoAsync
Clinica,src/Clinica.Modulo.Recepcao/ViewModels/FichaPacienteViewModel.cs,1778,AbrirColetaAsync
Clinica,src/Clinica.Modulo.Recepcao/ViewModels/FichaPacienteViewModel.cs,1821,EmitirRelatorioAsync
Clinica,src/Clinica.Modulo.Recepcao/ViewModels/FichaPacienteViewModel.cs,1826,EmitirAnamneseAsync
Clinica,src/Clinica.Modulo.Recepcao/ViewModels/FichaPacienteViewModel.cs,1829,EmitirMontadoAsync
Clinica,src/Clinica.Modulo.Recepcao/ViewModels/FichaPacienteViewModel.cs,1889,AplicarNoDocumentoAsync
Clinica,src/Clinica.Modulo.Recepcao/ViewModels/FichaPacienteViewModel.cs,1902,ImprimirDocumentoAsync
Clinica,src/Clinica.Modulo.Recepcao/ViewModels/FichaPacienteViewModel.cs,1916,AssinarDocumentoAsync
Clinica,src/Clinica.Modulo.Recepcao/ViewModels/FichaPacienteViewModel.cs,1925,EnviarDocumentoAsync
Clinica,src/Clinica.Modulo.Recepcao/ViewModels/FichaPacienteViewModel.cs,1934,RenovarLinkDocumentoAsync
Clinica,src/Clinica.Modulo.Recepcao/ViewModels/FichaPacienteViewModel.cs,1943,TirarDoArDocumentoAsync
Clinica,src/Clinica.Modulo.Recepcao/ViewModels/FichaPacienteViewModel.cs,1955,CancelarDocumentoAsync
Clinica,src/Clinica.Modulo.Recepcao/ViewModels/FichaPacienteViewModel.cs,1972,ExportarDadosAsync
Clinica,src/Clinica.Modulo.Recepcao/ViewModels/FichaPacienteViewModel.cs,2036,AnonimizarAsync
Clinica,src/Clinica.Modulo.Recepcao/ViewModels/FichaPacienteViewModel.cs,2098,ReceberDividaAsync
Clinica,src/Clinica.Modulo.Recepcao/ViewModels/FichaPacienteViewModel.cs,2125,AbrirWhatsapp
Clinica,src/Clinica.Modulo.Recepcao/ViewModels/FichaPacienteViewModel.cs,2154,De
Clinica,src/Clinica.Modulo.Recepcao/ViewModels/FichaPacienteViewModel.cs,2173,DiaDaSemana
Clinica,src/Clinica.Modulo.Recepcao/ViewModels/FilaViewModel.cs,448,MarcarAtendimento
Clinica,src/Clinica.Modulo.Recepcao/ViewModels/FilaViewModel.cs,693,ReconferirAsync
Clinica,src/Clinica.Modulo.Recepcao/ViewModels/FilaViewModel.cs,727,AoEntrarEmCena
Clinica,src/Clinica.Modulo.Recepcao/ViewModels/FilaViewModel.cs,745,RelerAoVoltarAsync
Clinica,src/Clinica.Modulo.Recepcao/ViewModels/FilaViewModel.cs,761,AoSairDeCena
Clinica,src/Clinica.Modulo.Recepcao/ViewModels/FilaViewModel.cs,770,CarregarAsync
Clinica,src/Clinica.Modulo.Recepcao/ViewModels/FilaViewModel.cs,781,CarregarAsync
Clinica,src/Clinica.Modulo.Recepcao/ViewModels/FilaViewModel.cs,980,DescreverLancamento
Clinica,src/Clinica.Modulo.Recepcao/ViewModels/FilaViewModel.cs,995,MontarChips
Clinica,src/Clinica.Modulo.Recepcao/ViewModels/FilaViewModel.cs,1031,MontarQuadro
Clinica,src/Clinica.Modulo.Recepcao/ViewModels/FilaViewModel.cs,1134,Filtrar
Clinica,src/Clinica.Modulo.Recepcao/ViewModels/FilaViewModel.cs,1145,AtualizarEsperas
Clinica,src/Clinica.Modulo.Recepcao/ViewModels/FilaViewModel.cs,1198,AvancarAsync
Clinica,src/Clinica.Modulo.Recepcao/ViewModels/FilaViewModel.cs,1230,EhParticular
Clinica,src/Clinica.Modulo.Recepcao/ViewModels/FilaViewModel.cs,1236,FecharSessaoAsync
Clinica,src/Clinica.Modulo.Recepcao/ViewModels/FilaViewModel.cs,1289,RegistrarChegadaAsync
Clinica,src/Clinica.Modulo.Recepcao/ViewModels/FilaViewModel.cs,1331,FinalizarAsync
Clinica,src/Clinica.Modulo.Recepcao/ViewModels/FilaViewModel.cs,1428,AnunciarFechamento
Clinica,src/Clinica.Modulo.Recepcao/ViewModels/FilaViewModel.cs,1455,ColherTermoAsync
Clinica,src/Clinica.Modulo.Recepcao/ViewModels/FilaViewModel.cs,1535,AbrirFichaAsync
Clinica,src/Clinica.Modulo.Recepcao/ViewModels/FilaViewModel.cs,1551,ConferirElegibilidadeAsync
Clinica,src/Clinica.Modulo.Recepcao/ViewModels/FilaViewModel.cs,1586,MarcarFaltaAsync
Clinica,src/Clinica.Modulo.Recepcao/ViewModels/FilaViewModel.cs,1606,CancelarAsync
Clinica,src/Clinica.Modulo.Recepcao/ViewModels/FilaViewModel.cs,1626,ExecutarAsync
Clinica,src/Clinica.Modulo.Recepcao/ViewModels/FilaViewModel.cs,1652,NovoHorario
Clinica,src/Clinica.Modulo.Recepcao/ViewModels/FilaViewModel.cs,1701,EditarHorarioAsync
Clinica,src/Clinica.Modulo.Recepcao/ViewModels/FilaViewModel.cs,1750,AbrirNaGrade
Clinica,src/Clinica.Modulo.Recepcao/ViewModels/FilaViewModel.cs,1765,AbrirGradeNoDia
Clinica,src/Clinica.Modulo.Recepcao/ViewModels/FilaViewModel.cs,1773,DiaAnterior
Clinica,src/Clinica.Modulo.Recepcao/ViewModels/FilaViewModel.cs,1776,ProximoDia
Clinica,src/Clinica.Modulo.Recepcao/ViewModels/FilaViewModel.cs,1779,Hoje
Clinica,src/Clinica.Modulo.Recepcao/ViewModels/HorariosProfissionalViewModel.cs,54,CarregarAsync
Clinica,src/Clinica.Modulo.Recepcao/ViewModels/HorariosProfissionalViewModel.cs,88,CarregarBloqueiosAsync
Clinica,src/Clinica.Modulo.Recepcao/ViewModels/HorariosProfissionalViewModel.cs,113,SalvarAsync
Clinica,src/Clinica.Modulo.Recepcao/ViewModels/LancamentosViewModel.cs,160,Livre
Clinica,src/Clinica.Modulo.Recepcao/ViewModels/LancamentosViewModel.cs,163,CarregarAsync
Clinica,src/Clinica.Modulo.Recepcao/ViewModels/LancamentosViewModel.cs,178,BuscarAsync
Clinica,src/Clinica.Modulo.Recepcao/ViewModels/LancamentosViewModel.cs,231,LimparFiltros
Clinica,src/Clinica.Modulo.Recepcao/ViewModels/LancamentosViewModel.cs,245,EstornarAsync
Clinica,src/Clinica.Modulo.Recepcao/ViewModels/LancamentosViewModel.cs,271,RemontarOpcoes
Clinica,src/Clinica.Modulo.Recepcao/ViewModels/LancamentosViewModel.cs,286,Repovoar
Clinica,src/Clinica.Modulo.Recepcao/ViewModels/LancamentosViewModel.cs,307,Aplicar
Clinica,src/Clinica.Modulo.Recepcao/ViewModels/LancamentosViewModel.cs,317,Passa
Clinica,src/Clinica.Modulo.Recepcao/ViewModels/LancamentosViewModel.cs,323,Avisar
Clinica,src/Clinica.Modulo.Recepcao/ViewModels/LancamentosViewModel.cs,329,MontarLinha
Clinica,src/Clinica.Modulo.Recepcao/ViewModels/LancamentosViewModel.cs,385,DescreverLancamento
Clinica,src/Clinica.Modulo.Recepcao/ViewModels/ListaEsperaEdicaoViewModel.cs,13,OpcaoPeriodo
Clinica,src/Clinica.Modulo.Recepcao/ViewModels/ListaEsperaEdicaoViewModel.cs,15,ToString
Clinica,src/Clinica.Modulo.Recepcao/ViewModels/ListaEsperaEdicaoViewModel.cs,67,CarregarAsync
Clinica,src/Clinica.Modulo.Recepcao/ViewModels/ListaEsperaEdicaoViewModel.cs,92,SalvarAsync
Clinica,src/Clinica.Modulo.Recepcao/ViewModels/ListaEsperaEdicaoViewModel.cs,138,Erro
Clinica,src/Clinica.Modulo.Recepcao/ViewModels/NovoAtendimentoViewModel.cs,26,CodigoLancado
Clinica,src/Clinica.Modulo.Recepcao/ViewModels/NovoAtendimentoViewModel.cs,63,RotularTipo
Clinica,src/Clinica.Modulo.Recepcao/ViewModels/NovoAtendimentoViewModel.cs,116,LinhaPrevia
Clinica,src/Clinica.Modulo.Recepcao/ViewModels/NovoAtendimentoViewModel.cs,126,LinhaAlertaElegibilidade
Clinica,src/Clinica.Modulo.Recepcao/ViewModels/NovoAtendimentoViewModel.cs,253,AlternarGuia
Clinica,src/Clinica.Modulo.Recepcao/ViewModels/NovoAtendimentoViewModel.cs,310,FixarModo
Clinica,src/Clinica.Modulo.Recepcao/ViewModels/NovoAtendimentoViewModel.cs,465,Avisar
Clinica,src/Clinica.Modulo.Recepcao/ViewModels/NovoAtendimentoViewModel.cs,472,LimparMensagem
Clinica,src/Clinica.Modulo.Recepcao/ViewModels/NovoAtendimentoViewModel.cs,705,PacientesComHorarioHojeAsync
Clinica,src/Clinica.Modulo.Recepcao/ViewModels/NovoAtendimentoViewModel.cs,825,ConferirConflitosAsync
Clinica,src/Clinica.Modulo.Recepcao/ViewModels/NovoAtendimentoViewModel.cs,871,DuracaoInformada
Clinica,src/Clinica.Modulo.Recepcao/ViewModels/NovoAtendimentoViewModel.cs,886,AtualizarOpcoesPrimeiroCodigo
Clinica,src/Clinica.Modulo.Recepcao/ViewModels/NovoAtendimentoViewModel.cs,914,CarregarAsync
Clinica,src/Clinica.Modulo.Recepcao/ViewModels/NovoAtendimentoViewModel.cs,932,SelecionarPacientePedidoAsync
Clinica,src/Clinica.Modulo.Recepcao/ViewModels/NovoAtendimentoViewModel.cs,966,AplicarPedidoPendenteAsync
Clinica,src/Clinica.Modulo.Recepcao/ViewModels/NovoAtendimentoViewModel.cs,994,ProximasVagasAsync
Clinica,src/Clinica.Modulo.Recepcao/ViewModels/NovoAtendimentoViewModel.cs,1036,CarregarEquipeAsync
Clinica,src/Clinica.Modulo.Recepcao/ViewModels/NovoAtendimentoViewModel.cs,1074,LerChaveGuiaNaMarcacaoAsync
Clinica,src/Clinica.Modulo.Recepcao/ViewModels/NovoAtendimentoViewModel.cs,1103,ConsumirPreenchimento
Clinica,src/Clinica.Modulo.Recepcao/ViewModels/NovoAtendimentoViewModel.cs,1142,CarregarCatalogos
Clinica,src/Clinica.Modulo.Recepcao/ViewModels/NovoAtendimentoViewModel.cs,1160,FiltrarEspecialidades
Clinica,src/Clinica.Modulo.Recepcao/ViewModels/NovoAtendimentoViewModel.cs,1177,AtualizarFichaDaGuia
Clinica,src/Clinica.Modulo.Recepcao/ViewModels/NovoAtendimentoViewModel.cs,1194,MontarMetaDoPaciente
Clinica,src/Clinica.Modulo.Recepcao/ViewModels/NovoAtendimentoViewModel.cs,1216,FormatarDocumento
Clinica,src/Clinica.Modulo.Recepcao/ViewModels/NovoAtendimentoViewModel.cs,1228,AoTrocarPaciente
Clinica,src/Clinica.Modulo.Recepcao/ViewModels/NovoAtendimentoViewModel.cs,1303,VerificarElegibilidadeAsync
Clinica,src/Clinica.Modulo.Recepcao/ViewModels/NovoAtendimentoViewModel.cs,1342,ReceberDividaAsync
Clinica,src/Clinica.Modulo.Recepcao/ViewModels/NovoAtendimentoViewModel.cs,1383,VenderPacoteAsync
Clinica,src/Clinica.Modulo.Recepcao/ViewModels/NovoAtendimentoViewModel.cs,1424,VerificarJaLancadoNoDiaAsync
Clinica,src/Clinica.Modulo.Recepcao/ViewModels/NovoAtendimentoViewModel.cs,1459,VerificarHorarioDoDiaAsync
Clinica,src/Clinica.Modulo.Recepcao/ViewModels/NovoAtendimentoViewModel.cs,1511,VerificarConsultaAsync
Clinica,src/Clinica.Modulo.Recepcao/ViewModels/NovoAtendimentoViewModel.cs,1546,VerificarAutorizacaoAsync
Clinica,src/Clinica.Modulo.Recepcao/ViewModels/NovoAtendimentoViewModel.cs,1604,MontarCartoes
Clinica,src/Clinica.Modulo.Recepcao/ViewModels/NovoAtendimentoViewModel.cs,1645,PreverAsync
Clinica,src/Clinica.Modulo.Recepcao/ViewModels/NovoAtendimentoViewModel.cs,1738,LimparPrevia
Clinica,src/Clinica.Modulo.Recepcao/ViewModels/NovoAtendimentoViewModel.cs,1758,AtualizarRotuloLancar
Clinica,src/Clinica.Modulo.Recepcao/ViewModels/NovoAtendimentoViewModel.cs,1796,AplicarNosCartoes
Clinica,src/Clinica.Modulo.Recepcao/ViewModels/NovoAtendimentoViewModel.cs,1823,PublicarPrevia
Clinica,src/Clinica.Modulo.Recepcao/ViewModels/NovoAtendimentoViewModel.cs,1866,RotularForma
Clinica,src/Clinica.Modulo.Recepcao/ViewModels/NovoAtendimentoViewModel.cs,1877,EscolherModalidade
Clinica,src/Clinica.Modulo.Recepcao/ViewModels/NovoAtendimentoViewModel.cs,1885,TrocarPaciente
Clinica,src/Clinica.Modulo.Recepcao/ViewModels/NovoAtendimentoViewModel.cs,1902,RevalidarPacienteEscolhido
Clinica,src/Clinica.Modulo.Recepcao/ViewModels/NovoAtendimentoViewModel.cs,1919,EscolherConvenio
Clinica,src/Clinica.Modulo.Recepcao/ViewModels/NovoAtendimentoViewModel.cs,1936,GarantirConvenioDoPaciente
Clinica,src/Clinica.Modulo.Recepcao/ViewModels/NovoAtendimentoViewModel.cs,1960,AoConvenioVinculado
Clinica,src/Clinica.Modulo.Recepcao/ViewModels/NovoAtendimentoViewModel.cs,1981,NovoLancamento
Clinica,src/Clinica.Modulo.Recepcao/ViewModels/NovoAtendimentoViewModel.cs,2012,VerificarPendenciasAsync
Clinica,src/Clinica.Modulo.Recepcao/ViewModels/NovoAtendimentoViewModel.cs,2052,Lancar
Clinica,src/Clinica.Modulo.Recepcao/ViewModels/NovoAtendimentoViewModel.cs,2293,MarcarAsync
Clinica,src/Clinica.Modulo.Recepcao/ViewModels/NovoAtendimentoViewModel.cs,2418,PerguntarComprovanteAsync
Clinica,src/Clinica.Modulo.Recepcao/ViewModels/NovoAtendimentoViewModel.cs,2459,ConfirmarSeJaLancadoHojeAsync
Clinica,src/Clinica.Modulo.Recepcao/ViewModels/NovoAtendimentoViewModel.cs,2493,MontarCodigos
Clinica,src/Clinica.Modulo.Recepcao/ViewModels/NovoAtendimentoViewModel.cs,2510,AtualizarResumoBaixas
Clinica,src/Clinica.Modulo.Recepcao/ViewModels/NovoAtendimentoViewModel.cs,2529,GerarCapa
Clinica,src/Clinica.Modulo.Recepcao/ViewModels/OrcamentoViewModel.cs,96,AdicionarItem
Clinica,src/Clinica.Modulo.Recepcao/ViewModels/OrcamentoViewModel.cs,103,RemoverItem
Clinica,src/Clinica.Modulo.Recepcao/ViewModels/OrcamentoViewModel.cs,113,Recalcular
Clinica,src/Clinica.Modulo.Recepcao/ViewModels/OrcamentoViewModel.cs,134,EmitirAsync
Clinica,src/Clinica.Modulo.Recepcao/ViewModels/OrcamentoViewModel.cs,229,ImprimirAsync
Clinica,src/Clinica.Modulo.Recepcao/ViewModels/OrcamentoViewModel.cs,257,Erro
Clinica,src/Clinica.Modulo.Recepcao/ViewModels/PacientesViewModel.cs,51,BuscarListaAsync
Clinica,src/Clinica.Modulo.Recepcao/ViewModels/PacientesViewModel.cs,125,AoTrocarPaciente
Clinica,src/Clinica.Modulo.Recepcao/ViewModels/PacientesViewModel.cs,141,Voltar
Clinica,src/Clinica.Modulo.Recepcao/ViewModels/PacientesViewModel.cs,155,AtualizarResumo
Clinica,src/Clinica.Modulo.Recepcao/ViewModels/PacientesViewModel.cs,176,NovoPaciente
Clinica,src/Clinica.Modulo.Recepcao/ViewModels/PagamentosViewModel.cs,13,LinhaPagamento
Clinica,src/Clinica.Modulo.Recepcao/ViewModels/PagamentosViewModel.cs,49,CarregarAsync
Clinica,src/Clinica.Modulo.Recepcao/ViewModels/PagamentosViewModel.cs,79,TrocarPaciente
Clinica,src/Clinica.Modulo.Recepcao/ViewModels/PagamentosViewModel.cs,82,ReceberAsync
Clinica,src/Clinica.Modulo.Recepcao/ViewModels/PagamentosViewModel.cs,96,ReciboAsync
Clinica,src/Clinica.Modulo.Recepcao/ViewModels/PainelViewModel.cs,200,CarregarAsync
Clinica,src/Clinica.Modulo.Recepcao/ViewModels/PainelViewModel.cs,202,CarregarAsync
Clinica,src/Clinica.Modulo.Recepcao/ViewModels/PainelViewModel.cs,268,ReconferirAsync
Clinica,src/Clinica.Modulo.Recepcao/ViewModels/PainelViewModel.cs,291,AoEntrarEmCena
Clinica,src/Clinica.Modulo.Recepcao/ViewModels/PainelViewModel.cs,294,AoSairDeCena
Clinica,src/Clinica.Modulo.Recepcao/ViewModels/PainelViewModel.cs,302,CarregarAniversariantesAsync
Clinica,src/Clinica.Modulo.Recepcao/ViewModels/PainelViewModel.cs,352,Parabenizar
Clinica,src/Clinica.Modulo.Recepcao/ViewModels/PainelViewModel.cs,366,AplicarResumo
Clinica,src/Clinica.Modulo.Recepcao/ViewModels/PainelViewModel.cs,422,CarregarPendenciasAsync
Clinica,src/Clinica.Modulo.Recepcao/ViewModels/PainelViewModel.cs,469,CobrarGuia
Clinica,src/Clinica.Modulo.Recepcao/ViewModels/PainelViewModel.cs,483,DiaAnterior
Clinica,src/Clinica.Modulo.Recepcao/ViewModels/PainelViewModel.cs,486,ProximoDia
Clinica,src/Clinica.Modulo.Recepcao/ViewModels/PainelViewModel.cs,489,Hoje
Clinica,src/Clinica.Modulo.Recepcao/ViewModels/PedidoAgenda.cs,17,AbrirEm
Clinica,src/Clinica.Modulo.Recepcao/ViewModels/PedidoAgenda.cs,19,Consumir
Clinica,src/Clinica.Modulo.Recepcao/ViewModels/PreenchimentoNovoAtendimento.cs,12,PedidoNovoAtendimento
Clinica,src/Clinica.Modulo.Recepcao/ViewModels/PreenchimentoNovoAtendimento.cs,31,Definir
Clinica,src/Clinica.Modulo.Recepcao/ViewModels/PreenchimentoNovoAtendimento.cs,33,Consumir
Clinica,src/Clinica.Modulo.Recepcao/ViewModels/PreenchimentoNovoAtendimento.cs,45,ConsumirPara
Clinica,src/Clinica.Modulo.Recepcao/ViewModels/PreenchimentoNovoAtendimento.cs,56,Espiar
Clinica,src/Clinica.Modulo.Recepcao/ViewModels/ProfissionalEdicaoViewModel.cs,91,CarregarAsync
Clinica,src/Clinica.Modulo.Recepcao/ViewModels/ProfissionalEdicaoViewModel.cs,160,SalvarAsync
Clinica,src/Clinica.Modulo.Recepcao/ViewModels/ProfissionalEdicaoViewModel.cs,255,Erro
Clinica,src/Clinica.Modulo.Recepcao/ViewModels/ProntuarioViewModel.cs,136,AoTrocarPaciente
Clinica,src/Clinica.Modulo.Recepcao/ViewModels/ProntuarioViewModel.cs,157,Voltar
Clinica,src/Clinica.Modulo.Recepcao/ViewModels/ProntuarioViewModel.cs,170,Casa
Clinica,src/Clinica.Modulo.Recepcao/ViewModels/ProntuarioViewModel.cs,189,CarregarAsync
Clinica,src/Clinica.Modulo.Recepcao/ViewModels/ProntuarioViewModel.cs,284,AplicarEvolucaoDaDor
Clinica,src/Clinica.Modulo.Recepcao/ViewModels/ProntuarioViewModel.cs,310,AplicarEscalas
Clinica,src/Clinica.Modulo.Recepcao/ViewModels/ProntuarioViewModel.cs,332,NovaSessaoAsync
Clinica,src/Clinica.Modulo.Recepcao/ViewModels/ProntuarioViewModel.cs,335,EditarSessaoAsync
Clinica,src/Clinica.Modulo.Recepcao/ViewModels/ProntuarioViewModel.cs,351,VerSessao
Clinica,src/Clinica.Modulo.Recepcao/ViewModels/ProntuarioViewModel.cs,376,AbrirAsync
Clinica,src/Clinica.Modulo.Recepcao/ViewModels/ProntuarioViewModel.cs,414,ExcluirSessaoAsync
Clinica,src/Clinica.Modulo.Recepcao/ViewModels/RetornoViewModel.cs,107,LimparFiltro
Clinica,src/Clinica.Modulo.Recepcao/ViewModels/RetornoViewModel.cs,139,CarregarAsync
Clinica,src/Clinica.Modulo.Recepcao/ViewModels/RetornoViewModel.cs,142,RecarregarAsync
Clinica,src/Clinica.Modulo.Recepcao/ViewModels/RetornoViewModel.cs,220,Refiltrar
Clinica,src/Clinica.Modulo.Recepcao/ViewModels/RetornoViewModel.cs,250,Descrever
Clinica,src/Clinica.Modulo.Recepcao/ViewModels/RetornoViewModel.cs,265,GerarAsync
Clinica,src/Clinica.Modulo.Recepcao/ViewModels/RetornoViewModel.cs,311,ChamarAsync
Clinica,src/Clinica.Modulo.Recepcao/ViewModels/RetornoViewModel.cs,354,RespondeuAsync
Clinica,src/Clinica.Modulo.Recepcao/ViewModels/RetornoViewModel.cs,379,Erro
Clinica,src/Clinica.Modulo.Recepcao/ViewModels/RetornosAMarcarViewModel.cs,70,CarregarAsync
Clinica,src/Clinica.Modulo.Recepcao/ViewModels/RetornosAMarcarViewModel.cs,121,Marcar
Clinica,src/Clinica.Modulo.Recepcao/ViewModels/RetornosAMarcarViewModel.cs,154,WhatsApp
Clinica,src/Clinica.Modulo.Recepcao/ViewModels/RetornosAMarcarViewModel.cs,171,Avisar
Clinica,src/Clinica.Modulo.Recepcao/ViewModels/SalaEdicaoViewModel.cs,39,CarregarAsync
Clinica,src/Clinica.Modulo.Recepcao/ViewModels/SalaEdicaoViewModel.cs,66,SalvarAsync
Clinica,src/Clinica.Modulo.Recepcao/ViewModels/SalaEdicaoViewModel.cs,114,Erro
Clinica,src/Clinica.Modulo.Recepcao/Views/AgendaView.xaml.cs,37,AoMudarModo
Clinica,src/Clinica.Modulo.Recepcao/Views/AgendaView.xaml.cs,41,AjustarLaterais
Clinica,src/Clinica.Modulo.Recepcao/Views/DocumentosView.xaml.cs,28,AoAbrirMenuDoDocumento
Clinica,src/Clinica.Modulo.Recepcao/Views/DocumentosView.xaml.cs,52,MenuDaFolhaFinanceira
Clinica,src/Clinica.Modulo.Recepcao/Views/FilaView.xaml.cs,35,AjustarColunas
Clinica,src/Clinica.Modulo.Recepcao/Views/FilaView.xaml.cs,82,AoAbrirMenuDaLinha
Clinica,src/Clinica.Modulo.Recepcao/Views/LancamentosView.xaml.cs,30,AoMudarVisibilidade
Clinica,src/Clinica.Modulo.Recepcao/Views/LinhaTempoAgendaPanel.cs,10,MeasureOverride
Clinica,src/Clinica.Modulo.Recepcao/Views/LinhaTempoAgendaPanel.cs,26,ArrangeOverride
Clinica,src/Clinica.Modulo.Recepcao/Views/LinhaTempoAgendaPanel.cs,38,OnRenderSizeChanged
Clinica,src/Clinica.Modulo.Recepcao/Views/NovoAtendimentoView.xaml.cs,31,AoMudarVisibilidade
Clinica,src/Clinica.Modulo.Recepcao/Views/NovoAtendimentoView.xaml.cs,60,AoVoltarAsync
Clinica,src/Clinica.Modulo.Recepcao/Views/NovoAtendimentoView.xaml.cs,76,FocarBusca
Clinica,src/Clinica.Modulo.Recepcao/Views/ProntuarioView.xaml.cs,30,FocarBuscaSeEstiverEscolhendo
Clinica,src/Clinica.Modulo.Recepcao/Views/RetornosAMarcarView.xaml.cs,29,AoMudarVisibilidade
Clinica,src/Clinica.Recepcao/App.xaml.cs,29,OnStartup
Clinica,src/Clinica.Recepcao/App.xaml.cs,53,LembretesPorEmailAsync
Clinica,src/Clinica.Recepcao/App.xaml.cs,68,OnExit
Clinica,src/Clinica.Recepcao/Program.cs,12,Main
Clinica,src/Clinica.Web/Paginas.cs,31,T
Clinica,src/Clinica.Web/Paginas.cs,33,Html
Clinica,src/Clinica.Web/Paginas.cs,89,Corpo
Clinica,src/Clinica.Web/Paginas.cs,131,Login
Clinica,src/Clinica.Web/Paginas.cs,148,Dia
Clinica,src/Clinica.Web/Paginas.cs,200,Painel
Clinica,src/Clinica.Web/Paginas.cs,250,Pacientes
Clinica,src/Clinica.Web/Paginas.cs,292,Ficha
Clinica,src/Clinica.Web/Paginas.cs,330,Sessoes
Clinica,src/Clinica.Web/Paginas.cs,365,Linha
Clinica,src/Clinica.Web/Sessao.cs,27,Permissoes
Clinica,src/Clinica.Web/Sessao.cs,34,Operador
Clinica,src/Clinica.Web/Sessao.cs,37,Nome
Clinica,src/Clinica.Web/Sessao.cs,44,Token
Clinica,src/Clinica.Web/Sessao.cs,59,PedidoForjadoAsync
Clinica,src/Clinica.Web/Sessao.cs,81,Recusar
clinica-site,portal/portal.js,6,voltarEvolucao
clinica-site,portal/portal.js,20,aviso
clinica-site,portal/portal.js,21,montar
clinica-site,portal/portal.js,23,api
clinica-site,portal/portal.js,35,executar
clinica-site,portal/portal.js,52,avisarBloqueio
clinica-site,portal/portal.js,53,iniciar
clinica-site,portal/portal.js,68,revalidar
clinica-site,portal/portal.js,90,agendarPainel
clinica-site,portal/portal.js,95,selos
clinica-site,portal/portal.js,96,situacao
clinica-site,portal/portal.js,100,historico
clinica-site,portal/portal.js,103,entrada
clinica-site,portal/portal.js,107,dia
clinica-site,portal/portal.js,118,listar
clinica-site,portal/portal.js,124,conferir
clinica-site,portal/portal.js,149,paciente
clinica-site,portal/portal.js,153,ler
clinica-site,portal/portal.js,158,avisarPrazo
clinica-site,portal/portal.js,165,limpar
clinica-site,portal/portal.js,166,atualizar
clinica-site,portal/portal.js,190,pausar
clinica-site,portal/portal.js,195,retornarEquipe
clinica-site,portal/portal.js,196,neutro
clinica-site,portal/portal.js,197,resultado
clinica-site,portal/portal.js,208,atualizarResultado
clinica-site,portal/profissional/clinico.js,21,avisar
clinica-site,portal/profissional/clinico.js,22,toast
clinica-site,portal/profissional/clinico.js,23,limparPdf
clinica-site,portal/profissional/clinico.js,27,fecharMenuAreas
clinica-site,portal/profissional/clinico.js,42,limpar
clinica-site,portal/profissional/clinico.js,43,atualizarSelecaoNavegacao
clinica-site,portal/profissional/clinico.js,51,montar
clinica-site,portal/profissional/clinico.js,52,proteger
clinica-site,portal/profissional/clinico.js,53,desproteger
clinica-site,portal/profissional/clinico.js,54,api
clinica-site,portal/profissional/clinico.js,72,renovarAtividade
clinica-site,portal/profissional/clinico.js,83,executar
clinica-site,portal/profissional/clinico.js,84,recibo
clinica-site,portal/profissional/clinico.js,85,mudanca
clinica-site,portal/profissional/clinico.js,86,entrada
clinica-site,portal/profissional/clinico.js,91,iniciar
clinica-site,portal/profissional/clinico.js,105,agenda
clinica-site,portal/profissional/clinico.js,111,abrir
clinica-site,portal/profissional/clinico.js,112,renderAtendimento
clinica-site,portal/profissional/clinico.js,120,textarea
clinica-site,portal/profissional/clinico.js,121,conteudoAba
clinica-site,portal/profissional/clinico.js,131,copiarTexto
clinica-site,portal/profissional/clinico.js,132,confirmarCopia
clinica-site,portal/profissional/clinico.js,133,abrirDialogo
clinica-site,portal/profissional/clinico.js,134,confirmar
clinica-site,portal/profissional/clinico.js,135,salvar
clinica-site,portal/profissional/clinico.js,153,registrarMateriais
clinica-site,portal/profissional/clinico.js,170,textoDocumento
clinica-site,portal/profissional/clinico.js,176,novoDocumento
clinica-site,portal/profissional/clinico.js,196,abrirImagem
clinica-site,portal/profissional/clinico.js,213,abrirPdf
clinica-site,portal/profissional/clinico.js,230,mostrar
clinica-site,portal/profissional/clinico.js,264,assinar
clinica-site,portal/profissional/clinico.js,294,retomarAssinatura
clinica-site,portal/profissional/clinico.js,300,conteudoMapa
clinica-site,portal/profissional/clinico.js,307,adicionarPonto
clinica-site,portal/profissional/clinico.js,308,conectarMapa
clinica-site,portal/profissional/clinico.js,309,copiarMapa
clinica-site,portal/profissional/clinico.js,310,guardarModeloMapa
clinica-site,portal/profissional/clinico.js,319,sairDaTela
clinica-site,portal/profissional/clinico.js,337,revalidar
clinica-site,portal/profissional/clinico.js,362,encerrarPorInatividade
clinica-site,portal/profissional/clinico.js,377,atividade
clinica-site,portal/profissional/confirmacoes.js,1,resumoFaturamento
clinica-site,portal/profissional/confirmacoes.js,6,estadoAssinaturas
clinica-site,portal/profissional/confirmacoes.js,10,rotuloPrescricao
clinica-site,portal/profissional/confirmacoes.js,11,assinaturasInfusao
clinica-site,portal/profissional/enfermagem.js,2,criarFluxoEnfermagem
clinica-site,portal/profissional/enfermagem.js,6,carregarSessoes
clinica-site,portal/profissional/enfermagem.js,12,atualizar
clinica-site,portal/profissional/enfermagem.js,33,vinculo
clinica-site,portal/profissional/enfermagem.js,34,vincular
clinica-site,portal/profissional/enfermagem.js,39,registrarInfusao
clinica-site,portal/profissional/etapas-infusao.js,2,etapasDaFila
clinica-site,portal/profissional/execucao-direta.js,2,criarExecucaoDireta
clinica-site,portal/profissional/execucao-direta.js,5,preparar
clinica-site,portal/profissional/execucao-direta.js,6,cabecalho
clinica-site,portal/profissional/execucao-direta.js,7,item
clinica-site,portal/profissional/execucao-direta.js,8,vincular
clinica-site,portal/profissional/ficha-edicao.js,5,criarEdicaoFicha
clinica-site,portal/profissional/ficha-edicao.js,15,formulario
clinica-site,portal/profissional/ficha-edicao.js,19,salvar
clinica-site,portal/profissional/ficha-edicao.js,22,editarAnamnese
clinica-site,portal/profissional/ficha-edicao.js,25,versoes
clinica-site,portal/profissional/ficha-edicao.js,28,medida
clinica-site,portal/profissional/ficha-edicao.js,32,cancelarMedida
clinica-site,portal/profissional/ficha-edicao.js,35,problema
clinica-site,portal/profissional/ficha-edicao.js,38,situacao
clinica-site,portal/profissional/ficha-edicao.js,41,anexo
clinica-site,portal/profissional/ficha-edicao.js,44,exame
clinica-site,portal/profissional/ficha-edicao.js,47,enfermagem
clinica-site,portal/profissional/ficha-edicao.js,53,rascunho
clinica-site,portal/profissional/fila-enfermagem.js,2,criarFilaEnfermagem
clinica-site,portal/profissional/fila-enfermagem.js,9,abrir
clinica-site,portal/profissional/fila-enfermagem.js,43,abrirHoje
clinica-site,portal/profissional/fila-enfermagem.js,44,abrirHistorico
clinica-site,portal/profissional/impressao-pdf.js,2,limparImpressaoPdf
clinica-site,portal/profissional/impressao-pdf.js,8,imprimirPdf
clinica-site,portal/profissional/materiais.js,2,quantidadeMaterial
clinica-site,portal/profissional/materiais.js,11,lerMateriais
clinica-site,portal/profissional/materiais.js,26,perguntarMateriais
clinica-site,portal/profissional/modelos-documento.js,7,prepararModelos
clinica-site,portal/profissional/modelos-documento.js,24,estadoBotoes
clinica-site,portal/profissional/modelos-documento.js,25,fechar
clinica-site,portal/profissional/modelos-documento.js,26,filtrar
clinica-site,portal/profissional/modelos-documento.js,33,escolher
clinica-site,portal/profissional/modelos-documento.js,40,confirmar
clinica-site,portal/profissional/modelos-documento.js,41,aplicarInfusao
clinica-site,portal/profissional/modelos-documento.js,58,dados
clinica-site,portal/profissional/modelos-documento.js,63,aplicar
clinica-site,portal/profissional/modelos-documento.js,69,carregar
clinica-site,portal/profissional/modelos-documento.js,70,guardar
clinica-site,portal/profissional/modelos.js,4,criarBibliotecaModelos
clinica-site,portal/profissional/modelos.js,13,abrir
clinica-site,portal/profissional/modelos.js,35,erro
clinica-site,portal/profissional/modelos.js,36,renderLista
clinica-site,portal/profissional/modelos.js,41,marcarSelecionado
clinica-site,portal/profissional/modelos.js,42,fecharEditor
clinica-site,portal/profissional/modelos.js,43,filtrar
clinica-site,portal/profissional/modelos.js,49,trocar
clinica-site,portal/profissional/modelos.js,50,editar
clinica-site,portal/profissional/modelos.js,64,salvar
clinica-site,portal/profissional/modelos.js,77,documentos
clinica-site,portal/profissional/observacoes-enfermagem.js,3,abrirObservacoesEnfermagem
clinica-site,portal/profissional/observacoes-enfermagem.js,8,sincronizar
clinica-site,portal/profissional/observacoes-enfermagem.js,33,mostrarTermos
clinica-site,portal/profissional/observacoes-enfermagem.js,66,limparEtapa
clinica-site,portal/profissional/observacoes-enfermagem.js,72,definirFase
clinica-site,portal/profissional/observacoes-enfermagem.js,107,complemento
clinica-site,portal/profissional/observacoes-enfermagem.js,117,busca
clinica-site,portal/profissional/posto.js,7,criarPosto
clinica-site,portal/profissional/posto.js,19,passosInfusao
clinica-site,portal/profissional/posto.js,43,contexto
clinica-site,portal/profissional/posto.js,45,atualizarAtalhoInfusoes
clinica-site,portal/profissional/posto.js,50,limparContadores
clinica-site,portal/profissional/posto.js,54,atualizarContadores
clinica-site,portal/profissional/posto.js,85,nav
clinica-site,portal/profissional/posto.js,109,buscarTela
clinica-site,portal/profissional/posto.js,113,ficha
clinica-site,portal/profissional/posto.js,130,renderFicha
clinica-site,portal/profissional/posto.js,140,conteudoFicha
clinica-site,portal/profissional/posto.js,149,avulso
clinica-site,portal/profissional/posto.js,157,acaoDaFila
clinica-site,portal/profissional/posto.js,162,resumoDaFila
clinica-site,portal/profissional/posto.js,176,acaoPendente
clinica-site,portal/profissional/posto.js,180,fila
clinica-site,portal/profissional/posto.js,207,infusao
clinica-site,portal/profissional/posto.js,210,checar
clinica-site,portal/profissional/posto.js,219,documentos
clinica-site,portal/profissional/posto.js,225,pendencias
clinica-site,portal/profissional/posto.js,230,folhaEnfermagem
clinica-site,portal/profissional/progresso-infusao.js,2,textoProgressoInfusao
clinica-site,portal/profissional/progresso-infusao.js,14,criarProgressoInfusao
clinica-site,portal/profissional/progresso-infusao.js,16,limpar
clinica-site,portal/profissional/progresso-infusao.js,17,iniciar
clinica-site,portal/profissional/reserva-enfermagem.js,2,reservarTelaEnfermagem
clinica-site,portal/profissional/reserva-enfermagem.js,6,liberar
clinica-site,portal/profissional/reserva-enfermagem.js,7,atualizar
clinica-site,portal/profissional/reserva-enfermagem.js,20,renovar
clinica-site,portal/profissional/reserva-enfermagem.js,27,encerrar
clinica-site,portal/profissional/texto-formatado.js,2,trechos
clinica-site,portal/profissional/texto-formatado.js,7,juntar
clinica-site,portal/profissional/texto-formatado.js,11,editorTexto
clinica-site,portal/profissional/texto-formatado.js,23,ler
clinica-site,portal/profissional/texto-formatado.js,25,adicionar
clinica-site,portal/profissional/texto-formatado.js,26,andar
clinica-site,portal/profissional/texto-formatado.js,40,sincronizar
clinica-site,portal/profissional/texto-formatado.js,41,definir
clinica-site,portal/profissional/treinamento/treinamento.js,10,elemento
clinica-site,portal/profissional/treinamento/treinamento.js,16,selecionar
clinica-site,portal/profissional/treinamento/treinamento.js,41,filtrarAulas
clinica-site,portal/profissional/treinamento/treinamento.js,45,atualizarResultados
clinica-site,portal/profissional/treinamento/treinamento.js,61,renderFiltros
clinica-site,portal/profissional/treinamento/treinamento.js,70,renderLista
semdor-crm,src/Clinica.Application/Abstracoes/IAcompanhamentoPacienteService.cs,6,OpcaoAcompanhamento
semdor-crm,src/Clinica.Application/Abstracoes/IAcompanhamentoPacienteService.cs,7,ConfiguracaoAcompanhamento
semdor-crm,src/Clinica.Application/Abstracoes/IAcompanhamentoPacienteService.cs,10,EstadoIndicacaoBsv
semdor-crm,src/Clinica.Application/Abstracoes/IAcompanhamentoPacienteService.cs,12,AtualizarAcompanhamento
semdor-crm,src/Clinica.Application/Abstracoes/IAcompanhamentoPacienteService.cs,15,LinhaAcompanhamento
semdor-crm,src/Clinica.Application/Abstracoes/OpcoesArmazenamento.cs,30,OpcoesArmazenamento
semdor-crm,src/Clinica.Application/Abstracoes/OpcoesArmazenamento.cs,52,De
semdor-crm,src/Clinica.Application/Abstracoes/OpcoesArmazenamento.cs,72,EndpointPermitido
semdor-crm,src/Clinica.Application/Abstracoes/OpcoesArmazenamento.cs,89,DoAmbiente
semdor-crm,src/Clinica.Application/Abstracoes/OpcoesArmazenamento.cs,92,Var
semdor-crm,src/Clinica.Application/Abstracoes/OpcoesArmazenamento.cs,95,Limpar
semdor-crm,src/Clinica.Application/Assinatura/AssinaturaDigitalService.cs,16,AreaAssinatura
semdor-crm,src/Clinica.Application/Assinatura/AssinaturaDigitalService.cs,23,PedidoAssinatura
semdor-crm,src/Clinica.Application/Assinatura/AssinaturaDigitalService.cs,33,ResultadoAssinatura
semdor-crm,src/Clinica.Application/Assinatura/AssinaturaDigitalService.cs,47,ConferenciaAssinatura
semdor-crm,src/Clinica.Application/Assinatura/AssinaturaDigitalService.cs,55,NaoConferida
semdor-crm,src/Clinica.Application/Assinatura/AssinaturaDigitalService.cs,123,Hash
semdor-crm,src/Clinica.Application/Assinatura/AssinaturaDigitalService.cs,144,AssinarAsync
semdor-crm,src/Clinica.Application/Assinatura/AssinaturaDigitalService.cs,237,AnexarAssinaturaAsync
semdor-crm,src/Clinica.Application/Assinatura/AssinaturaDigitalService.cs,269,Conferir
semdor-crm,src/Clinica.Application/Assinatura/AssinaturaDigitalService.cs,293,ConferirTodas
semdor-crm,src/Clinica.Application/Assinatura/AssinaturaDigitalService.cs,305,ConferirUma
semdor-crm,src/Clinica.Application/Assinatura/AssinaturaDigitalService.cs,372,Criticar
semdor-crm,src/Clinica.Application/Assinatura/AssinaturaDigitalService.cs,499,RecortarAsn1
semdor-crm,src/Clinica.Application/Assinatura/AssinaturaDigitalService.cs,523,CarimboDeTempo
semdor-crm,src/Clinica.Application/Assinatura/AssinaturaDigitalService.cs,565,LerGenTime
semdor-crm,src/Clinica.Application/Assinatura/AssinaturaDigitalService.cs,588,GarantirFonte
semdor-crm,src/Clinica.Application/Assinatura/AssinaturaDigitalService.cs,614,GetFont
semdor-crm,src/Clinica.Application/Assinatura/AssinaturaDigitalService.cs,618,ResolveTypeface
semdor-crm,src/Clinica.Application/Assinatura/AssinaturaDigitalService.cs,625,DesenharCarimbo
semdor-crm,src/Clinica.Application/Assinatura/AssinaturaDigitalService.cs,656,Desenhar
semdor-crm,src/Clinica.Application/Assinatura/AssinaturaDigitalService.cs,712,Caber
semdor-crm,src/Clinica.Application/Assinatura/CertificadoIcpBrasil.cs,14,CertificadoAssinatura
semdor-crm,src/Clinica.Application/Assinatura/CertificadoIcpBrasil.cs,60,ImpedimentoCertificado
semdor-crm,src/Clinica.Application/Assinatura/CertificadoIcpBrasil.cs,100,DoRepositorioDoUsuario
semdor-crm,src/Clinica.Application/Assinatura/CertificadoIcpBrasil.cs,126,DeArquivo
semdor-crm,src/Clinica.Application/Assinatura/CertificadoIcpBrasil.cs,139,PodeAssinar
semdor-crm,src/Clinica.Application/Assinatura/CertificadoIcpBrasil.cs,155,Ler
semdor-crm,src/Clinica.Application/Assinatura/CertificadoIcpBrasil.cs,172,CpfDoTitular
semdor-crm,src/Clinica.Application/Assinatura/CertificadoIcpBrasil.cs,211,ConferirCadeia
semdor-crm,src/Clinica.Application/Assinatura/CertificadoIcpBrasil.cs,241,NomeSimples
semdor-crm,src/Clinica.Application/Assinatura/CertificadoIcpBrasil.cs,265,LerOtherName
semdor-crm,src/Clinica.Application/Assinatura/RevisaoIncrementalPdf.cs,58,AnexarAssinaturaAsync
semdor-crm,src/Clinica.Application/Assinatura/RevisaoIncrementalPdf.cs,174,SelarAsync
semdor-crm,src/Clinica.Application/Assinatura/RevisaoIncrementalPdf.cs,238,MontarXref
semdor-crm,src/Clinica.Application/Assinatura/RevisaoIncrementalPdf.cs,295,Carimbo
semdor-crm,src/Clinica.Application/Assinatura/RevisaoIncrementalPdf.cs,346,Num
semdor-crm,src/Clinica.Application/Assinatura/RevisaoIncrementalPdf.cs,358,TextoPdf
semdor-crm,src/Clinica.Application/Assinatura/RevisaoIncrementalPdf.cs,372,ParaWinAnsi
semdor-crm,src/Clinica.Application/Assinatura/RevisaoIncrementalPdf.cs,435,LarguraNaHelvetica
semdor-crm,src/Clinica.Application/Assinatura/RevisaoIncrementalPdf.cs,455,Caber
semdor-crm,src/Clinica.Application/Assinatura/RevisaoIncrementalPdf.cs,467,DataPdf
semdor-crm,src/Clinica.Application/Assinatura/RevisaoIncrementalPdf.cs,477,PaginaPdf
semdor-crm,src/Clinica.Application/Assinatura/RevisaoIncrementalPdf.cs,499,Ler
semdor-crm,src/Clinica.Application/Assinatura/RevisaoIncrementalPdf.cs,593,NumeroDaReferencia
semdor-crm,src/Clinica.Application/Assinatura/RevisaoIncrementalPdf.cs,600,ObjetoTexto
semdor-crm,src/Clinica.Application/Assinatura/RevisaoIncrementalPdf.cs,621,CatalogoComCampo
semdor-crm,src/Clinica.Application/Assinatura/RevisaoIncrementalPdf.cs,639,PaginaDe
semdor-crm,src/Clinica.Application/Assinatura/RevisaoIncrementalPdf.cs,664,Descendentes
semdor-crm,src/Clinica.Application/Assinatura/RevisaoIncrementalPdf.cs,681,PaginaComAnotacao
semdor-crm,src/Clinica.Application/Assinatura/RevisaoIncrementalPdf.cs,692,AcrescentarNaArray
semdor-crm,src/Clinica.Application/Assinatura/RevisaoIncrementalPdf.cs,720,RecortarDicionario
semdor-crm,src/Clinica.Application/Assinatura/SafeID/AssinadorSafeID.cs,61,GetSignatureSizeAsync
semdor-crm,src/Clinica.Application/Assinatura/SafeID/AssinadorSafeID.cs,70,GetSignatureAsync
semdor-crm,src/Clinica.Application/Assinatura/SafeID/AssinadorSafeID.cs,158,ExigirPkcs7EnormalizarParaDer
semdor-crm,src/Clinica.Application/Assinatura/SafeID/AutorizacaoSafeIDService.cs,12,SessaoSafeID
semdor-crm,src/Clinica.Application/Assinatura/SafeID/AutorizacaoSafeIDService.cs,60,ConfiguradoAsync
semdor-crm,src/Clinica.Application/Assinatura/SafeID/AutorizacaoSafeIDService.cs,79,AutorizarAsync
semdor-crm,src/Clinica.Application/Assinatura/SafeID/AutorizacaoSafeIDService.cs,155,ConferirCredenciaisAsync
semdor-crm,src/Clinica.Application/Assinatura/SafeID/ClienteSafeID.cs,58,TokenDaAplicacaoAsync
semdor-crm,src/Clinica.Application/Assinatura/SafeID/ClienteSafeID.cs,79,UrlDeAutorizacao
semdor-crm,src/Clinica.Application/Assinatura/SafeID/ClienteSafeID.cs,111,TokenPorCodigoAsync
semdor-crm,src/Clinica.Application/Assinatura/SafeID/ClienteSafeID.cs,136,TokenPorCredenciaisAsync
semdor-crm,src/Clinica.Application/Assinatura/SafeID/ClienteSafeID.cs,165,CertificadosAsync
semdor-crm,src/Clinica.Application/Assinatura/SafeID/ClienteSafeID.cs,214,AssinarHashAsync
semdor-crm,src/Clinica.Application/Assinatura/SafeID/ClienteSafeID.cs,280,DecodificarAssinatura
semdor-crm,src/Clinica.Application/Assinatura/SafeID/ClienteSafeID.cs,294,SemArmaduraNemEspaco
semdor-crm,src/Clinica.Application/Assinatura/SafeID/ClienteSafeID.cs,301,ArmaduraPem
semdor-crm,src/Clinica.Application/Assinatura/SafeID/ClienteSafeID.cs,303,TentarBase64
semdor-crm,src/Clinica.Application/Assinatura/SafeID/ClienteSafeID.cs,325,TentarHexadecimalDer
semdor-crm,src/Clinica.Application/Assinatura/SafeID/ClienteSafeID.cs,349,Evidencia
semdor-crm,src/Clinica.Application/Assinatura/SafeID/ClienteSafeID.cs,363,EhCaractereBase64
semdor-crm,src/Clinica.Application/Assinatura/SafeID/ClienteSafeID.cs,371,DetalheDoPsc
semdor-crm,src/Clinica.Application/Assinatura/SafeID/ClienteSafeID.cs,380,SlotsDoCpfAsync
semdor-crm,src/Clinica.Application/Assinatura/SafeID/ClienteSafeID.cs,400,PostFormAsync
semdor-crm,src/Clinica.Application/Assinatura/SafeID/ClienteSafeID.cs,408,PostJsonAsync
semdor-crm,src/Clinica.Application/Assinatura/SafeID/ClienteSafeID.cs,423,GetAsync
semdor-crm,src/Clinica.Application/Assinatura/SafeID/ClienteSafeID.cs,434,Autorizar
semdor-crm,src/Clinica.Application/Assinatura/SafeID/ClienteSafeID.cs,445,GarantirAsync
semdor-crm,src/Clinica.Application/Assinatura/SafeID/ClienteSafeID.cs,460,LerToken
semdor-crm,src/Clinica.Application/Assinatura/SafeID/ClienteSafeID.cs,478,RespostaToken
semdor-crm,src/Clinica.Application/Assinatura/SafeID/ClienteSafeID.cs,486,RespostaCertificados
semdor-crm,src/Clinica.Application/Assinatura/SafeID/ClienteSafeID.cs,490,ItemCertificado
semdor-crm,src/Clinica.Application/Assinatura/SafeID/ClienteSafeID.cs,494,RespostaAssinatura
semdor-crm,src/Clinica.Application/Assinatura/SafeID/ClienteSafeID.cs,500,ItemAssinatura
semdor-crm,src/Clinica.Application/Assinatura/SafeID/ClienteSafeID.cs,504,RespostaSlots
semdor-crm,src/Clinica.Application/Assinatura/SafeID/ClienteSafeID.cs,508,ItemSlot
semdor-crm,src/Clinica.Application/Assinatura/SafeID/ClienteSafeID.cs,521,DesafioPkce
semdor-crm,src/Clinica.Application/Assinatura/SafeID/ClienteSafeID.cs,524,Gerar
semdor-crm,src/Clinica.Application/Assinatura/SafeID/ClienteSafeID.cs,532,Base64Url
semdor-crm,src/Clinica.Application/Assinatura/SafeID/ConfiguracaoSafeID.cs,39,DoAmbiente
semdor-crm,src/Clinica.Application/Assinatura/SafeID/ConfiguracaoSafeID.cs,65,EhHomologacao
semdor-crm,src/Clinica.Application/Assinatura/SafeID/ConfiguracaoSafeID.cs,80,LerUris
semdor-crm,src/Clinica.Application/Assinatura/SafeID/ConfiguracaoSafeID.cs,94,Limpar
semdor-crm,src/Clinica.Application/Assinatura/SafeID/EscutaLoopback.cs,12,RetornoAutorizacao
semdor-crm,src/Clinica.Application/Assinatura/SafeID/EscutaLoopback.cs,64,Abrir
semdor-crm,src/Clinica.Application/Assinatura/SafeID/EscutaLoopback.cs,113,EsperarAsync
semdor-crm,src/Clinica.Application/Assinatura/SafeID/EscutaLoopback.cs,159,ResponderAsync
semdor-crm,src/Clinica.Application/Assinatura/SafeID/EscutaLoopback.cs,183,PaginaSimples
semdor-crm,src/Clinica.Application/Assinatura/SafeID/EscutaLoopback.cs,192,Dispose
semdor-crm,src/Clinica.Application/Assinatura/SafeID/OpcoesSafeID.cs,23,OpcoesSafeID
semdor-crm,src/Clinica.Application/Assinatura/SafeID/OpcoesSafeID.cs,129,TokenSafeID
semdor-crm,src/Clinica.Application/Assinatura/SafeID/OpcoesSafeID.cs,149,CertificadoDeNuvem
semdor-crm,src/Clinica.Application/Assinatura/SafeID/ProvedorOpcoesSafeID.cs,37,ObterAsync
semdor-crm,src/Clinica.Application/Assinatura/TitularDoCertificado.cs,37,Exigir
semdor-crm,src/Clinica.Application/Diagnostico.cs,17,Registrar
semdor-crm,src/Clinica.Application/Email/EnviadorSmtp.cs,21,EnviarAsync
semdor-crm,src/Clinica.Application/Email/OpcoesEmail.cs,22,OpcoesEmail
semdor-crm,src/Clinica.Application/Email/OpcoesEmail.cs,44,De
semdor-crm,src/Clinica.Application/Email/OpcoesEmail.cs,63,PortaValida
semdor-crm,src/Clinica.Application/Modelos/AcessoWeb.cs,24,Pagina
semdor-crm,src/Clinica.Application/Modelos/AcessoWeb.cs,42,Do
semdor-crm,src/Clinica.Application/Modelos/AcessoWeb.cs,53,AberturaDe
semdor-crm,src/Clinica.Application/Modelos/AcessoWeb.cs,60,MostraProntuario
semdor-crm,src/Clinica.Application/Modelos/Agenda.cs,40,ConflitoAgenda
semdor-crm,src/Clinica.Application/Modelos/Agenda.cs,49,OcupacaoProfissional
semdor-crm,src/Clinica.Application/Modelos/Agenda.cs,65,ResumoDiaRecepcao
semdor-crm,src/Clinica.Application/Modelos/Agenda.cs,96,SessaoRecusada
semdor-crm,src/Clinica.Application/Modelos/Agenda.cs,105,SerieAgendada
semdor-crm,src/Clinica.Application/Modelos/AvisosDeChoque.cs,7,AvisoDeChoque
semdor-crm,src/Clinica.Application/Modelos/AvisosDeChoque.cs,28,CabecalhoPara
semdor-crm,src/Clinica.Application/Modelos/AvisosDeChoque.cs,38,EhGrave
semdor-crm,src/Clinica.Application/Modelos/AvisosDeChoque.cs,49,Montar
semdor-crm,src/Clinica.Application/Modelos/BuscaDeVagas.cs,6,Vaga
semdor-crm,src/Clinica.Application/Modelos/BuscaDeVagas.cs,11,Abreviar
semdor-crm,src/Clinica.Application/Modelos/BuscaDeVagas.cs,28,ResultadoBuscaDeVagas
semdor-crm,src/Clinica.Application/Modelos/BuscaDeVagas.cs,69,Calcular
semdor-crm,src/Clinica.Application/Modelos/BuscaDeVagas.cs,126,AtendeNoDia
semdor-crm,src/Clinica.Application/Modelos/BuscaDeVagas.cs,132,JornadaPresumida
semdor-crm,src/Clinica.Application/Modelos/CabecalhoClinicoPaciente.cs,60,CabecalhoClinicoPaciente
semdor-crm,src/Clinica.Application/Modelos/CobrancaDaSessao.cs,38,CobrancaDaSessao
semdor-crm,src/Clinica.Application/Modelos/CobrancaDaSessao.cs,64,Montar
semdor-crm,src/Clinica.Application/Modelos/Consultorio.cs,24,SessaoDoDia
semdor-crm,src/Clinica.Application/Modelos/Consultorio.cs,111,DiaDoProfissional
semdor-crm,src/Clinica.Application/Modelos/Consultorio.cs,141,SemanaDoProfissional
semdor-crm,src/Clinica.Application/Modelos/Consultorio.cs,184,RegistroPendente
semdor-crm,src/Clinica.Application/Modelos/Consultorio.cs,200,DiasEmAberto
semdor-crm,src/Clinica.Application/Modelos/Consultorio.cs,213,PacienteDaCarteira
semdor-crm,src/Clinica.Application/Modelos/Consultorio.cs,230,DiasSemVir
semdor-crm,src/Clinica.Application/Modelos/Consultorio.cs,242,PontoEscore
semdor-crm,src/Clinica.Application/Modelos/Consultorio.cs,255,EvolucaoDoEscore
semdor-crm,src/Clinica.Application/Modelos/ContextoDaFolha.cs,28,Montar
semdor-crm,src/Clinica.Application/Modelos/CronometroDaSessao.cs,43,De
semdor-crm,src/Clinica.Application/Modelos/CronometroDaSessao.cs,71,EmCurso
semdor-crm,src/Clinica.Application/Modelos/CronometroDaSessao.cs,85,Formatar
semdor-crm,src/Clinica.Application/Modelos/DadosPrestador.cs,42,CodigoTuss
semdor-crm,src/Clinica.Application/Modelos/DadosPrestador.cs,51,ComRegistroAns
semdor-crm,src/Clinica.Application/Modelos/FechamentosDaAgenda.cs,33,Descrever
semdor-crm,src/Clinica.Application/Modelos/FechamentosDaAgenda.cs,56,Nomear
semdor-crm,src/Clinica.Application/Modelos/FolhasParaEntregar.cs,50,HerancaDaSessao
semdor-crm,src/Clinica.Application/Modelos/FolhasParaEntregar.cs,69,Procedencia
semdor-crm,src/Clinica.Application/Modelos/FolhasParaEntregar.cs,92,FolhaParaEntregar
semdor-crm,src/Clinica.Application/Modelos/FolhasParaEntregar.cs,136,Montar
semdor-crm,src/Clinica.Application/Modelos/FolhasParaEntregar.cs,177,RotuloCurto
semdor-crm,src/Clinica.Application/Modelos/FolhasParaEntregar.cs,222,Curto
semdor-crm,src/Clinica.Application/Modelos/Gestao.cs,12,IndicadoresAgenda
semdor-crm,src/Clinica.Application/Modelos/Gestao.cs,47,ProdutividadeProfissional
semdor-crm,src/Clinica.Application/Modelos/Gestao.cs,93,MesGerencial
semdor-crm,src/Clinica.Application/Modelos/Gestao.cs,116,PainelGerencial
semdor-crm,src/Clinica.Application/Modelos/Gestao.cs,131,ResultadoCampanha
semdor-crm,src/Clinica.Application/Modelos/Gestao.cs,147,ResumoNps
semdor-crm,src/Clinica.Application/Modelos/Gestao.cs,172,InatividadePaciente
semdor-crm,src/Clinica.Application/Modelos/Gestao.cs,185,CandidatoRecall
semdor-crm,src/Clinica.Application/Modelos/Gestao.cs,200,ValorLancamento
semdor-crm,src/Clinica.Application/Modelos/Gestao.cs,218,RecebimentoComDeducao
semdor-crm,src/Clinica.Application/Modelos/Gestao.cs,242,LancamentoEspecie
semdor-crm,src/Clinica.Application/Modelos/Gestao.cs,257,LancamentoDatado
semdor-crm,src/Clinica.Application/Modelos/Gestao.cs,294,ResumoAtendimentosPaciente
semdor-crm,src/Clinica.Application/Modelos/GradeSemana.cs,15,CelulaSemana
semdor-crm,src/Clinica.Application/Modelos/GradeSemana.cs,32,FaixaSemana
semdor-crm,src/Clinica.Application/Modelos/GradeSemana.cs,47,GradeSemana
semdor-crm,src/Clinica.Application/Modelos/GradeSemana.cs,65,Montar
semdor-crm,src/Clinica.Application/Modelos/GradeSemana.cs,124,Piso
semdor-crm,src/Clinica.Application/Modelos/GraficoDaDor.cs,7,MedidaDaDor
semdor-crm,src/Clinica.Application/Modelos/GraficoDaDor.cs,38,VaiDesenhar
semdor-crm,src/Clinica.Application/Modelos/GraficoDaDor.cs,48,Svg
semdor-crm,src/Clinica.Application/Modelos/GraficoDaDor.cs,104,Linha
semdor-crm,src/Clinica.Application/Modelos/GraficoDaDor.cs,110,N
semdor-crm,src/Clinica.Application/Modelos/HtmlParaTexto.cs,16,Quebras
semdor-crm,src/Clinica.Application/Modelos/HtmlParaTexto.cs,21,ItemDeLista
semdor-crm,src/Clinica.Application/Modelos/HtmlParaTexto.cs,24,FimDeItem
semdor-crm,src/Clinica.Application/Modelos/HtmlParaTexto.cs,27,FimDeLista
semdor-crm,src/Clinica.Application/Modelos/HtmlParaTexto.cs,30,Celula
semdor-crm,src/Clinica.Application/Modelos/HtmlParaTexto.cs,33,ScriptOuEstilo
semdor-crm,src/Clinica.Application/Modelos/HtmlParaTexto.cs,36,QualquerTag
semdor-crm,src/Clinica.Application/Modelos/HtmlParaTexto.cs,39,EspacosRepetidos
semdor-crm,src/Clinica.Application/Modelos/HtmlParaTexto.cs,42,QuebraComEspacos
semdor-crm,src/Clinica.Application/Modelos/HtmlParaTexto.cs,45,QuebrasRepetidas
semdor-crm,src/Clinica.Application/Modelos/HtmlParaTexto.cs,48,Converter
semdor-crm,src/Clinica.Application/Modelos/ImportacaoAnexosSmartClinic.cs,45,Abrir
semdor-crm,src/Clinica.Application/Modelos/ImportacaoAnexosSmartClinic.cs,105,LinhaAnexoPrevia
semdor-crm,src/Clinica.Application/Modelos/ImportacaoAnexosSmartClinic.cs,113,PreviaAnexosSmartClinic
semdor-crm,src/Clinica.Application/Modelos/ImportacaoAnexosSmartClinic.cs,123,ResultadoAnexosSmartClinic
semdor-crm,src/Clinica.Application/Modelos/ImportacaoAnexosSmartClinic.cs,134,Montar
semdor-crm,src/Clinica.Application/Modelos/ImportacaoAnexosSmartClinic.cs,151,Fechou
semdor-crm,src/Clinica.Application/Modelos/ImportacaoPacientes.cs,13,FichaResumida
semdor-crm,src/Clinica.Application/Modelos/ImportacaoPacientes.cs,65,Rotulo
semdor-crm,src/Clinica.Application/Modelos/ImportacaoPacientes.cs,90,Dica
semdor-crm,src/Clinica.Application/Modelos/ImportacaoPacientes.cs,115,ColunaDe
semdor-crm,src/Clinica.Application/Modelos/ImportacaoPacientes.cs,118,Definir
semdor-crm,src/Clinica.Application/Modelos/ImportacaoPacientes.cs,124,Tem
semdor-crm,src/Clinica.Application/Modelos/ImportacaoPacientes.cs,136,Ler
semdor-crm,src/Clinica.Application/Modelos/ImportacaoPacientes.cs,159,Ler
semdor-crm,src/Clinica.Application/Modelos/ImportacaoPacientes.cs,192,DetectarSeparador
semdor-crm,src/Clinica.Application/Modelos/ImportacaoPacientes.cs,206,Dividir
semdor-crm,src/Clinica.Application/Modelos/ImportacaoPacientes.cs,261,readonly
semdor-crm,src/Clinica.Application/Modelos/ImportacaoPacientes.cs,312,Sugerir
semdor-crm,src/Clinica.Application/Modelos/ImportacaoPacientes.cs,347,PrimeiroLivre
semdor-crm,src/Clinica.Application/Modelos/ImportacaoPacientes.cs,355,Normalizar
semdor-crm,src/Clinica.Application/Modelos/ImportacaoPacientes.cs,382,LinhaPrevia
semdor-crm,src/Clinica.Application/Modelos/ImportacaoPacientes.cs,421,PreviaImportacao
semdor-crm,src/Clinica.Application/Modelos/ImportacaoPacientes.cs,436,ResultadoImportacao
semdor-crm,src/Clinica.Application/Modelos/ImportacaoSmartClinic.cs,25,Indice
semdor-crm,src/Clinica.Application/Modelos/ImportacaoSmartClinic.cs,34,AutorAnterior
semdor-crm,src/Clinica.Application/Modelos/ImportacaoSmartClinic.cs,50,EvolucaoPlanejada
semdor-crm,src/Clinica.Application/Modelos/ImportacaoSmartClinic.cs,54,AgendamentoPlanejado
semdor-crm,src/Clinica.Application/Modelos/ImportacaoSmartClinic.cs,58,ResumoArquivoClinico
semdor-crm,src/Clinica.Application/Modelos/ImportacaoSmartClinic.cs,62,ResumoAgendaAnterior
semdor-crm,src/Clinica.Application/Modelos/ImportacaoSmartClinic.cs,67,PreviaSmartClinic
semdor-crm,src/Clinica.Application/Modelos/ImportacaoSmartClinic.cs,83,ResultadoSmartClinic
semdor-crm,src/Clinica.Application/Modelos/ImportacaoSmartClinic.cs,98,RegistroImportadoSemProfissional
semdor-crm,src/Clinica.Application/Modelos/ImportacaoSmartClinic.cs,102,ItemConferencia
semdor-crm,src/Clinica.Application/Modelos/ImportacaoSmartClinic.cs,125,Montar
semdor-crm,src/Clinica.Application/Modelos/ImportacaoSmartClinic.cs,163,Fechou
semdor-crm,src/Clinica.Application/Modelos/ItemConciliacao.cs,6,ItemConciliacao
semdor-crm,src/Clinica.Application/Modelos/LoteTissModelos.cs,4,RetornoGuiaDecisao
semdor-crm,src/Clinica.Application/Modelos/Medidas.cs,25,PontoMedida
semdor-crm,src/Clinica.Application/Modelos/Medidas.cs,43,SerieMedida
semdor-crm,src/Clinica.Application/Modelos/Medidas.cs,88,ResumoMedidas
semdor-crm,src/Clinica.Application/Modelos/MensagensDeContato.cs,18,PrimeiroNome
semdor-crm,src/Clinica.Application/Modelos/MensagensDeContato.cs,27,ConfirmacaoDeSessao
semdor-crm,src/Clinica.Application/Modelos/MensagensDeContato.cs,34,AssuntoConfirmacao
semdor-crm,src/Clinica.Application/Modelos/MensagensDeContato.cs,43,QuandoPorExtenso
semdor-crm,src/Clinica.Application/Modelos/MensagensDeContato.cs,59,ConviteDeRetorno
semdor-crm,src/Clinica.Application/Modelos/MensagensDeContato.cs,65,Assinatura
semdor-crm,src/Clinica.Application/Modelos/ModoDaBusca.cs,51,Modo
semdor-crm,src/Clinica.Application/Modelos/ModoDaBusca.cs,74,Consulta
semdor-crm,src/Clinica.Application/Modelos/PacoteSmartClinic.cs,45,Tabela
semdor-crm,src/Clinica.Application/Modelos/PacoteSmartClinic.cs,48,Tem
semdor-crm,src/Clinica.Application/Modelos/PacoteSmartClinic.cs,52,Abrir
semdor-crm,src/Clinica.Application/Modelos/PacoteSmartClinic.cs,91,De
semdor-crm,src/Clinica.Application/Modelos/PainelDeDocumentos.cs,14,QuemAssina
semdor-crm,src/Clinica.Application/Modelos/PainelDeDocumentos.cs,55,PainelDeDocumentos
semdor-crm,src/Clinica.Application/Modelos/PainelDeDocumentos.cs,79,Montar
semdor-crm,src/Clinica.Application/Modelos/ParcelasDaVenda.cs,47,AVista
semdor-crm,src/Clinica.Application/Modelos/ParcelasDaVenda.cs,50,APrazo
semdor-crm,src/Clinica.Application/Modelos/ParcelasDaVenda.cs,64,ParcelaDaVenda
semdor-crm,src/Clinica.Application/Modelos/ParcelasDaVenda.cs,94,Desenhar
semdor-crm,src/Clinica.Application/Modelos/ParcelasDaVenda.cs,148,Montar
semdor-crm,src/Clinica.Application/Modelos/ParcelasDaVenda.cs,176,Resumir
semdor-crm,src/Clinica.Application/Modelos/ParcelasDaVenda.cs,195,Descrever
semdor-crm,src/Clinica.Application/Modelos/Pendencia.cs,16,PendenciaCodigo
semdor-crm,src/Clinica.Application/Modelos/Pendencia.cs,73,PendenciaConsulta
semdor-crm,src/Clinica.Application/Modelos/Pendencia.cs,91,PendenciaRecursoGlosa
semdor-crm,src/Clinica.Application/Modelos/Pendencia.cs,119,PendenciaCarteirinha
semdor-crm,src/Clinica.Application/Modelos/PendenciasAssinaturasInfusao.cs,4,PendenciasAssinaturasInfusao
semdor-crm,src/Clinica.Application/Modelos/PressaoArterialTexto.cs,22,Par
semdor-crm,src/Clinica.Application/Modelos/PressaoArterialTexto.cs,25,Sozinha
semdor-crm,src/Clinica.Application/Modelos/PressaoArterialTexto.cs,40,Juntar
semdor-crm,src/Clinica.Application/Modelos/PreviaDaFolha.cs,46,PreviaDaFolha
semdor-crm,src/Clinica.Application/Modelos/PreviaDaFolha.cs,95,Montar
semdor-crm,src/Clinica.Application/Modelos/PreviaDaFolha.cs,124,Destinatario
semdor-crm,src/Clinica.Application/Modelos/PreviaDaFolha.cs,130,GrupoDe
semdor-crm,src/Clinica.Application/Modelos/PreviaDaFolha.cs,143,OQueOCliqueFaz
semdor-crm,src/Clinica.Application/Modelos/ProcedenciaDaSessao.cs,29,Descrever
semdor-crm,src/Clinica.Application/Modelos/Prontuario.cs,10,AnexoResumo
semdor-crm,src/Clinica.Application/Modelos/Prontuario.cs,58,AnexoDoPaciente
semdor-crm,src/Clinica.Application/Modelos/Prontuario.cs,85,PontoEva
semdor-crm,src/Clinica.Application/Modelos/Prontuario.cs,95,EvolucaoDaDor
semdor-crm,src/Clinica.Application/Modelos/Prontuario.cs,234,AlertaElegibilidade
semdor-crm,src/Clinica.Application/Modelos/Prontuario.cs,246,Elegibilidade
semdor-crm,src/Clinica.Application/Modelos/ProntuariosEExames.cs,21,PedidoDeExameLinha
semdor-crm,src/Clinica.Application/Modelos/ProntuariosEExames.cs,84,LinhaEvolucaoProntuarios
semdor-crm,src/Clinica.Application/Modelos/ProntuariosEExames.cs,110,LinhaProntuario
semdor-crm,src/Clinica.Application/Modelos/ProntuariosEExames.cs,167,Montar
semdor-crm,src/Clinica.Application/Modelos/ProntuariosEExames.cs,224,DetalheDaSessao
semdor-crm,src/Clinica.Application/Modelos/RazaoEstoque.cs,19,Calcular
semdor-crm,src/Clinica.Application/Modelos/RegistroClinicoPaciente.cs,28,RegistroClinicoPaciente
semdor-crm,src/Clinica.Application/Modelos/RegistroClinicoPaciente.cs,92,Montar
semdor-crm,src/Clinica.Application/Modelos/RegistroClinicoPaciente.cs,144,Permitido
semdor-crm,src/Clinica.Application/Modelos/RegistroClinicoPaciente.cs,151,DeSessao
semdor-crm,src/Clinica.Application/Modelos/RegistroClinicoPaciente.cs,189,MontarEnfermagem
semdor-crm,src/Clinica.Application/Modelos/RegistroClinicoPaciente.cs,240,DeInfusao
semdor-crm,src/Clinica.Application/Modelos/RegistroClinicoPaciente.cs,253,DeDocumento
semdor-crm,src/Clinica.Application/Modelos/RegistroClinicoPaciente.cs,267,DeArquivoDaFicha
semdor-crm,src/Clinica.Application/Modelos/Relatorio.cs,7,ResumoFaturamento
semdor-crm,src/Clinica.Application/Modelos/Relatorio.cs,27,FaturamentoPorConvenio
semdor-crm,src/Clinica.Application/Modelos/Relatorio.cs,46,ConsultasPorEspecialidade
semdor-crm,src/Clinica.Application/Modelos/Relatorio.cs,52,FaixaEnvelhecimento
semdor-crm,src/Clinica.Application/Modelos/Relatorio.cs,57,ResumoMensal
semdor-crm,src/Clinica.Application/Modelos/Relatorio.cs,67,RelatorioFaturamento
semdor-crm,src/Clinica.Application/Modelos/ResumoDaCarteira.cs,29,ResumoDaCarteira
semdor-crm,src/Clinica.Application/Modelos/ResumoDaCarteira.cs,36,Montar
semdor-crm,src/Clinica.Application/Modelos/ResumoMapaAnterior.cs,4,ResumoMapaAnterior
semdor-crm,src/Clinica.Application/Modelos/ResumoSessaoAnterior.cs,18,CampoDaSessaoAnterior
semdor-crm,src/Clinica.Application/Modelos/ResumoSessaoAnterior.cs,49,ResumoSessaoAnterior
semdor-crm,src/Clinica.Application/Modelos/ResumoSessaoAnterior.cs,57,De
semdor-crm,src/Clinica.Application/Modelos/ResumoSessaoAnterior.cs,84,Valor
semdor-crm,src/Clinica.Application/Modelos/ResumoSessaoAnterior.cs,98,ContextoDaUltima
semdor-crm,src/Clinica.Application/Modelos/ResumoSessaoAnterior.cs,118,DosCampos
semdor-crm,src/Clinica.Application/Modelos/ResumoSessaoAnterior.cs,132,Acrescentar
semdor-crm,src/Clinica.Application/Modelos/ResumoSessaoAnterior.cs,139,DaHipotese
semdor-crm,src/Clinica.Application/Modelos/ResumoSessaoAnterior.cs,159,DoRetorno
semdor-crm,src/Clinica.Application/Modelos/RetornosAMarcar.cs,10,RetornoSugerido
semdor-crm,src/Clinica.Application/Modelos/RetornosAMarcar.cs,26,HorarioPosterior
semdor-crm,src/Clinica.Application/Modelos/RetornosAMarcar.cs,29,RetornoAMarcar
semdor-crm,src/Clinica.Application/Modelos/RetornosAMarcar.cs,92,Montar
semdor-crm,src/Clinica.Application/Modelos/RetornosAMarcar.cs,126,Rotulo
semdor-crm,src/Clinica.Application/Modelos/RodadaPendencias.cs,12,RodadaPendenciasStatus
semdor-crm,src/Clinica.Application/Modelos/RodadaPendencias.cs,32,NaoConformidadeItem
semdor-crm,src/Clinica.Application/Modelos/SaldoAutorizacao.cs,6,SaldoAutorizacao
semdor-crm,src/Clinica.Application/Modelos/SelosDaFila.cs,19,SeloFila
semdor-crm,src/Clinica.Application/Modelos/SelosDaFila.cs,72,Montar
semdor-crm,src/Clinica.Application/Modelos/SessaoDoProntuario.cs,6,BlocoDaSessao
semdor-crm,src/Clinica.Application/Modelos/SessaoDoProntuario.cs,49,SessaoDoProntuario
semdor-crm,src/Clinica.Application/Modelos/SessaoDoProntuario.cs,87,De
semdor-crm,src/Clinica.Application/Modelos/SessaoDoProntuario.cs,122,Somar
semdor-crm,src/Clinica.Application/Modelos/SessaoDoProntuario.cs,135,DaHipotese
semdor-crm,src/Clinica.Application/Modelos/SessaoDoProntuario.cs,149,DoRetorno
semdor-crm,src/Clinica.Application/Modelos/SessaoDoProntuario.cs,163,DaProcedencia
semdor-crm,src/Clinica.Application/Modelos/SessaoDoProntuario.cs,179,DoCancelamento
semdor-crm,src/Clinica.Application/Modelos/SessaoNaFichaPaciente.cs,8,SessaoNaFichaPaciente
semdor-crm,src/Clinica.Application/Modelos/SessaoSemReceita.cs,23,SessaoSemReceita
semdor-crm,src/Clinica.Application/Modelos/SinaisVitaisDaSessao.cs,19,SinaisVitaisDaSessao
semdor-crm,src/Clinica.Application/Modelos/StatusConsultaPaciente.cs,7,StatusConsultaPaciente
semdor-crm,src/Clinica.Application/Modelos/StatusDaFila.cs,27,ForaDaFila
semdor-crm,src/Clinica.Application/Modelos/StatusDaFila.cs,31,Palavra
semdor-crm,src/Clinica.Application/Modelos/StatusDaFila.cs,64,SituacaoNaGrade
semdor-crm,src/Clinica.Application/Modelos/StatusDaFila.cs,72,Detalhe
semdor-crm,src/Clinica.Application/Modelos/StatusDaFila.cs,92,Espera
semdor-crm,src/Clinica.Application/Modelos/StatusDaFila.cs,95,ChamadoHa
semdor-crm,src/Clinica.Application/Modelos/StatusDaFila.cs,102,Juntar
semdor-crm,src/Clinica.Application/Modelos/VariacaoKpi.cs,35,VariacaoKpi
semdor-crm,src/Clinica.Application/Modelos/VariacaoKpi.cs,38,Relativa
semdor-crm,src/Clinica.Application/Modelos/VariacaoKpi.cs,50,EmPontos
semdor-crm,src/Clinica.Application/Modelos/VariacaoKpi.cs,62,EmValor
semdor-crm,src/Clinica.Application/Modelos/VariacaoKpi.cs,73,Montar
semdor-crm,src/Clinica.Application/Servicos/AcessoProntuarioService.cs,125,RegistrarAsync
semdor-crm,src/Clinica.Application/Servicos/AcessoProntuarioService.cs,168,RegistrarExportacaoDaClinicaAsync
semdor-crm,src/Clinica.Application/Servicos/AcessoProntuarioService.cs,205,DoPacienteAsync
semdor-crm,src/Clinica.Application/Servicos/AcessoProntuarioService.cs,216,DentroDaJanelaAsync
semdor-crm,src/Clinica.Application/Servicos/AcessoProntuarioService.cs,242,Rotular
semdor-crm,src/Clinica.Application/Servicos/AcessoService.cs,12,ResultadoAutenticacao
semdor-crm,src/Clinica.Application/Servicos/AcessoService.cs,17,Ok
semdor-crm,src/Clinica.Application/Servicos/AcessoService.cs,18,Falha
semdor-crm,src/Clinica.Application/Servicos/AcessoService.cs,60,UsuariosAsync
semdor-crm,src/Clinica.Application/Servicos/AcessoService.cs,63,ObterAsync
semdor-crm,src/Clinica.Application/Servicos/AcessoService.cs,71,ExisteUsuarioAtivoAsync
semdor-crm,src/Clinica.Application/Servicos/AcessoService.cs,81,CriarAsync
semdor-crm,src/Clinica.Application/Servicos/AcessoService.cs,132,AtualizarAsync
semdor-crm,src/Clinica.Application/Servicos/AcessoService.cs,177,DefinirSenhaAsync
semdor-crm,src/Clinica.Application/Servicos/AcessoService.cs,199,DefinirTrocaObrigatoriaAsync
semdor-crm,src/Clinica.Application/Servicos/AcessoService.cs,217,TrocarSenhaAsync
semdor-crm,src/Clinica.Application/Servicos/AcessoService.cs,245,ExcluirAsync
semdor-crm,src/Clinica.Application/Servicos/AcessoService.cs,271,AutenticarAsync
semdor-crm,src/Clinica.Application/Servicos/AcessoService.cs,342,AutenticarPorCertificadoAsync
semdor-crm,src/Clinica.Application/Servicos/AcessoService.cs,413,CriticarVinculoAsync
semdor-crm,src/Clinica.Application/Servicos/AcessoService.cs,427,CriticarPerfilClinicoAsync
semdor-crm,src/Clinica.Application/Servicos/AcessoService.cs,444,EhUltimoGestorAsync
semdor-crm,src/Clinica.Application/Servicos/AcessoService.cs,451,AuditarAsync
semdor-crm,src/Clinica.Application/Servicos/AgendaPdfService.cs,56,AgendaDoDiaAsync
semdor-crm,src/Clinica.Application/Servicos/AgendaPdfService.cs,128,ComprovanteAsync
semdor-crm,src/Clinica.Application/Servicos/AgendaPdfService.cs,193,Montar
semdor-crm,src/Clinica.Application/Servicos/AgendaPdfService.cs,260,Cabecalho
semdor-crm,src/Clinica.Application/Servicos/AgendaPdfService.cs,264,Celula
semdor-crm,src/Clinica.Application/Servicos/AgendaPdfService.cs,269,Situacao
semdor-crm,src/Clinica.Application/Servicos/AgendaPdfService.cs,278,PrimeiroPreenchido
semdor-crm,src/Clinica.Application/Servicos/AgendaService.cs,15,HorarioEmAberto
semdor-crm,src/Clinica.Application/Servicos/AgendaService.cs,67,GuiaNaMarcacaoLigadaAsync
semdor-crm,src/Clinica.Application/Servicos/AgendaService.cs,70,ConsultaDePsicologiaAsync
semdor-crm,src/Clinica.Application/Servicos/AgendaService.cs,90,AgendarAsync
semdor-crm,src/Clinica.Application/Servicos/AgendaService.cs,213,RemarcarAsync
semdor-crm,src/Clinica.Application/Servicos/AgendaService.cs,360,Anexar
semdor-crm,src/Clinica.Application/Servicos/AgendaService.cs,366,ObterAsync
semdor-crm,src/Clinica.Application/Servicos/AgendaService.cs,369,DoDiaAsync
semdor-crm,src/Clinica.Application/Servicos/AgendaService.cs,373,OcupacoesNaViradaAsync
semdor-crm,src/Clinica.Application/Servicos/AgendaService.cs,377,NoPeriodoAsync
semdor-crm,src/Clinica.Application/Servicos/AgendaService.cs,387,ConflitoAsync
semdor-crm,src/Clinica.Application/Servicos/AgendaService.cs,403,ConflitosAsync
semdor-crm,src/Clinica.Application/Servicos/AgendaService.cs,472,GarantirHorarioPermitidoAsync
semdor-crm,src/Clinica.Application/Servicos/AgendaService.cs,505,AgendarSerieAsync
semdor-crm,src/Clinica.Application/Servicos/AgendaService.cs,573,CancelarSerieAsync
semdor-crm,src/Clinica.Application/Servicos/AgendaService.cs,599,DaSerieAsync
semdor-crm,src/Clinica.Application/Servicos/AgendaService.cs,604,OcupacaoDoDiaAsync
semdor-crm,src/Clinica.Application/Servicos/AgendaService.cs,663,RegistrarChegadaAsync
semdor-crm,src/Clinica.Application/Servicos/AgendaService.cs,692,ChamarAsync
semdor-crm,src/Clinica.Application/Servicos/AgendaService.cs,726,DesfazerChamadaAsync
semdor-crm,src/Clinica.Application/Servicos/AgendaService.cs,768,IniciarAtendimentoAsync
semdor-crm,src/Clinica.Application/Servicos/AgendaService.cs,806,EncerrarAtendimentoAsync
semdor-crm,src/Clinica.Application/Servicos/AgendaService.cs,847,ReabrirAtendimentoAsync
semdor-crm,src/Clinica.Application/Servicos/AgendaService.cs,876,VoltarEtapaAsync
semdor-crm,src/Clinica.Application/Servicos/AgendaService.cs,935,AuditarFilaAsync
semdor-crm,src/Clinica.Application/Servicos/AgendaService.cs,945,ObterParaFilaAsync
semdor-crm,src/Clinica.Application/Servicos/AgendaService.cs,971,ConfirmarPresencaAsync
semdor-crm,src/Clinica.Application/Servicos/AgendaService.cs,1014,ConcluirAtendimentoClinicoAsync
semdor-crm,src/Clinica.Application/Servicos/AgendaService.cs,1057,ExigirConclusaoClinicaAsync
semdor-crm,src/Clinica.Application/Servicos/AgendaService.cs,1069,ConferirEnfermagemParaConclusaoAsync
semdor-crm,src/Clinica.Application/Servicos/AgendaService.cs,1081,PendenciaEnfermagemAsync
semdor-crm,src/Clinica.Application/Servicos/AgendaService.cs,1087,ExigeConferenciaEnfermagemAsync
semdor-crm,src/Clinica.Application/Servicos/AgendaService.cs,1091,ConfirmarNucleoAsync
semdor-crm,src/Clinica.Application/Servicos/AgendaService.cs,1271,HorariosEmAbertoDoDiaAsync
semdor-crm,src/Clinica.Application/Servicos/AgendaService.cs,1415,CancelarAsync
semdor-crm,src/Clinica.Application/Servicos/AgendaService.cs,1419,MarcarFaltaAsync
semdor-crm,src/Clinica.Application/Servicos/AgendaService.cs,1423,AlterarStatusAsync
semdor-crm,src/Clinica.Application/Servicos/AgendaService.cs,1470,SubstituirPorSessaoAsync
semdor-crm,src/Clinica.Application/Servicos/AnamneseService.cs,26,DoPacienteAsync
semdor-crm,src/Clinica.Application/Servicos/AnamneseService.cs,42,SalvarAsync
semdor-crm,src/Clinica.Application/Servicos/AnamneseService.cs,106,VersoesAsync
semdor-crm,src/Clinica.Application/Servicos/AnamneseService.cs,115,GuardarVersao
semdor-crm,src/Clinica.Application/Servicos/AnamneseService.cs,132,Limpar
semdor-crm,src/Clinica.Application/Servicos/AnamneseService.cs,142,Texto
semdor-crm,src/Clinica.Application/Servicos/AnexoPacienteService.cs,90,AnexarAsync
semdor-crm,src/Clinica.Application/Servicos/AnexoPacienteService.cs,125,CancelarAsync
semdor-crm,src/Clinica.Application/Servicos/AnexoPacienteService.cs,151,DaFichaAsync
semdor-crm,src/Clinica.Application/Servicos/AnexoPacienteService.cs,156,ObterAsync
semdor-crm,src/Clinica.Application/Servicos/AnexoPacienteService.cs,160,ConteudoAsync
semdor-crm,src/Clinica.Application/Servicos/AnexoPacienteService.cs,168,ConteudoAsync
semdor-crm,src/Clinica.Application/Servicos/AnexoPacienteService.cs,178,Cortar
semdor-crm,src/Clinica.Application/Servicos/AssinaturaDeDocumentoClinicoService.cs,15,DocumentoAssinado
semdor-crm,src/Clinica.Application/Servicos/AssinaturaDeDocumentoClinicoService.cs,98,AssinarAsync
semdor-crm,src/Clinica.Application/Servicos/AssinaturaDeDocumentoClinicoService.cs,250,ConferirAsync
semdor-crm,src/Clinica.Application/Servicos/AssinaturaDeDocumentoClinicoService.cs,272,ExigirConformidade
semdor-crm,src/Clinica.Application/Servicos/AssinaturaDeDocumentoClinicoService.cs,291,Carimbar
semdor-crm,src/Clinica.Application/Servicos/AssinaturaDeDocumentoClinicoService.cs,319,NomeDoArquivo
semdor-crm,src/Clinica.Application/Servicos/AssinaturaDeDocumentoClinicoService.cs,323,ContarPaginas
semdor-crm,src/Clinica.Application/Servicos/AssinaturaDePrescricaoService.cs,13,FolhaAssinada
semdor-crm,src/Clinica.Application/Servicos/AssinaturaDePrescricaoService.cs,65,AssinarPrescricaoAsync
semdor-crm,src/Clinica.Application/Servicos/AssinaturaDePrescricaoService.cs,130,AssinarExecucaoAsync
semdor-crm,src/Clinica.Application/Servicos/AssinaturaDePrescricaoService.cs,268,FolhaAsync
semdor-crm,src/Clinica.Application/Servicos/AssinaturaDePrescricaoService.cs,319,ValidarInfusaoExternaAsync
semdor-crm,src/Clinica.Application/Servicos/AssinaturaDePrescricaoService.cs,348,SelarAsync
semdor-crm,src/Clinica.Application/Servicos/AssinaturaDePrescricaoService.cs,370,AnexarAsync
semdor-crm,src/Clinica.Application/Servicos/AssinaturaDePrescricaoService.cs,388,GuardarAsync
semdor-crm,src/Clinica.Application/Servicos/AssinaturaDePrescricaoService.cs,407,Montar
semdor-crm,src/Clinica.Application/Servicos/AssinaturaDePrescricaoService.cs,430,PrestadorAsync
semdor-crm,src/Clinica.Application/Servicos/AssinaturaDePrescricaoService.cs,433,ContarPaginas
semdor-crm,src/Clinica.Application/Servicos/AssinaturaDoPacienteService.cs,85,ColherAsync
semdor-crm,src/Clinica.Application/Servicos/AssinaturaDoPacienteService.cs,238,AplicarConsentimentosAsync
semdor-crm,src/Clinica.Application/Servicos/AssinaturaDoPacienteService.cs,306,RecusarAsync
semdor-crm,src/Clinica.Application/Servicos/AssinaturaDoPacienteService.cs,338,TracoAsync
semdor-crm,src/Clinica.Application/Servicos/AssinaturaDoPacienteService.cs,348,ConteudoIntacto
semdor-crm,src/Clinica.Application/Servicos/AssinaturaDoPacienteService.cs,367,SelarConteudo
semdor-crm,src/Clinica.Application/Servicos/AssinaturaDoPacienteService.cs,370,CarregarParaAssinarAsync
semdor-crm,src/Clinica.Application/Servicos/AtendimentoService.cs,9,ResultadoLancamento
semdor-crm,src/Clinica.Application/Servicos/AtendimentoService.cs,17,AtendimentoMontado
semdor-crm,src/Clinica.Application/Servicos/AtendimentoService.cs,26,CapaDoDia
semdor-crm,src/Clinica.Application/Servicos/AtendimentoService.cs,53,PreviaLancamento
semdor-crm,src/Clinica.Application/Servicos/AtendimentoService.cs,146,CapasDoDiaAsync
semdor-crm,src/Clinica.Application/Servicos/AtendimentoService.cs,187,MontarAsync
semdor-crm,src/Clinica.Application/Servicos/AtendimentoService.cs,248,RecuperarGuiasAusentesAsync
semdor-crm,src/Clinica.Application/Servicos/AtendimentoService.cs,275,GerarPelaRegraAsync
semdor-crm,src/Clinica.Application/Servicos/AtendimentoService.cs,310,PrepararPresencaAsync
semdor-crm,src/Clinica.Application/Servicos/AtendimentoService.cs,348,ConcluirPresencaAsync
semdor-crm,src/Clinica.Application/Servicos/AtendimentoService.cs,401,LancarAsync
semdor-crm,src/Clinica.Application/Servicos/AtendimentoService.cs,456,PreverAsync
semdor-crm,src/Clinica.Application/Servicos/AtendimentoService.cs,482,PreverModalidadesAsync
semdor-crm,src/Clinica.Application/Servicos/AtendimentoService.cs,517,Simular
semdor-crm,src/Clinica.Application/Servicos/AtendimentoService.cs,611,RefletirStatusDoHorarioAsync
semdor-crm,src/Clinica.Application/Servicos/AtendimentoService.cs,697,AjustarAoRemarcarAsync
semdor-crm,src/Clinica.Application/Servicos/AtendimentoService.cs,773,AplicarParticular
semdor-crm,src/Clinica.Application/Servicos/AuditoriaService.cs,10,ResumoAuditoria
semdor-crm,src/Clinica.Application/Servicos/AuditoriaService.cs,44,ConsultarAsync
semdor-crm,src/Clinica.Application/Servicos/AuditoriaService.cs,56,ResumoAsync
semdor-crm,src/Clinica.Application/Servicos/AuditoriaService.cs,80,AcoesConhecidasAsync
semdor-crm,src/Clinica.Application/Servicos/AuditoriaService.cs,84,DaGuiaAsync
semdor-crm,src/Clinica.Application/Servicos/AuditoriaService.cs,89,DoPacienteAsync
semdor-crm,src/Clinica.Application/Servicos/AutorizacaoService.cs,24,DoPacienteAsync
semdor-crm,src/Clinica.Application/Servicos/AutorizacaoService.cs,28,SaldosAsync
semdor-crm,src/Clinica.Application/Servicos/AutorizacaoService.cs,42,VigenteAsync
semdor-crm,src/Clinica.Application/Servicos/AutorizacaoService.cs,54,CalcularAsync
semdor-crm,src/Clinica.Application/Servicos/AutorizacaoService.cs,70,SalvarAsync
semdor-crm,src/Clinica.Application/Servicos/AutorizacaoService.cs,116,RemoverAsync
semdor-crm,src/Clinica.Application/Servicos/AutorizacaoService.cs,133,Validar
semdor-crm,src/Clinica.Application/Servicos/AvaliacaoClinicaService.cs,42,Disponiveis
semdor-crm,src/Clinica.Application/Servicos/AvaliacaoClinicaService.cs,46,Instrumento
semdor-crm,src/Clinica.Application/Servicos/AvaliacaoClinicaService.cs,50,DoPacienteAsync
semdor-crm,src/Clinica.Application/Servicos/AvaliacaoClinicaService.cs,55,ObterAsync
semdor-crm,src/Clinica.Application/Servicos/AvaliacaoClinicaService.cs,62,AplicarAsync
semdor-crm,src/Clinica.Application/Servicos/AvaliacaoClinicaService.cs,150,CancelarAsync
semdor-crm,src/Clinica.Application/Servicos/AvaliacaoClinicaService.cs,186,EvolucaoDoEscoreAsync
semdor-crm,src/Clinica.Application/Servicos/AvaliacaoClinicaService.cs,223,Validar
semdor-crm,src/Clinica.Application/Servicos/AvaliacaoClinicaService.cs,258,Limpar
semdor-crm,src/Clinica.Application/Servicos/BloqueioAgendaService.cs,10,BloqueioComAgenda
semdor-crm,src/Clinica.Application/Servicos/BloqueioAgendaService.cs,19,ResultadoRemarcacaoEmLote
semdor-crm,src/Clinica.Application/Servicos/BloqueioAgendaService.cs,68,ListarAsync
semdor-crm,src/Clinica.Application/Servicos/BloqueioAgendaService.cs,72,ObterAsync
semdor-crm,src/Clinica.Application/Servicos/BloqueioAgendaService.cs,85,NoPeriodoAsync
semdor-crm,src/Clinica.Application/Servicos/BloqueioAgendaService.cs,96,CriarAsync
semdor-crm,src/Clinica.Application/Servicos/BloqueioAgendaService.cs,152,RemarcarEmLoteAsync
semdor-crm,src/Clinica.Application/Servicos/BloqueioAgendaService.cs,205,ExcluirAsync
semdor-crm,src/Clinica.Application/Servicos/BloqueioAgendaService.cs,232,MarcadosDentroAsync
semdor-crm,src/Clinica.Application/Servicos/BuscaDeVagasService.cs,19,ProximasComRecursosAsync
semdor-crm,src/Clinica.Application/Servicos/BuscaDeVagasService.cs,39,ProximasAsync
semdor-crm,src/Clinica.Application/Servicos/CalendarioCartaoService.cs,6,CalendarioCartaoService
semdor-crm,src/Clinica.Application/Servicos/CalendarioCartaoService.cs,9,CriarAsync
semdor-crm,src/Clinica.Application/Servicos/CalendarioCartaoService.cs,38,AtualizarConfirmacaoDaVendaAsync
semdor-crm,src/Clinica.Application/Servicos/CampanhaService.cs,43,GerarConfirmacoesAsync
semdor-crm,src/Clinica.Application/Servicos/CampanhaService.cs,90,GerarNpsAsync
semdor-crm,src/Clinica.Application/Servicos/CampanhaService.cs,135,RegistrarNotaAsync
semdor-crm,src/Clinica.Application/Servicos/CampanhaService.cs,161,NpsAsync
semdor-crm,src/Clinica.Application/Servicos/CampanhaService.cs,187,CandidatosRecallAsync
semdor-crm,src/Clinica.Application/Servicos/CampanhaService.cs,225,GerarRecallAsync
semdor-crm,src/Clinica.Application/Servicos/CampanhaService.cs,265,ContatosAsync
semdor-crm,src/Clinica.Application/Servicos/CampanhaService.cs,275,DoPacienteAsync
semdor-crm,src/Clinica.Application/Servicos/CampanhaService.cs,280,RegistrarEnvioAsync
semdor-crm,src/Clinica.Application/Servicos/CampanhaService.cs,297,RegistrarRespostaAsync
semdor-crm,src/Clinica.Application/Servicos/CampanhaService.cs,316,DispensarAsync
semdor-crm,src/Clinica.Application/Servicos/CampanhaService.cs,335,Rotular
semdor-crm,src/Clinica.Application/Servicos/CampanhaService.cs,343,Rotular
semdor-crm,src/Clinica.Application/Servicos/CampanhaService.cs,352,Rotular
semdor-crm,src/Clinica.Application/Servicos/CampanhaService.cs,360,TemTelefone
semdor-crm,src/Clinica.Application/Servicos/CampanhaService.cs,362,TemTelefone
semdor-crm,src/Clinica.Application/Servicos/CampoPersonalizadoService.cs,28,TodosAsync
semdor-crm,src/Clinica.Application/Servicos/CampoPersonalizadoService.cs,35,DaSessaoAsync
semdor-crm,src/Clinica.Application/Servicos/CampoPersonalizadoService.cs,47,SalvarAsync
semdor-crm,src/Clinica.Application/Servicos/CampoPersonalizadoService.cs,114,Montar
semdor-crm,src/Clinica.Application/Servicos/CampoPersonalizadoService.cs,147,Normalizar
semdor-crm,src/Clinica.Application/Servicos/CampoPersonalizadoService.cs,195,Exibir
semdor-crm,src/Clinica.Application/Servicos/CampoPersonalizadoService.cs,216,Resumir
semdor-crm,src/Clinica.Application/Servicos/CampoPersonalizadoService.cs,222,Limpar
semdor-crm,src/Clinica.Application/Servicos/CapaFaturamentoService.cs,43,EstaConcluido
semdor-crm,src/Clinica.Application/Servicos/CapaFaturamentoService.cs,49,GerarPdfAsync
semdor-crm,src/Clinica.Application/Servicos/CapaFaturamentoService.cs,57,GerarConclusaoAsync
semdor-crm,src/Clinica.Application/Servicos/CapaFaturamentoService.cs,66,GerarPdf
semdor-crm,src/Clinica.Application/Servicos/CapaFaturamentoService.cs,263,RotuloTipo
semdor-crm,src/Clinica.Application/Servicos/CapaFaturamentoService.cs,270,RotuloForma
semdor-crm,src/Clinica.Application/Servicos/CapaFaturamentoService.cs,279,PrimeiroPreenchido
semdor-crm,src/Clinica.Application/Servicos/CapaFaturamentoService.cs,282,Prefixado
semdor-crm,src/Clinica.Application/Servicos/CapaFaturamentoService.cs,285,JuntarComSeparador
semdor-crm,src/Clinica.Application/Servicos/CapaFaturamentoService.cs,293,CapaConclusao
semdor-crm,src/Clinica.Application/Servicos/CentralDocumentosService.cs,63,FolhaCatalogo
semdor-crm,src/Clinica.Application/Servicos/CentralDocumentosService.cs,151,FolhaEmitida
semdor-crm,src/Clinica.Application/Servicos/CentralDocumentosService.cs,228,ResumoFolhas
semdor-crm,src/Clinica.Application/Servicos/CentralDocumentosService.cs,245,Montar
semdor-crm,src/Clinica.Application/Servicos/CentralDocumentosService.cs,466,CatalogoPara
semdor-crm,src/Clinica.Application/Servicos/CentralDocumentosService.cs,470,Folha
semdor-crm,src/Clinica.Application/Servicos/CentralDocumentosService.cs,474,Folha
semdor-crm,src/Clinica.Application/Servicos/CentralDocumentosService.cs,490,AcessoParaVer
semdor-crm,src/Clinica.Application/Servicos/CentralDocumentosService.cs,502,PodeVer
semdor-crm,src/Clinica.Application/Servicos/CentralDocumentosService.cs,506,PodeVer
semdor-crm,src/Clinica.Application/Servicos/CentralDocumentosService.cs,510,AcessoParaEmitir
semdor-crm,src/Clinica.Application/Servicos/CentralDocumentosService.cs,514,RotularClinico
semdor-crm,src/Clinica.Application/Servicos/CentralDocumentosService.cs,519,RotularFinanceiro
semdor-crm,src/Clinica.Application/Servicos/CentralDocumentosService.cs,536,EmitidasAsync
semdor-crm,src/Clinica.Application/Servicos/CentralDocumentosService.cs,608,Alcanca
semdor-crm,src/Clinica.Application/Servicos/CentralDocumentosService.cs,631,GerarFechamentoPeriodoAsync
semdor-crm,src/Clinica.Application/Servicos/ChecagemCuidadoService.cs,15,CuidadoDoDia
semdor-crm,src/Clinica.Application/Servicos/ChecagemCuidadoService.cs,37,PlanoDeCuidadosDoDia
semdor-crm,src/Clinica.Application/Servicos/ChecagemCuidadoService.cs,97,PlanoDoDiaAsync
semdor-crm,src/Clinica.Application/Servicos/ChecagemCuidadoService.cs,131,ChecarAsync
semdor-crm,src/Clinica.Application/Servicos/ChecagemCuidadoService.cs,167,RetificarAsync
semdor-crm,src/Clinica.Application/Servicos/ChecagemCuidadoService.cs,216,Conferir
semdor-crm,src/Clinica.Application/Servicos/ChecagemCuidadoService.cs,249,Montar
semdor-crm,src/Clinica.Application/Servicos/ChecagemCuidadoService.cs,268,Descrever
semdor-crm,src/Clinica.Application/Servicos/ChecagemPrescricaoService.cs,14,IdentificacaoExecutante
semdor-crm,src/Clinica.Application/Servicos/ChecagemPrescricaoService.cs,32,Exigir
semdor-crm,src/Clinica.Application/Servicos/ChecagemPrescricaoService.cs,136,DoDiaAsync
semdor-crm,src/Clinica.Application/Servicos/ChecagemPrescricaoService.cs,149,AguardandoAssinaturaAsync
semdor-crm,src/Clinica.Application/Servicos/ChecagemPrescricaoService.cs,153,AguardandoValidacaoMedicaAsync
semdor-crm,src/Clinica.Application/Servicos/ChecagemPrescricaoService.cs,157,ContarAssinaturasPendentesAsync
semdor-crm,src/Clinica.Application/Servicos/ChecagemPrescricaoService.cs,164,PendentesDoDiaAsync
semdor-crm,src/Clinica.Application/Servicos/ChecagemPrescricaoService.cs,196,ChecarAsync
semdor-crm,src/Clinica.Application/Servicos/ChecagemPrescricaoService.cs,245,RetificarAsync
semdor-crm,src/Clinica.Application/Servicos/ChecagemPrescricaoService.cs,312,EncerrarAsync
semdor-crm,src/Clinica.Application/Servicos/ChecagemPrescricaoService.cs,357,ExigirItemChecavel
semdor-crm,src/Clinica.Application/Servicos/ChecagemPrescricaoService.cs,411,ConferirAlergiaDoItem
semdor-crm,src/Clinica.Application/Servicos/ChecagemPrescricaoService.cs,433,Montar
semdor-crm,src/Clinica.Application/Servicos/ChecagemPrescricaoService.cs,471,ExigirHoraPlausivel
semdor-crm,src/Clinica.Application/Servicos/ChecagemPrescricaoService.cs,490,RegistrarAlergiaSePedido
semdor-crm,src/Clinica.Application/Servicos/ChecagemPrescricaoService.cs,511,Descrever
semdor-crm,src/Clinica.Application/Servicos/ChecagemPrescricaoService.cs,520,RotularSituacao
semdor-crm,src/Clinica.Application/Servicos/ColetaRemotaTermoService.cs,57,EnviarAsync
semdor-crm,src/Clinica.Application/Servicos/ColetaRemotaTermoService.cs,166,ColherRespostaAsync
semdor-crm,src/Clinica.Application/Servicos/ColetaRemotaTermoService.cs,199,SincronizarRespostasAsync
semdor-crm,src/Clinica.Application/Servicos/ColetaRemotaTermoService.cs,226,DoBancoAsync
semdor-crm,src/Clinica.Application/Servicos/ColetaRemotaTermoService.cs,246,DoBaldeAsync
semdor-crm,src/Clinica.Application/Servicos/ColetaRemotaTermoService.cs,302,LerRespostas
semdor-crm,src/Clinica.Application/Servicos/ColetaRemotaTermoService.cs,327,ConcluirAsync
semdor-crm,src/Clinica.Application/Servicos/ColetaRemotaTermoService.cs,349,CancelarAsync
semdor-crm,src/Clinica.Application/Servicos/ColetaRemotaTermoService.cs,378,LimparVencidasAsync
semdor-crm,src/Clinica.Application/Servicos/ColetaRemotaTermoService.cs,414,Montar
semdor-crm,src/Clinica.Application/Servicos/ColetaRemotaTermoService.cs,425,RemoverObjetosAsync
semdor-crm,src/Clinica.Application/Servicos/ColetaRemotaTermoService.cs,465,Evidencia
semdor-crm,src/Clinica.Application/Servicos/ColetaRemotaTermoService.cs,478,PrimeiroNome
semdor-crm,src/Clinica.Application/Servicos/ColetaRemotaTermoService.cs,483,EnvioRemotoTermo
semdor-crm,src/Clinica.Application/Servicos/ColetaRemotaTermoService.cs,486,RespostaRemotaTermo
semdor-crm,src/Clinica.Application/Servicos/ConciliacaoAgendaService.cs,9,SessaoLancadaNoDia
semdor-crm,src/Clinica.Application/Servicos/ConciliacaoAgendaService.cs,19,HorarioParado
semdor-crm,src/Clinica.Application/Servicos/ConciliacaoAgendaService.cs,38,HorarioOrfao
semdor-crm,src/Clinica.Application/Servicos/ConciliacaoAgendaService.cs,42,ConciliacaoDaAgenda
semdor-crm,src/Clinica.Application/Servicos/ConciliacaoAgendaService.cs,117,LevantarAsync
semdor-crm,src/Clinica.Application/Servicos/ConciliacaoBancariaService.cs,28,LinhaConciliada
semdor-crm,src/Clinica.Application/Servicos/ConciliacaoBancariaService.cs,44,ResultadoConciliacao
semdor-crm,src/Clinica.Application/Servicos/ConciliacaoBancariaService.cs,101,CruzarAsync
semdor-crm,src/Clinica.Application/Servicos/ConciliacaoBancariaService.cs,201,ConciliarAsync
semdor-crm,src/Clinica.Application/Servicos/ConciliacaoBancariaService.cs,212,ConciliarLinhaAsync
semdor-crm,src/Clinica.Application/Servicos/ConciliacaoBancariaService.cs,217,ConciliarDepositoAsync
semdor-crm,src/Clinica.Application/Servicos/ConciliacaoBancariaService.cs,223,ConciliarItensAsync
semdor-crm,src/Clinica.Application/Servicos/ConciliacaoBancariaService.cs,259,IntegralAsync
semdor-crm,src/Clinica.Application/Servicos/ConciliacaoBancariaService.cs,268,ValidarIdentidadeAsync
semdor-crm,src/Clinica.Application/Servicos/ConciliacaoBancariaService.cs,276,ConfirmarItemAsync
semdor-crm,src/Clinica.Application/Servicos/ConciliacaoBancariaService.cs,305,DesfazerAsync
semdor-crm,src/Clinica.Application/Servicos/ConciliacaoBancariaService.cs,314,DesfazerParcelaAsync
semdor-crm,src/Clinica.Application/Servicos/ConciliacaoBancariaService.cs,324,DesfazerTransacaoAsync
semdor-crm,src/Clinica.Application/Servicos/ConciliacaoBancariaService.cs,353,AtualizarVendasAsync
semdor-crm,src/Clinica.Application/Servicos/ConciliacaoBancariaService.cs,359,AuditarAsync
semdor-crm,src/Clinica.Application/Servicos/ConciliacaoBancariaService.cs,368,Combina
semdor-crm,src/Clinica.Application/Servicos/ConciliacaoBancariaService.cs,371,DataDoDinheiro
semdor-crm,src/Clinica.Application/Servicos/ConciliacaoBancariaService.cs,372,ValorBancario
semdor-crm,src/Clinica.Application/Servicos/ConfiguracaoAgendaService.cs,6,JornadaAnterior
semdor-crm,src/Clinica.Application/Servicos/ConfiguracaoAgendaService.cs,9,ConfiguracaoAgendaService
semdor-crm,src/Clinica.Application/Servicos/ConfiguracaoAgendaService.cs,11,SalvarAsync
semdor-crm,src/Clinica.Application/Servicos/ConsentimentoService.cs,29,HistoricoAsync
semdor-crm,src/Clinica.Application/Servicos/ConsentimentoService.cs,37,SituacaoAsync
semdor-crm,src/Clinica.Application/Servicos/ConsentimentoService.cs,50,VigenteAsync
semdor-crm,src/Clinica.Application/Servicos/ConsentimentoService.cs,106,RegistrarAsync
semdor-crm,src/Clinica.Application/Servicos/ConsentimentoService.cs,128,RevogarAsync
semdor-crm,src/Clinica.Application/Servicos/ConsentimentoService.cs,160,Rotular
semdor-crm,src/Clinica.Application/Servicos/ConsultaService.cs,27,ValidadeAsync
semdor-crm,src/Clinica.Application/Servicos/ConsultaService.cs,37,ValidadeEfetiva
semdor-crm,src/Clinica.Application/Servicos/ConsultaService.cs,46,RenovarAsync
semdor-crm,src/Clinica.Application/Servicos/ConsultaService.cs,76,ListarAsync
semdor-crm,src/Clinica.Application/Servicos/ConsultaService.cs,104,SituacaoDeAsync
semdor-crm,src/Clinica.Application/Servicos/ConsultaService.cs,129,DoPacienteAsync
semdor-crm,src/Clinica.Application/Servicos/ConsultaService.cs,140,JanelaAsync
semdor-crm,src/Clinica.Application/Servicos/ConsultaService.cs,147,Avaliar
semdor-crm,src/Clinica.Application/Servicos/ConsultorioService.cs,51,DoDiaAsync
semdor-crm,src/Clinica.Application/Servicos/ConsultorioService.cs,92,DaSemanaAsync
semdor-crm,src/Clinica.Application/Servicos/ConsultorioService.cs,138,InicioDaSemana
semdor-crm,src/Clinica.Application/Servicos/ConsultorioService.cs,152,RegistrosPendentesAsync
semdor-crm,src/Clinica.Application/Servicos/ConsultorioService.cs,230,PacientesAsync
semdor-crm,src/Clinica.Application/Servicos/ConsultorioService.cs,277,EvolucaoDoHorario
semdor-crm,src/Clinica.Application/Servicos/ConsultorioService.cs,310,SessoesDoPacienteNoDiaAsync
semdor-crm,src/Clinica.Application/Servicos/ConsultorioService.cs,359,SinaisVitaisDaSessaoAsync
semdor-crm,src/Clinica.Application/Servicos/ConsultorioService.cs,375,CabecalhoAsync
semdor-crm,src/Clinica.Application/Servicos/ConsultorioService.cs,430,Montar
semdor-crm,src/Clinica.Application/Servicos/ContasService.Baixas.cs,6,HistoricoObrigacaoAsync
semdor-crm,src/Clinica.Application/Servicos/ContasService.Baixas.cs,15,PrepararBaixaParcialAsync
semdor-crm,src/Clinica.Application/Servicos/ContasService.Baixas.cs,48,ReabrirBaixaDesdobradaAsync
semdor-crm,src/Clinica.Application/Servicos/ContasService.Baixas.cs,60,CopiarSaldo
semdor-crm,src/Clinica.Application/Servicos/ContasService.cs,13,ResultadoGeracaoContas
semdor-crm,src/Clinica.Application/Servicos/ContasService.cs,22,ResumoContas
semdor-crm,src/Clinica.Application/Servicos/ContasService.cs,70,EmAbertoAsync
semdor-crm,src/Clinica.Application/Servicos/ContasService.cs,75,VencidasAsync
semdor-crm,src/Clinica.Application/Servicos/ContasService.cs,87,ResumoAsync
semdor-crm,src/Clinica.Application/Servicos/ContasService.cs,110,LancarContaAsync
semdor-crm,src/Clinica.Application/Servicos/ContasService.cs,178,LancarParcelamentoAsync
semdor-crm,src/Clinica.Application/Servicos/ContasService.cs,233,ReagendarAsync
semdor-crm,src/Clinica.Application/Servicos/ContasService.cs,259,RecorrentesAsync
semdor-crm,src/Clinica.Application/Servicos/ContasService.cs,263,CriarRecorrenteAsync
semdor-crm,src/Clinica.Application/Servicos/ContasService.cs,314,AtualizarRecorrenteAsync
semdor-crm,src/Clinica.Application/Servicos/ContasService.cs,371,GerarAsync
semdor-crm,src/Clinica.Application/Servicos/ConvenioCatalogoService.cs,20,ListarAsync
semdor-crm,src/Clinica.Application/Servicos/ConvenioCatalogoService.cs,61,RecarregarCacheAsync
semdor-crm,src/Clinica.Application/Servicos/ConvenioCatalogoService.cs,72,SalvarAsync
semdor-crm,src/Clinica.Application/Servicos/ConvenioCatalogoService.cs,85,EhEmbutido
semdor-crm,src/Clinica.Application/Servicos/CustoTransacaoService.cs,14,CustoAdquirente
semdor-crm,src/Clinica.Application/Servicos/CustoTransacaoService.cs,33,MesCusto
semdor-crm,src/Clinica.Application/Servicos/CustoTransacaoService.cs,54,ResumoCustoTransacao
semdor-crm,src/Clinica.Application/Servicos/CustoTransacaoService.cs,106,PorAdquirenteAsync
semdor-crm,src/Clinica.Application/Servicos/CustoTransacaoService.cs,136,SerieAsync
semdor-crm,src/Clinica.Application/Servicos/CustoTransacaoService.cs,166,ResumoAsync
semdor-crm,src/Clinica.Application/Servicos/DocumentoClinicoService.cs,69,DoPacienteAsync
semdor-crm,src/Clinica.Application/Servicos/DocumentoClinicoService.cs,77,TermosLgpdComFinalidadeAsync
semdor-crm,src/Clinica.Application/Servicos/DocumentoClinicoService.cs,81,ObterAsync
semdor-crm,src/Clinica.Application/Servicos/DocumentoClinicoService.cs,85,PorCodigoAsync
semdor-crm,src/Clinica.Application/Servicos/DocumentoClinicoService.cs,95,EmitirAsync
semdor-crm,src/Clinica.Application/Servicos/DocumentoClinicoService.cs,188,CancelarAsync
semdor-crm,src/Clinica.Application/Servicos/DocumentoClinicoService.cs,229,Menor
semdor-crm,src/Clinica.Application/Servicos/DocumentoClinicoService.cs,232,Maior
semdor-crm,src/Clinica.Application/Servicos/DocumentoClinicoService.cs,235,EmitirRelatorioEvolucaoAsync
semdor-crm,src/Clinica.Application/Servicos/DocumentoClinicoService.cs,470,EmitirAnamneseAsync
semdor-crm,src/Clinica.Application/Servicos/DocumentoClinicoService.cs,539,EmitirTermoConsentimentoAsync
semdor-crm,src/Clinica.Application/Servicos/DocumentoClinicoService.cs,589,EmitirTermoProcedimentoAsync
semdor-crm,src/Clinica.Application/Servicos/DocumentoClinicoService.cs,629,ModelosAsync
semdor-crm,src/Clinica.Application/Servicos/DocumentoClinicoService.cs,638,SalvarModeloAsync
semdor-crm,src/Clinica.Application/Servicos/DocumentoClinicoService.cs,715,ExcluirModeloAsync
semdor-crm,src/Clinica.Application/Servicos/DocumentoClinicoService.cs,723,ValidarAsync
semdor-crm,src/Clinica.Application/Servicos/DocumentoClinicoService.cs,765,ExigeAssinante
semdor-crm,src/Clinica.Application/Servicos/DocumentoClinicoService.cs,770,NumerarAsync
semdor-crm,src/Clinica.Application/Servicos/DocumentoClinicoService.cs,784,Lista
semdor-crm,src/Clinica.Application/Servicos/DocumentoClinicoService.cs,794,GerarCodigo
semdor-crm,src/Clinica.Application/Servicos/DocumentoClinicoService.cs,806,Juntar
semdor-crm,src/Clinica.Application/Servicos/DocumentoClinicoService.cs,812,Limpar
semdor-crm,src/Clinica.Application/Servicos/DocumentoFinanceiroService.cs,25,ObterAsync
semdor-crm,src/Clinica.Application/Servicos/DocumentoFinanceiroService.cs,28,DoPeriodoAsync
semdor-crm,src/Clinica.Application/Servicos/DocumentoFinanceiroService.cs,33,EmitirAsync
semdor-crm,src/Clinica.Application/Servicos/DocumentoFinanceiroService.cs,122,EmitirReciboDoLancamentoAsync
semdor-crm,src/Clinica.Application/Servicos/DocumentoFinanceiroService.cs,161,EmitirOrcamentoDoPacoteAsync
semdor-crm,src/Clinica.Application/Servicos/DocumentoFinanceiroService.cs,194,CancelarAsync
semdor-crm,src/Clinica.Application/Servicos/DocumentoFinanceiroService.cs,220,NumerarAsync
semdor-crm,src/Clinica.Application/Servicos/DocumentoFinanceiroService.cs,227,GerarCodigo
semdor-crm,src/Clinica.Application/Servicos/DocumentoFinanceiroService.cs,239,Limpar
semdor-crm,src/Clinica.Application/Servicos/DocumentosClinicosPdfService.cs,127,AreaDaAssinatura
semdor-crm,src/Clinica.Application/Servicos/DocumentosClinicosPdfService.cs,146,GerarAsync
semdor-crm,src/Clinica.Application/Servicos/DocumentosClinicosPdfService.cs,209,Gerar
semdor-crm,src/Clinica.Application/Servicos/DocumentosClinicosPdfService.cs,388,Rodape
semdor-crm,src/Clinica.Application/Servicos/DocumentosClinicosPdfService.cs,479,QrDoValidador
semdor-crm,src/Clinica.Application/Servicos/DocumentosClinicosPdfService.cs,487,Qr
semdor-crm,src/Clinica.Application/Servicos/DocumentosClinicosPdfService.cs,505,PainelPaciente
semdor-crm,src/Clinica.Application/Servicos/DocumentosClinicosPdfService.cs,554,ListaPrescrita
semdor-crm,src/Clinica.Application/Servicos/DocumentosClinicosPdfService.cs,584,BlocoAtestado
semdor-crm,src/Clinica.Application/Servicos/DocumentosClinicosPdfService.cs,615,BlocoComparecimento
semdor-crm,src/Clinica.Application/Servicos/DocumentosClinicosPdfService.cs,637,TabelaSessoes
semdor-crm,src/Clinica.Application/Servicos/DocumentosClinicosPdfService.cs,678,CurvaDaDor
semdor-crm,src/Clinica.Application/Servicos/DocumentosClinicosPdfService.cs,724,MapasDasSessoes
semdor-crm,src/Clinica.Application/Servicos/DocumentosClinicosPdfService.cs,784,FiguraDaFace
semdor-crm,src/Clinica.Application/Servicos/DocumentosClinicosPdfService.cs,804,DataDaLinha
semdor-crm,src/Clinica.Application/Servicos/DocumentosClinicosPdfService.cs,822,Declaracoes
semdor-crm,src/Clinica.Application/Servicos/DocumentosClinicosPdfService.cs,860,RoteiroComLinhas
semdor-crm,src/Clinica.Application/Servicos/DocumentosClinicosPdfService.cs,888,Assinaturas
semdor-crm,src/Clinica.Application/Servicos/DocumentosClinicosPdfService.cs,1069,Paragrafos
semdor-crm,src/Clinica.Application/Servicos/DocumentosClinicosPdfService.cs,1092,PrimeiroPreenchido
semdor-crm,src/Clinica.Application/Servicos/DocumentosClinicosPdfService.cs,1095,Prefixado
semdor-crm,src/Clinica.Application/Servicos/DocumentosClinicosPdfService.cs,1098,JuntarComSeparador
semdor-crm,src/Clinica.Application/Servicos/DocumentosFinanceirosPdfService.cs,36,GerarAsync
semdor-crm,src/Clinica.Application/Servicos/DocumentosFinanceirosPdfService.cs,45,Gerar
semdor-crm,src/Clinica.Application/Servicos/DocumentosFinanceirosPdfService.cs,257,RotularForma
semdor-crm,src/Clinica.Application/Servicos/DocumentosFinanceirosPdfService.cs,269,PrimeiroPreenchido
semdor-crm,src/Clinica.Application/Servicos/DocumentosFinanceirosPdfService.cs,272,Prefixado
semdor-crm,src/Clinica.Application/Servicos/DocumentosFinanceirosPdfService.cs,275,JuntarComSeparador
semdor-crm,src/Clinica.Application/Servicos/ElegibilidadeService.cs,84,ConferirAsync
semdor-crm,src/Clinica.Application/Servicos/ElegibilidadeService.cs,114,ConferirTermoAsync
semdor-crm,src/Clinica.Application/Servicos/ElegibilidadeService.cs,181,ConferirConvenioADefinir
semdor-crm,src/Clinica.Application/Servicos/ElegibilidadeService.cs,192,ConferirCarteirinha
semdor-crm,src/Clinica.Application/Servicos/ElegibilidadeService.cs,226,ConferirConsultaAsync
semdor-crm,src/Clinica.Application/Servicos/ElegibilidadeService.cs,244,ConferirCotaAsync
semdor-crm,src/Clinica.Application/Servicos/ElegibilidadeService.cs,282,ConferirConsentimentoAsync
semdor-crm,src/Clinica.Application/Servicos/ElegibilidadeService.cs,306,ConferirDebitoAsync
semdor-crm,src/Clinica.Application/Servicos/ElegibilidadeService.cs,335,ConferirSessaoSemReceitaAsync
semdor-crm,src/Clinica.Application/Servicos/ElegibilidadeService.cs,365,ConferirGlosaAsync
semdor-crm,src/Clinica.Application/Servicos/ElegibilidadeService.cs,428,ConferirPacoteAsync
semdor-crm,src/Clinica.Application/Servicos/EquipeService.cs,25,ProfissionaisAsync
semdor-crm,src/Clinica.Application/Servicos/EquipeService.cs,29,ProfissionaisAtivosAsync
semdor-crm,src/Clinica.Application/Servicos/EquipeService.cs,32,ObterProfissionalAsync
semdor-crm,src/Clinica.Application/Servicos/EquipeService.cs,36,SalvarProfissionalAsync
semdor-crm,src/Clinica.Application/Servicos/EquipeService.cs,140,CriticarCpfAsync
semdor-crm,src/Clinica.Application/Servicos/EquipeService.cs,170,ExcluirProfissionalAsync
semdor-crm,src/Clinica.Application/Servicos/EquipeService.cs,183,SalasAsync
semdor-crm,src/Clinica.Application/Servicos/EquipeService.cs,186,SalasAtivasAsync
semdor-crm,src/Clinica.Application/Servicos/EquipeService.cs,189,ObterSalaAsync
semdor-crm,src/Clinica.Application/Servicos/EquipeService.cs,192,SalvarSalaAsync
semdor-crm,src/Clinica.Application/Servicos/EquipeService.cs,228,ExcluirSalaAsync
semdor-crm,src/Clinica.Application/Servicos/EquipeService.cs,239,Limpar
semdor-crm,src/Clinica.Application/Servicos/EspecialidadeCatalogoService.cs,19,ListarAsync
semdor-crm,src/Clinica.Application/Servicos/EspecialidadeCatalogoService.cs,40,RecarregarCacheAsync
semdor-crm,src/Clinica.Application/Servicos/EspecialidadeCatalogoService.cs,46,SalvarAsync
semdor-crm,src/Clinica.Application/Servicos/EspecialidadeCatalogoService.cs,59,EhEmbutida
semdor-crm,src/Clinica.Application/Servicos/EstoqueService.Acompanhamento.cs,6,MateriaisDoAtendimento
semdor-crm,src/Clinica.Application/Servicos/EstoqueService.Acompanhamento.cs,11,MateriaisDosAtendimentosAsync
semdor-crm,src/Clinica.Application/Servicos/EstoqueService.Procedimentos.cs,10,MaterialConsumidoProcedimento
semdor-crm,src/Clinica.Application/Servicos/EstoqueService.Procedimentos.cs,11,PedidoConsumoProcedimento
semdor-crm,src/Clinica.Application/Servicos/EstoqueService.Procedimentos.cs,15,ConferenciaDoProcedimentoAsync
semdor-crm,src/Clinica.Application/Servicos/EstoqueService.Procedimentos.cs,19,RegistrarMateriaisAsync
semdor-crm,src/Clinica.Application/Servicos/EstoqueService.Procedimentos.cs,28,MateriaisRegistrados
semdor-crm,src/Clinica.Application/Servicos/EstoqueService.Procedimentos.cs,32,ConfirmarConsumoProcedimentoAsync
semdor-crm,src/Clinica.Application/Servicos/EstoqueService.cs,8,SaldoItemEstoque
semdor-crm,src/Clinica.Application/Servicos/EstoqueService.cs,31,ValidadeProxima
semdor-crm,src/Clinica.Application/Servicos/EstoqueService.cs,38,Vencido
semdor-crm,src/Clinica.Application/Servicos/EstoqueService.cs,40,DiasRestantes
semdor-crm,src/Clinica.Application/Servicos/EstoqueService.cs,44,CustoDoAtendimento
semdor-crm,src/Clinica.Application/Servicos/EstoqueService.cs,58,CustoDeSessao
semdor-crm,src/Clinica.Application/Servicos/EstoqueService.cs,76,ResumoCustoSessoes
semdor-crm,src/Clinica.Application/Servicos/EstoqueService.cs,102,ValidarTexto
semdor-crm,src/Clinica.Application/Servicos/EstoqueService.cs,110,ObterItemAsync
semdor-crm,src/Clinica.Application/Servicos/EstoqueService.cs,113,SalvarItemAsync
semdor-crm,src/Clinica.Application/Servicos/EstoqueService.cs,189,ExcluirItemAsync
semdor-crm,src/Clinica.Application/Servicos/EstoqueService.cs,202,SaldosAsync
semdor-crm,src/Clinica.Application/Servicos/EstoqueService.cs,222,AbaixoDoMinimoAsync
semdor-crm,src/Clinica.Application/Servicos/EstoqueService.cs,232,ValidadesAsync
semdor-crm,src/Clinica.Application/Servicos/EstoqueService.cs,269,ComprarAsync
semdor-crm,src/Clinica.Application/Servicos/EstoqueService.cs,297,MovimentosAsync
semdor-crm,src/Clinica.Application/Servicos/EstoqueService.cs,302,EntrarAsync
semdor-crm,src/Clinica.Application/Servicos/EstoqueService.cs,319,BaixarAsync
semdor-crm,src/Clinica.Application/Servicos/EstoqueService.cs,335,PerderAsync
semdor-crm,src/Clinica.Application/Servicos/EstoqueService.cs,376,AjustarInventarioAsync
semdor-crm,src/Clinica.Application/Servicos/EstoqueService.cs,413,MovimentarAsync
semdor-crm,src/Clinica.Application/Servicos/EstoqueService.cs,417,MovimentarInternoAsync
semdor-crm,src/Clinica.Application/Servicos/EstoqueService.cs,556,CustosMediosAsync
semdor-crm,src/Clinica.Application/Servicos/EstoqueService.cs,573,CustoDoAtendimentoAsync
semdor-crm,src/Clinica.Application/Servicos/EstoqueService.cs,592,CustosDeSessaoAsync
semdor-crm,src/Clinica.Application/Servicos/EstoqueService.cs,618,ResumoCustoSessoesAsync
semdor-crm,src/Clinica.Application/Servicos/EstoqueService.cs,640,CustosHistoricosAsync
semdor-crm,src/Clinica.Application/Servicos/EstoqueService.cs,667,Limpar
semdor-crm,src/Clinica.Application/Servicos/EstornoAtendimentoService.cs,9,PreviaDoEstorno
semdor-crm,src/Clinica.Application/Servicos/EstornoAtendimentoService.cs,40,DecisaoDeEstorno
semdor-crm,src/Clinica.Application/Servicos/EstornoAtendimentoService.cs,47,ResultadoDoEstorno
semdor-crm,src/Clinica.Application/Servicos/EstornoAtendimentoService.cs,146,PreverAsync
semdor-crm,src/Clinica.Application/Servicos/EstornoAtendimentoService.cs,201,EstornarAsync
semdor-crm,src/Clinica.Application/Servicos/EstornoAtendimentoService.cs,296,Impedimento
semdor-crm,src/Clinica.Application/Servicos/EstornoAtendimentoService.cs,314,DesfazerCaixaAsync
semdor-crm,src/Clinica.Application/Servicos/EstornoAtendimentoService.cs,354,DevolverSessaoAsync
semdor-crm,src/Clinica.Application/Servicos/EstornoAtendimentoService.cs,393,DevolverInsumosAsync
semdor-crm,src/Clinica.Application/Servicos/EtapasInfusao.cs,6,EtapaInfusao
semdor-crm,src/Clinica.Application/Servicos/EtapasInfusao.cs,14,Da
semdor-crm,src/Clinica.Application/Servicos/EvolucaoEnfermagemService.cs,44,DaPrescricaoAsync
semdor-crm,src/Clinica.Application/Servicos/EvolucaoEnfermagemService.cs,53,DoPacienteAsync
semdor-crm,src/Clinica.Application/Servicos/EvolucaoEnfermagemService.cs,74,RegistrarAsync
semdor-crm,src/Clinica.Application/Servicos/EvolucaoEnfermagemService.cs,123,RetificarAsync
semdor-crm,src/Clinica.Application/Servicos/EvolucaoEnfermagemService.cs,199,CancelarAsync
semdor-crm,src/Clinica.Application/Servicos/EvolucaoEnfermagemService.cs,234,VincularSessaoAsync
semdor-crm,src/Clinica.Application/Servicos/EvolucaoEnfermagemService.cs,260,ConferirSessaoAsync
semdor-crm,src/Clinica.Application/Servicos/EvolucaoEnfermagemService.cs,272,PermiteEvolucao
semdor-crm,src/Clinica.Application/Servicos/EvolucaoEnfermagemService.cs,275,ResolverSessaoBsvAsync
semdor-crm,src/Clinica.Application/Servicos/EvolucaoEnfermagemService.cs,303,AplicarProcesso
semdor-crm,src/Clinica.Application/Servicos/EvolucaoEnfermagemService.cs,355,Limpar
semdor-crm,src/Clinica.Application/Servicos/EvolucaoEnfermagemService.cs,358,Montar
semdor-crm,src/Clinica.Application/Servicos/EvolucaoEnfermagemService.cs,422,ExigirHoraPlausivel
semdor-crm,src/Clinica.Application/Servicos/EvolucaoEnfermagemService.cs,433,RegistrarAlergiaSePedido
semdor-crm,src/Clinica.Application/Servicos/EvolucaoEnfermagemService.cs,451,Descrever
semdor-crm,src/Clinica.Application/Servicos/EvolucaoEnfermagemService.cs,482,ProcessoDeEnfermagem
semdor-crm,src/Clinica.Application/Servicos/EvolucaoEnfermagemService.cs,499,AcessoVenoso
semdor-crm,src/Clinica.Application/Servicos/EvolucaoEnfermagemService.cs,504,SinaisVitais
semdor-crm,src/Clinica.Application/Servicos/ExportacaoProntuarioService.cs,11,ArquivoExportado
semdor-crm,src/Clinica.Application/Servicos/ExportacaoProntuarioService.cs,93,ExportarAsync
semdor-crm,src/Clinica.Application/Servicos/ExportacaoProntuarioService.cs,420,Cabecalho
semdor-crm,src/Clinica.Application/Servicos/ExportacaoProntuarioService.cs,427,Linha
semdor-crm,src/Clinica.Application/Servicos/ExportacaoProntuarioService.cs,430,Data
semdor-crm,src/Clinica.Application/Servicos/ExportacaoProntuarioService.cs,438,Escapar
semdor-crm,src/Clinica.Application/Servicos/ExportacaoProntuarioService.cs,453,LeiaMe
semdor-crm,src/Clinica.Application/Servicos/FaturamentoService.cs,15,DarBaixaAsync
semdor-crm,src/Clinica.Application/Servicos/FaturamentoService.cs,45,RegistrarObservacaoPendenciaAsync
semdor-crm,src/Clinica.Application/Servicos/FaturamentoService.cs,65,EstornarBaixaAsync
semdor-crm,src/Clinica.Application/Servicos/FaturamentoService.cs,91,FormatoDaGuia
semdor-crm,src/Clinica.Application/Servicos/FechamentoCaixaService.cs,13,PropostaFechamentoCaixa
semdor-crm,src/Clinica.Application/Servicos/FechamentoCaixaService.cs,34,DiaNaoConferido
semdor-crm,src/Clinica.Application/Servicos/FechamentoCaixaService.cs,61,ExigirDiaAbertoAsync
semdor-crm,src/Clinica.Application/Servicos/FechamentoCaixaService.cs,72,PrepararAsync
semdor-crm,src/Clinica.Application/Servicos/FechamentoCaixaService.cs,98,ConferirAsync
semdor-crm,src/Clinica.Application/Servicos/FechamentoCaixaService.cs,158,ReabrirAsync
semdor-crm,src/Clinica.Application/Servicos/FechamentoCaixaService.cs,183,HistoricoAsync
semdor-crm,src/Clinica.Application/Servicos/FechamentoCaixaService.cs,195,NaoConferidosAsync
semdor-crm,src/Clinica.Application/Servicos/FechamentoPdfService.cs,38,GerarAsync
semdor-crm,src/Clinica.Application/Servicos/FechamentoPdfService.cs,223,Titulo
semdor-crm,src/Clinica.Application/Servicos/FechamentoPdfService.cs,226,Kpi
semdor-crm,src/Clinica.Application/Servicos/FechamentoPdfService.cs,233,Cabecalho
semdor-crm,src/Clinica.Application/Servicos/FechamentoPdfService.cs,243,Linha
semdor-crm,src/Clinica.Application/Servicos/FechamentoSessaoService.cs,11,InsumoSugerido
semdor-crm,src/Clinica.Application/Servicos/FechamentoSessaoService.cs,29,PropostaFechamento
semdor-crm,src/Clinica.Application/Servicos/FechamentoSessaoService.cs,53,InsumoAConsumir
semdor-crm,src/Clinica.Application/Servicos/FechamentoSessaoService.cs,58,DecisaoFechamento
semdor-crm,src/Clinica.Application/Servicos/FechamentoSessaoService.cs,82,ResultadoFechamento
semdor-crm,src/Clinica.Application/Servicos/FechamentoSessaoService.cs,130,RegistroAtendimento
semdor-crm,src/Clinica.Application/Servicos/FechamentoSessaoService.cs,212,PrepararAsync
semdor-crm,src/Clinica.Application/Servicos/FechamentoSessaoService.cs,284,RegistrarAtendimentoAsync
semdor-crm,src/Clinica.Application/Servicos/FechamentoSessaoService.cs,345,ConcluirAsync
semdor-crm,src/Clinica.Application/Servicos/FechamentoSessaoService.cs,500,PacoteADebitarAsync
semdor-crm,src/Clinica.Application/Servicos/FinanceiroService.cs,10,ResumoCaixa
semdor-crm,src/Clinica.Application/Servicos/FinanceiroService.cs,45,GuiaSemLancamento
semdor-crm,src/Clinica.Application/Servicos/FinanceiroService.cs,101,LancarAsync
semdor-crm,src/Clinica.Application/Servicos/FinanceiroService.cs,188,RealizarAsync
semdor-crm,src/Clinica.Application/Servicos/FinanceiroService.cs,252,CancelarAsync
semdor-crm,src/Clinica.Application/Servicos/FinanceiroService.cs,291,DoPeriodoAsync
semdor-crm,src/Clinica.Application/Servicos/FinanceiroService.cs,308,ResumoAsync
semdor-crm,src/Clinica.Application/Servicos/FinanceiroService.cs,336,GuiasSemLancamentoAsync
semdor-crm,src/Clinica.Application/Servicos/FinanceiroService.cs,391,LancarReceitaDaGuiaAsync
semdor-crm,src/Clinica.Application/Servicos/FinanceiroService.cs,430,SessoesParticularesSemReceitaAsync
semdor-crm,src/Clinica.Application/Servicos/FinanceiroService.cs,440,LancarReceitaDaSessaoAsync
semdor-crm,src/Clinica.Application/Servicos/FinanceiroService.cs,480,DescricaoDaSessao
semdor-crm,src/Clinica.Application/Servicos/FinanceiroService.cs,486,CategoriasAsync
semdor-crm,src/Clinica.Application/Servicos/FinanceiroService.cs,493,CategoriasAsync
semdor-crm,src/Clinica.Application/Servicos/FinanceiroService.cs,505,CriarCategoriaAsync
semdor-crm,src/Clinica.Application/Servicos/FinanceiroService.cs,531,AtualizarCategoriaAsync
semdor-crm,src/Clinica.Application/Servicos/FinanceiroService.cs,548,RegistrarAsync
semdor-crm,src/Clinica.Application/Servicos/FluxoCaixaService.cs,15,MesFluxo
semdor-crm,src/Clinica.Application/Servicos/FluxoCaixaService.cs,42,ResultadoCategoria
semdor-crm,src/Clinica.Application/Servicos/FluxoCaixaService.cs,55,ResumoFluxo
semdor-crm,src/Clinica.Application/Servicos/FluxoCaixaService.cs,105,ProjecaoAsync
semdor-crm,src/Clinica.Application/Servicos/FluxoCaixaService.cs,171,PorCategoriaAsync
semdor-crm,src/Clinica.Application/Servicos/FluxoCaixaService.cs,206,ResumoAsync
semdor-crm,src/Clinica.Application/Servicos/GlosaService.cs,21,ListarAsync
semdor-crm,src/Clinica.Application/Servicos/GlosaService.cs,24,RegistrarAsync
semdor-crm,src/Clinica.Application/Servicos/GlosaService.cs,39,ReapresentarAsync
semdor-crm,src/Clinica.Application/Servicos/GlosaService.cs,47,MarcarRecuperadaAsync
semdor-crm,src/Clinica.Application/Servicos/GlosaService.cs,55,Auditar
semdor-crm,src/Clinica.Application/Servicos/GlosaService.cs,65,Obter
semdor-crm,src/Clinica.Application/Servicos/GuardaProntuarioService.cs,15,SituacaoGuarda
semdor-crm,src/Clinica.Application/Servicos/GuardaProntuarioService.cs,36,De
semdor-crm,src/Clinica.Application/Servicos/GuardaProntuarioService.cs,43,DescreverContagens
semdor-crm,src/Clinica.Application/Servicos/GuardaProntuarioService.cs,63,CumpriuPrazo
semdor-crm,src/Clinica.Application/Servicos/GuardaProntuarioService.cs,66,Descrever
semdor-crm,src/Clinica.Application/Servicos/GuardaProntuarioService.cs,76,ResumoGuarda
semdor-crm,src/Clinica.Application/Servicos/GuardaProntuarioService.cs,127,DoPacienteAsync
semdor-crm,src/Clinica.Application/Servicos/GuardaProntuarioService.cs,267,ResumoAsync
semdor-crm,src/Clinica.Application/Servicos/GuiaTissPdfService.cs,34,GerarPdfAsync
semdor-crm,src/Clinica.Application/Servicos/GuiaTissPdfService.cs,41,GerarPdf
semdor-crm,src/Clinica.Application/Servicos/GuiaTissPdfService.cs,175,Secao
semdor-crm,src/Clinica.Application/Servicos/GuiaTissPdfService.cs,178,Campo
semdor-crm,src/Clinica.Application/Servicos/GuiaTissPdfService.cs,187,Assinatura
semdor-crm,src/Clinica.Application/Servicos/GuiaTissPdfService.cs,197,Tipo
semdor-crm,src/Clinica.Application/Servicos/ImportacaoAnexosSmartClinicService.cs,38,ChaveDe
semdor-crm,src/Clinica.Application/Servicos/ImportacaoAnexosSmartClinicService.cs,40,ChaveDePaciente
semdor-crm,src/Clinica.Application/Servicos/ImportacaoAnexosSmartClinicService.cs,44,PreverAsync
semdor-crm,src/Clinica.Application/Servicos/ImportacaoAnexosSmartClinicService.cs,150,ExecutarAsync
semdor-crm,src/Clinica.Application/Servicos/ImportacaoAnexosSmartClinicService.cs,210,FecharLoteAsync
semdor-crm,src/Clinica.Application/Servicos/ImportacaoAnexosSmartClinicService.cs,233,ResolverPaciente
semdor-crm,src/Clinica.Application/Servicos/ImportacaoAnexosSmartClinicService.cs,254,NormalizarNome
semdor-crm,src/Clinica.Application/Servicos/ImportacaoAnexosSmartClinicService.cs,282,NomeDoArquivo
semdor-crm,src/Clinica.Application/Servicos/ImportacaoAnexosSmartClinicService.cs,294,TipoConteudoDe
semdor-crm,src/Clinica.Application/Servicos/ImportacaoPacientesService.cs,56,Chave
semdor-crm,src/Clinica.Application/Servicos/ImportacaoPacientesService.cs,61,ConveniosDoArquivo
semdor-crm,src/Clinica.Application/Servicos/ImportacaoPacientesService.cs,70,ChaveConvenio
semdor-crm,src/Clinica.Application/Servicos/ImportacaoPacientesService.cs,84,PreverAsync
semdor-crm,src/Clinica.Application/Servicos/ImportacaoPacientesService.cs,342,MontarEndereco
semdor-crm,src/Clinica.Application/Servicos/ImportacaoPacientesService.cs,362,Acrescentar
semdor-crm,src/Clinica.Application/Servicos/ImportacaoPacientesService.cs,370,ColunaInternaDoSistemaAnterior
semdor-crm,src/Clinica.Application/Servicos/ImportacaoPacientesService.cs,383,BlocoDeColunasExtras
semdor-crm,src/Clinica.Application/Servicos/ImportacaoPacientesService.cs,404,NomeDoSistema
semdor-crm,src/Clinica.Application/Servicos/ImportacaoPacientesService.cs,407,EstadoCivil
semdor-crm,src/Clinica.Application/Servicos/ImportacaoPacientesService.cs,415,RotuloDeColuna
semdor-crm,src/Clinica.Application/Servicos/ImportacaoPacientesService.cs,460,ExecutarAsync
semdor-crm,src/Clinica.Application/Servicos/ImportacaoPacientesService.cs,575,AlvoDaFusao
semdor-crm,src/Clinica.Application/Servicos/ImportacaoPacientesService.cs,585,GarantirConvenioADefinirAsync
semdor-crm,src/Clinica.Application/Servicos/ImportacaoPacientesService.cs,597,Completar
semdor-crm,src/Clinica.Application/Servicos/ImportacaoPacientesService.cs,636,Retrato
semdor-crm,src/Clinica.Application/Servicos/ImportacaoPacientesService.cs,644,Restaurar
semdor-crm,src/Clinica.Application/Servicos/ImportacaoPacientesService.cs,659,LerData
semdor-crm,src/Clinica.Application/Servicos/ImportacaoPacientesService.cs,681,LerSexo
semdor-crm,src/Clinica.Application/Servicos/ImportacaoPacientesService.cs,691,LerTelefone
semdor-crm,src/Clinica.Application/Servicos/ImportacaoPacientesService.cs,726,Cortar
semdor-crm,src/Clinica.Application/Servicos/ImportacaoSmartClinicService.cs,54,ChaveDe
semdor-crm,src/Clinica.Application/Servicos/ImportacaoSmartClinicService.cs,59,PreverAsync
semdor-crm,src/Clinica.Application/Servicos/ImportacaoSmartClinicService.cs,245,ExecutarAsync
semdor-crm,src/Clinica.Application/Servicos/ImportacaoSmartClinicService.cs,346,RevincularAsync
semdor-crm,src/Clinica.Application/Servicos/ImportacaoSmartClinicService.cs,377,NomeDoAutor
semdor-crm,src/Clinica.Application/Servicos/ImportacaoSmartClinicService.cs,385,NomeDoProfissionalNaObservacao
semdor-crm,src/Clinica.Application/Servicos/ImportacaoSmartClinicService.cs,392,FecharLoteAsync
semdor-crm,src/Clinica.Application/Servicos/ImportacaoSmartClinicService.cs,418,Casar
semdor-crm,src/Clinica.Application/Servicos/ImportacaoSmartClinicService.cs,434,LerDataHora
semdor-crm,src/Clinica.Application/Servicos/ImportacaoSmartClinicService.cs,445,Cortar
semdor-crm,src/Clinica.Application/Servicos/ImportacaoSmartClinicService.cs,466,Rotulo
semdor-crm,src/Clinica.Application/Servicos/ImportacaoSmartClinicService.cs,479,Compor
semdor-crm,src/Clinica.Application/Servicos/ImportacaoSmartClinicService.cs,534,Autor
semdor-crm,src/Clinica.Application/Servicos/ImportacaoSmartClinicService.cs,561,TextoDoFormulario
semdor-crm,src/Clinica.Application/Servicos/ImportacaoSmartClinicService.cs,588,ComporFichaClinica
semdor-crm,src/Clinica.Application/Servicos/ImportacaoSmartClinicService.cs,614,SinaisVitais
semdor-crm,src/Clinica.Application/Servicos/ImportacaoSmartClinicService.cs,629,ColunasComoTexto
semdor-crm,src/Clinica.Application/Servicos/ImportacaoSmartClinicService.cs,657,RotuloDeFlag
semdor-crm,src/Clinica.Application/Servicos/ImportacaoSmartClinicService.cs,667,Juntar
semdor-crm,src/Clinica.Application/Servicos/ImportacaoSmartClinicService.cs,673,Texto
semdor-crm,src/Clinica.Application/Servicos/ImportacaoSmartClinicService.cs,680,Sanear
semdor-crm,src/Clinica.Application/Servicos/ImportacaoSmartClinicService.cs,706,Cortar
semdor-crm,src/Clinica.Application/Servicos/InadimplenciaService.cs,19,ContaEmAtraso
semdor-crm,src/Clinica.Application/Servicos/InadimplenciaService.cs,31,PacienteInadimplente
semdor-crm,src/Clinica.Application/Servicos/InadimplenciaService.cs,50,FaixaInadimplencia
semdor-crm,src/Clinica.Application/Servicos/InadimplenciaService.cs,57,ResumoInadimplencia
semdor-crm,src/Clinica.Application/Servicos/InadimplenciaService.cs,83,De
semdor-crm,src/Clinica.Application/Servicos/InadimplenciaService.cs,132,PorPacienteAsync
semdor-crm,src/Clinica.Application/Servicos/InadimplenciaService.cs,180,ResumoAsync
semdor-crm,src/Clinica.Application/Servicos/InadimplenciaService.cs,210,DoPacienteAsync
semdor-crm,src/Clinica.Application/Servicos/InadimplenciaService.cs,220,ReceberAsync
semdor-crm,src/Clinica.Application/Servicos/InadimplenciaService.cs,233,MensagemDeCobranca
semdor-crm,src/Clinica.Application/Servicos/InadimplenciaService.cs,257,Moeda
semdor-crm,src/Clinica.Application/Servicos/IndicadoresService.cs,37,GerarAsync
semdor-crm,src/Clinica.Application/Servicos/IndicadoresService.cs,59,ProdutividadeAsync
semdor-crm,src/Clinica.Application/Servicos/IndicadoresService.cs,63,AgendamentosAsync
semdor-crm,src/Clinica.Application/Servicos/IndicadoresService.cs,72,ResumirAgenda
semdor-crm,src/Clinica.Application/Servicos/IndicadoresService.cs,93,MinutosDisponiveis
semdor-crm,src/Clinica.Application/Servicos/IndicadoresService.cs,105,JornadaDe
semdor-crm,src/Clinica.Application/Servicos/IndicadoresService.cs,112,Produtividade
semdor-crm,src/Clinica.Application/Servicos/IndicadoresService.cs,170,Serie
semdor-crm,src/Clinica.Application/Servicos/InfusaoOrientacaoExterna.cs,5,RegistroInfusaoExterna
semdor-crm,src/Clinica.Application/Servicos/InfusaoOrientacaoExterna.cs,15,DevolverInfusaoExternaAsync
semdor-crm,src/Clinica.Application/Servicos/InfusaoOrientacaoExterna.cs,41,CorrigirHorariosInfusaoExternaAsync
semdor-crm,src/Clinica.Application/Servicos/InfusaoOrientacaoExterna.cs,71,MedicosParaValidacaoAsync
semdor-crm,src/Clinica.Application/Servicos/InfusaoOrientacaoExterna.cs,79,RegistrarExecucaoExternaAsync
semdor-crm,src/Clinica.Application/Servicos/LembreteEmailService.cs,20,ResultadoLembretesEmail
semdor-crm,src/Clinica.Application/Servicos/LembreteEmailService.cs,23,DesligadoEm
semdor-crm,src/Clinica.Application/Servicos/LembreteEmailService.cs,109,DiasDaAbertura
semdor-crm,src/Clinica.Application/Servicos/LembreteEmailService.cs,122,EnviarLembretesDaAberturaAsync
semdor-crm,src/Clinica.Application/Servicos/LembreteEmailService.cs,141,EnviarConfirmacoesAsync
semdor-crm,src/Clinica.Application/Servicos/LembreteEmailService.cs,206,EnviarTesteAsync
semdor-crm,src/Clinica.Application/Servicos/LembreteEmailService.cs,231,NomeDaClinica
semdor-crm,src/Clinica.Application/Servicos/ListaEsperaService.cs,26,AguardandoAsync
semdor-crm,src/Clinica.Application/Servicos/ListaEsperaService.cs,29,AdicionarAsync
semdor-crm,src/Clinica.Application/Servicos/ListaEsperaService.cs,72,CandidatosParaAsync
semdor-crm,src/Clinica.Application/Servicos/ListaEsperaService.cs,98,ChamarAsync
semdor-crm,src/Clinica.Application/Servicos/ListaEsperaService.cs,143,RemoverAsync
semdor-crm,src/Clinica.Application/Servicos/ListaEsperaService.cs,162,ReabrirAsync
semdor-crm,src/Clinica.Application/Servicos/LoteTissService.cs,26,CandidatasAsync
semdor-crm,src/Clinica.Application/Servicos/LoteTissService.cs,36,ConvenioDaGuia
semdor-crm,src/Clinica.Application/Servicos/LoteTissService.cs,53,CriarAsync
semdor-crm,src/Clinica.Application/Servicos/LoteTissService.cs,83,ListarAsync
semdor-crm,src/Clinica.Application/Servicos/LoteTissService.cs,87,ObterAsync
semdor-crm,src/Clinica.Application/Servicos/LoteTissService.cs,92,MarcarEnviadoAsync
semdor-crm,src/Clinica.Application/Servicos/LoteTissService.cs,107,RegistrarRetornoAsync
semdor-crm,src/Clinica.Application/Servicos/LoteTissService.cs,129,Auditar
semdor-crm,src/Clinica.Application/Servicos/MapaCorporalService.cs,26,DaEvolucaoAsync
semdor-crm,src/Clinica.Application/Servicos/MapaCorporalService.cs,29,HistoricoAsync
semdor-crm,src/Clinica.Application/Servicos/MapaCorporalService.cs,37,CopiarParaEdicaoAsync
semdor-crm,src/Clinica.Application/Servicos/MapaCorporalService.cs,53,DataDaSessaoAsync
semdor-crm,src/Clinica.Application/Servicos/MapaCorporalService.cs,67,SalvarAsync
semdor-crm,src/Clinica.Application/Servicos/MapaCorporalService.cs,80,PrepararGravacaoAsync
semdor-crm,src/Clinica.Application/Servicos/MapaCorporalService.cs,135,ProtocolosAsync
semdor-crm,src/Clinica.Application/Servicos/MapaCorporalService.cs,139,ObterProtocoloAsync
semdor-crm,src/Clinica.Application/Servicos/MapaCorporalService.cs,146,AplicarProtocoloAsync
semdor-crm,src/Clinica.Application/Servicos/MapaCorporalService.cs,161,PontosDoProtocolo
semdor-crm,src/Clinica.Application/Servicos/MapaCorporalService.cs,181,CopiarDaSessaoAnteriorAsync
semdor-crm,src/Clinica.Application/Servicos/MapaCorporalService.cs,201,PontosDaSessaoAnteriorAsync
semdor-crm,src/Clinica.Application/Servicos/MapaCorporalService.cs,213,SalvarComoProtocoloAsync
semdor-crm,src/Clinica.Application/Servicos/MapaCorporalService.cs,266,ExcluirProtocoloAsync
semdor-crm,src/Clinica.Application/Servicos/MapaCorporalService.cs,291,MapaDaSessaoAnteriorAsync
semdor-crm,src/Clinica.Application/Servicos/MapaCorporalService.cs,317,Copiar
semdor-crm,src/Clinica.Application/Servicos/MapaCorporalService.cs,331,ValidarPontos
semdor-crm,src/Clinica.Application/Servicos/MapaCorporalService.cs,343,ValidarConteudo
semdor-crm,src/Clinica.Application/Servicos/MapaCorporalService.cs,352,Limpar
semdor-crm,src/Clinica.Application/Servicos/MarcaSemDor.cs,27,Carregar
semdor-crm,src/Clinica.Application/Servicos/MedidaClinicaService.cs,49,Tipo
semdor-crm,src/Clinica.Application/Servicos/MedidaClinicaService.cs,52,DoPacienteAsync
semdor-crm,src/Clinica.Application/Servicos/MedidaClinicaService.cs,56,ObterAsync
semdor-crm,src/Clinica.Application/Servicos/MedidaClinicaService.cs,62,RegistrarAsync
semdor-crm,src/Clinica.Application/Servicos/MedidaClinicaService.cs,154,CancelarAsync
semdor-crm,src/Clinica.Application/Servicos/MedidaClinicaService.cs,191,SerieAsync
semdor-crm,src/Clinica.Application/Servicos/MedidaClinicaService.cs,237,MesclarPressaoDaEnfermagemAsync
semdor-crm,src/Clinica.Application/Servicos/MedidaClinicaService.cs,274,ResumoAsync
semdor-crm,src/Clinica.Application/Servicos/MedidaClinicaService.cs,311,SerieImcAsync
semdor-crm,src/Clinica.Application/Servicos/MedidaClinicaService.cs,336,AlturaVigente
semdor-crm,src/Clinica.Application/Servicos/MedidaClinicaService.cs,353,AplicarFaixa
semdor-crm,src/Clinica.Application/Servicos/MedidaClinicaService.cs,361,Limpar
semdor-crm,src/Clinica.Application/Servicos/MetaService.cs,13,MetaApurada
semdor-crm,src/Clinica.Application/Servicos/MetaService.cs,92,DoAnoAsync
semdor-crm,src/Clinica.Application/Servicos/MetaService.cs,101,DefinirAsync
semdor-crm,src/Clinica.Application/Servicos/MetaService.cs,163,ExcluirAsync
semdor-crm,src/Clinica.Application/Servicos/MetaService.cs,184,ApurarMesAsync
semdor-crm,src/Clinica.Application/Servicos/MetaService.cs,250,Projetar
semdor-crm,src/Clinica.Application/Servicos/MidiaProntuarioService.cs,29,Destino
semdor-crm,src/Clinica.Application/Servicos/MidiaProntuarioService.cs,44,GuardarAsync
semdor-crm,src/Clinica.Application/Servicos/MidiaProntuarioService.cs,84,LerAsync
semdor-crm,src/Clinica.Application/Servicos/ModalidadeCatalogoService.cs,20,ListarAsync
semdor-crm,src/Clinica.Application/Servicos/ModalidadeCatalogoService.cs,42,RecarregarCacheAsync
semdor-crm,src/Clinica.Application/Servicos/ModalidadeCatalogoService.cs,48,SalvarAsync
semdor-crm,src/Clinica.Application/Servicos/ModalidadeCatalogoService.cs,61,EhEmbutida
semdor-crm,src/Clinica.Application/Servicos/ModelosTermoBsv.cs,51,Consentimento
semdor-crm,src/Clinica.Application/Servicos/ModelosTermoBsv.cs,207,TermoDaSessao
semdor-crm,src/Clinica.Application/Servicos/OrcamentoService.cs,7,OrcamentoApurado
semdor-crm,src/Clinica.Application/Servicos/OrcamentoService.cs,76,DoMesAsync
semdor-crm,src/Clinica.Application/Servicos/OrcamentoService.cs,85,DefinirAsync
semdor-crm,src/Clinica.Application/Servicos/OrcamentoService.cs,143,ExcluirAsync
semdor-crm,src/Clinica.Application/Servicos/OrcamentoService.cs,163,ApurarMesAsync
semdor-crm,src/Clinica.Application/Servicos/OrigemPacientesService.cs,11,LinhaOrigemPacientes
semdor-crm,src/Clinica.Application/Servicos/OrigemPacientesService.cs,18,IndicadorFrequente
semdor-crm,src/Clinica.Application/Servicos/OrigemPacientesService.cs,21,ResumoOrigemPacientes
semdor-crm,src/Clinica.Application/Servicos/OrigemPacientesService.cs,68,ResumoAsync
semdor-crm,src/Clinica.Application/Servicos/PacienteService.cs,19,BuscarAsync
semdor-crm,src/Clinica.Application/Servicos/PacienteService.cs,22,ObterComHistoricoAsync
semdor-crm,src/Clinica.Application/Servicos/PacienteService.cs,31,ObterAsync
semdor-crm,src/Clinica.Application/Servicos/PacienteService.cs,38,CompletarEnderecoAsync
semdor-crm,src/Clinica.Application/Servicos/PacienteService.cs,63,ConsultasAsync
semdor-crm,src/Clinica.Application/Servicos/PacienteService.cs,68,SalvarNovoAsync
semdor-crm,src/Clinica.Application/Servicos/PacienteService.cs,77,ImportarNovoAsync
semdor-crm,src/Clinica.Application/Servicos/PacienteService.cs,80,CompletarImportadoAsync
semdor-crm,src/Clinica.Application/Servicos/PacienteService.cs,83,PersistirNovoAsync
semdor-crm,src/Clinica.Application/Servicos/PacienteService.cs,98,AtualizarAsync
semdor-crm,src/Clinica.Application/Servicos/PacienteService.cs,105,PersistirAtualizacaoAsync
semdor-crm,src/Clinica.Application/Servicos/PacienteService.cs,137,DefinirConvenioAsync
semdor-crm,src/Clinica.Application/Servicos/PacienteService.cs,202,RemoverAsync
semdor-crm,src/Clinica.Application/Servicos/PacienteService.cs,217,ObterFotoAsync
semdor-crm,src/Clinica.Application/Servicos/PacienteService.cs,224,DefinirFotoAsync
semdor-crm,src/Clinica.Application/Servicos/PacienteService.cs,233,RemoverFotoAsync
semdor-crm,src/Clinica.Application/Servicos/PacienteService.cs,259,CriticarAsync
semdor-crm,src/Clinica.Application/Servicos/PacoteService.cs,8,SaldoPacote
semdor-crm,src/Clinica.Application/Servicos/PacoteService.cs,90,CatalogoAsync
semdor-crm,src/Clinica.Application/Servicos/PacoteService.cs,94,SalvarCatalogoAsync
semdor-crm,src/Clinica.Application/Servicos/PacoteService.cs,125,ExcluirDoCatalogoAsync
semdor-crm,src/Clinica.Application/Servicos/PacoteService.cs,137,VenderAsync
semdor-crm,src/Clinica.Application/Servicos/PacoteService.cs,172,RegistrarVendaAsync
semdor-crm,src/Clinica.Application/Servicos/PacoteService.cs,271,CancelarAsync
semdor-crm,src/Clinica.Application/Servicos/PacoteService.cs,331,ADebitarAsync
semdor-crm,src/Clinica.Application/Servicos/PacoteService.cs,342,DoPacienteAsync
semdor-crm,src/Clinica.Application/Servicos/PacoteService.cs,351,VendidosAsync
semdor-crm,src/Clinica.Application/Servicos/PacoteService.cs,364,DescreverComPagamentoAsync
semdor-crm,src/Clinica.Application/Servicos/PacoteService.cs,382,ConsumirAsync
semdor-crm,src/Clinica.Application/Servicos/PacoteService.cs,434,ConsumirPorAtendimentoAsync
semdor-crm,src/Clinica.Application/Servicos/PacoteService.cs,458,CancelarConsumoAsync
semdor-crm,src/Clinica.Application/Servicos/PacoteService.cs,483,ObterAsync
semdor-crm,src/Clinica.Application/Servicos/PacoteService.cs,495,Descrever
semdor-crm,src/Clinica.Application/Servicos/PacoteService.cs,499,Descrever
semdor-crm,src/Clinica.Application/Servicos/PacoteService.cs,510,Descrever
semdor-crm,src/Clinica.Application/Servicos/PacoteService.cs,525,Limpar
semdor-crm,src/Clinica.Application/Servicos/PagamentosRecepcaoService.cs,7,PagamentosRecepcaoService
semdor-crm,src/Clinica.Application/Servicos/PagamentosRecepcaoService.cs,9,DoPacienteAsync
semdor-crm,src/Clinica.Application/Servicos/PagamentosRecepcaoService.cs,12,ReceberAsync
semdor-crm,src/Clinica.Application/Servicos/PainelDirecaoService.cs,85,AlertaDirecao
semdor-crm,src/Clinica.Application/Servicos/PainelDirecaoService.cs,94,PainelDirecao
semdor-crm,src/Clinica.Application/Servicos/PainelDirecaoService.cs,263,MontarAsync
semdor-crm,src/Clinica.Application/Servicos/PainelDirecaoService.cs,713,EntradasDoTrechoAnteriorAsync
semdor-crm,src/Clinica.Application/Servicos/PainelDirecaoService.cs,735,Moeda
semdor-crm,src/Clinica.Application/Servicos/PainelRecepcaoService.cs,31,ResumoAsync
semdor-crm,src/Clinica.Application/Servicos/PainelRecepcaoService.cs,68,EsperaMediaMinutos
semdor-crm,src/Clinica.Application/Servicos/PainelRecepcaoService.cs,85,PendenciasDoDiaAsync
semdor-crm,src/Clinica.Application/Servicos/ParametrosService.cs,12,ConvenioOpcao
semdor-crm,src/Clinica.Application/Servicos/ParametrosService.cs,15,CamposEmail
semdor-crm,src/Clinica.Application/Servicos/ParametrosService.cs,25,ValidadeConsultaDias
semdor-crm,src/Clinica.Application/Servicos/ParametrosService.cs,28,DiasSegundoCodigo
semdor-crm,src/Clinica.Application/Servicos/ParametrosService.cs,32,NomeExibicao
semdor-crm,src/Clinica.Application/Servicos/ParametrosService.cs,38,CategoriaBase
semdor-crm,src/Clinica.Application/Servicos/ParametrosService.cs,48,Ativo
semdor-crm,src/Clinica.Application/Servicos/ParametrosService.cs,73,ObterSegredoAsync
semdor-crm,src/Clinica.Application/Servicos/ParametrosService.cs,92,SalvarSegredoAsync
semdor-crm,src/Clinica.Application/Servicos/ParametrosService.cs,120,ObterAsync
semdor-crm,src/Clinica.Application/Servicos/ParametrosService.cs,144,PreencherDefaults
semdor-crm,src/Clinica.Application/Servicos/ParametrosService.cs,152,SalvarAsync
semdor-crm,src/Clinica.Application/Servicos/ParametrosService.cs,165,ObterJanelaAlertaConsultaAsync
semdor-crm,src/Clinica.Application/Servicos/ParametrosService.cs,170,SalvarJanelaAlertaConsultaAsync
semdor-crm,src/Clinica.Application/Servicos/ParametrosService.cs,182,ObterPrazoRecursoGlosaAsync
semdor-crm,src/Clinica.Application/Servicos/ParametrosService.cs,187,SalvarPrazoRecursoGlosaAsync
semdor-crm,src/Clinica.Application/Servicos/ParametrosService.cs,202,ObterIntervaloRodadaPendenciasAsync
semdor-crm,src/Clinica.Application/Servicos/ParametrosService.cs,207,SalvarIntervaloRodadaPendenciasAsync
semdor-crm,src/Clinica.Application/Servicos/ParametrosService.cs,225,GuiaNoAgendamentoAsync
semdor-crm,src/Clinica.Application/Servicos/ParametrosService.cs,237,DefinirGuiaNoAgendamentoAsync
semdor-crm,src/Clinica.Application/Servicos/ParametrosService.cs,267,ObterTelaDoPacienteAsync
semdor-crm,src/Clinica.Application/Servicos/ParametrosService.cs,273,SalvarTelaDoPacienteAsync
semdor-crm,src/Clinica.Application/Servicos/ParametrosService.cs,312,ObterUrlPublicacaoAsync
semdor-crm,src/Clinica.Application/Servicos/ParametrosService.cs,318,SalvarUrlPublicacaoAsync
semdor-crm,src/Clinica.Application/Servicos/ParametrosService.cs,330,ObterDiasPublicacaoAsync
semdor-crm,src/Clinica.Application/Servicos/ParametrosService.cs,336,SalvarDiasPublicacaoAsync
semdor-crm,src/Clinica.Application/Servicos/ParametrosService.cs,373,SalvarCredenciaisArmazenamentoAsync
semdor-crm,src/Clinica.Application/Servicos/ParametrosService.cs,402,ObterCamposEmailAsync
semdor-crm,src/Clinica.Application/Servicos/ParametrosService.cs,416,ObterOpcoesEmailAsync
semdor-crm,src/Clinica.Application/Servicos/ParametrosService.cs,423,SalvarCamposEmailAsync
semdor-crm,src/Clinica.Application/Servicos/ParametrosService.cs,450,ObterPastaBackupAsync
semdor-crm,src/Clinica.Application/Servicos/ParametrosService.cs,456,SalvarPastaBackupAsync
semdor-crm,src/Clinica.Application/Servicos/ParametrosService.cs,463,ObterIntervaloBackupAsync
semdor-crm,src/Clinica.Application/Servicos/ParametrosService.cs,468,SalvarIntervaloBackupAsync
semdor-crm,src/Clinica.Application/Servicos/ParametrosService.cs,480,ObterCopiasBackupAsync
semdor-crm,src/Clinica.Application/Servicos/ParametrosService.cs,485,SalvarCopiasBackupAsync
semdor-crm,src/Clinica.Application/Servicos/ParametrosService.cs,492,ObterUltimoBackupAsync
semdor-crm,src/Clinica.Application/Servicos/ParametrosService.cs,504,SalvarUltimoBackupAsync
semdor-crm,src/Clinica.Application/Servicos/ParametrosService.cs,521,ObterInicioRodadaPrazoAsync
semdor-crm,src/Clinica.Application/Servicos/ParametrosService.cs,526,SalvarInicioRodadaPrazoAsync
semdor-crm,src/Clinica.Application/Servicos/ParametrosService.cs,536,ObterRodadaAplicaConsultasAsync
semdor-crm,src/Clinica.Application/Servicos/ParametrosService.cs,541,ObterRodadaAplicaCarteirinhasAsync
semdor-crm,src/Clinica.Application/Servicos/ParametrosService.cs,545,SalvarRodadaAplicaAsync
semdor-crm,src/Clinica.Application/Servicos/ParametrosService.cs,566,ObterAliquotaImpostoAsync
semdor-crm,src/Clinica.Application/Servicos/ParametrosService.cs,575,SalvarAliquotaImpostoAsync
semdor-crm,src/Clinica.Application/Servicos/ParametrosService.cs,596,ObterJornadaDiariaAsync
semdor-crm,src/Clinica.Application/Servicos/ParametrosService.cs,601,SalvarJornadaDiariaAsync
semdor-crm,src/Clinica.Application/Servicos/ParametrosService.cs,611,ObterDiasInatividadeRecallAsync
semdor-crm,src/Clinica.Application/Servicos/ParametrosService.cs,616,SalvarDiasInatividadeRecallAsync
semdor-crm,src/Clinica.Application/Servicos/ParametrosService.cs,635,ObterCarimbadoraDeTempoAsync
semdor-crm,src/Clinica.Application/Servicos/ParametrosService.cs,641,SalvarCarimbadoraDeTempoAsync
semdor-crm,src/Clinica.Application/Servicos/ParametrosService.cs,675,SalvarCredenciaisSafeIDAsync
semdor-crm,src/Clinica.Application/Servicos/ParametrosService.cs,690,ObterProximoNumeroLoteTissAsync
semdor-crm,src/Clinica.Application/Servicos/ParametrosService.cs,694,ConfirmarNumeroLoteTissAsync
semdor-crm,src/Clinica.Application/Servicos/ParametrosService.cs,710,PrestadorConfiguradoAsync
semdor-crm,src/Clinica.Application/Servicos/ParametrosService.cs,714,ObterPrestadorAsync
semdor-crm,src/Clinica.Application/Servicos/ParametrosService.cs,733,SalvarPrestadorAsync
semdor-crm,src/Clinica.Application/Servicos/PendenciaService.cs,31,CodigosPendentesAsync
semdor-crm,src/Clinica.Application/Servicos/PendenciaService.cs,50,CodigosVencidosParaDecisaoAsync
semdor-crm,src/Clinica.Application/Servicos/PendenciaService.cs,64,MapearPendencia
semdor-crm,src/Clinica.Application/Servicos/PendenciaService.cs,94,PendenciasDoPacienteAsync
semdor-crm,src/Clinica.Application/Servicos/PendenciaService.cs,105,NaoConformidadesComoPendenciaAsync
semdor-crm,src/Clinica.Application/Servicos/PendenciaService.cs,140,NaoConformidadesDoPacienteAsync
semdor-crm,src/Clinica.Application/Servicos/PendenciaService.cs,148,ConsultasAVencerAsync
semdor-crm,src/Clinica.Application/Servicos/PendenciaService.cs,199,GlosasARecorrerAsync
semdor-crm,src/Clinica.Application/Servicos/PendenciaService.cs,238,CarteirinhasAVencerAsync
semdor-crm,src/Clinica.Application/Servicos/PendenciaService.cs,279,TotalParaBadge
semdor-crm,src/Clinica.Application/Servicos/PendenciaService.cs,284,TotalPendenciasAsync
semdor-crm,src/Clinica.Application/Servicos/PixService.cs,18,CobrancaPix
semdor-crm,src/Clinica.Application/Servicos/PixService.cs,82,Gerar
semdor-crm,src/Clinica.Application/Servicos/PixService.cs,144,Campo
semdor-crm,src/Clinica.Application/Servicos/PixService.cs,153,Crc16
semdor-crm,src/Clinica.Application/Servicos/PixService.cs,171,Normalizar
semdor-crm,src/Clinica.Application/Servicos/PixService.cs,173,SoDigitos
semdor-crm,src/Clinica.Application/Servicos/PixService.cs,183,ComDdi
semdor-crm,src/Clinica.Application/Servicos/PixService.cs,200,Texto
semdor-crm,src/Clinica.Application/Servicos/PixService.cs,213,Alfanumerico
semdor-crm,src/Clinica.Application/Servicos/PixService.cs,223,SemAcento
semdor-crm,src/Clinica.Application/Servicos/PixService.cs,256,Classificar
semdor-crm,src/Clinica.Application/Servicos/PoliticaConclusaoService.cs,8,PoliticaConclusao
semdor-crm,src/Clinica.Application/Servicos/PoliticaConclusaoService.cs,14,ExigeEnfermagem
semdor-crm,src/Clinica.Application/Servicos/PoliticaConclusaoService.cs,19,PoliticaConclusaoService
semdor-crm,src/Clinica.Application/Servicos/PoliticaConclusaoService.cs,22,ObterAsync
semdor-crm,src/Clinica.Application/Servicos/PoliticaConclusaoService.cs,32,SalvarAsync
semdor-crm,src/Clinica.Application/Servicos/PoliticaMateriaisService.cs,9,PoliticaMateriais
semdor-crm,src/Clinica.Application/Servicos/PoliticaMateriaisService.cs,11,Abrange
semdor-crm,src/Clinica.Application/Servicos/PoliticaMateriaisService.cs,16,PoliticaMateriaisService
semdor-crm,src/Clinica.Application/Servicos/PoliticaMateriaisService.cs,20,ObterAsync
semdor-crm,src/Clinica.Application/Servicos/PoliticaMateriaisService.cs,27,SalvarAsync
semdor-crm,src/Clinica.Application/Servicos/PoliticaMateriaisService.cs,44,ExigirRegistroAsync
semdor-crm,src/Clinica.Application/Servicos/PrecoConvenioService.cs,14,PrecoProposto
semdor-crm,src/Clinica.Application/Servicos/PrecoConvenioService.cs,52,CatalogoAsync
semdor-crm,src/Clinica.Application/Servicos/PrecoConvenioService.cs,56,SalvarAsync
semdor-crm,src/Clinica.Application/Servicos/PrecoConvenioService.cs,103,ExcluirAsync
semdor-crm,src/Clinica.Application/Servicos/PrecoConvenioService.cs,114,ResolverAsync
semdor-crm,src/Clinica.Application/Servicos/PrecoConvenioService.cs,144,ProporAsync
semdor-crm,src/Clinica.Application/Servicos/PrecoParticularService.cs,30,CatalogoAsync
semdor-crm,src/Clinica.Application/Servicos/PrecoParticularService.cs,34,SalvarAsync
semdor-crm,src/Clinica.Application/Servicos/PrecoParticularService.cs,78,ExcluirAsync
semdor-crm,src/Clinica.Application/Servicos/PrecoParticularService.cs,90,ResolverAsync
semdor-crm,src/Clinica.Application/Servicos/PrecoParticularService.cs,119,Pontuar
semdor-crm,src/Clinica.Application/Servicos/PrecoParticularService.cs,134,ProporAsync
semdor-crm,src/Clinica.Application/Servicos/PrescricaoInternaPdfService.cs,103,AreaDaAssinatura
semdor-crm,src/Clinica.Application/Servicos/PrescricaoInternaPdfService.cs,119,AreaDaSegundaAssinatura
semdor-crm,src/Clinica.Application/Servicos/PrescricaoInternaPdfService.cs,132,GerarPrescricaoAsync
semdor-crm,src/Clinica.Application/Servicos/PrescricaoInternaPdfService.cs,143,GerarPrescricao
semdor-crm,src/Clinica.Application/Servicos/PrescricaoInternaPdfService.cs,207,GerarRegistroExecucaoAsync
semdor-crm,src/Clinica.Application/Servicos/PrescricaoInternaPdfService.cs,225,GerarRegistroExecucao
semdor-crm,src/Clinica.Application/Servicos/PrescricaoInternaPdfService.cs,281,Moldura
semdor-crm,src/Clinica.Application/Servicos/PrescricaoInternaPdfService.cs,290,Cabecalho
semdor-crm,src/Clinica.Application/Servicos/PrescricaoInternaPdfService.cs,356,AvisoDeUsoInterno
semdor-crm,src/Clinica.Application/Servicos/PrescricaoInternaPdfService.cs,368,IdentificacaoDoPaciente
semdor-crm,src/Clinica.Application/Servicos/PrescricaoInternaPdfService.cs,407,BlocoDeAlergias
semdor-crm,src/Clinica.Application/Servicos/PrescricaoInternaPdfService.cs,440,TabelaDaPrescricao
semdor-crm,src/Clinica.Application/Servicos/PrescricaoInternaPdfService.cs,519,CampoParaCaneta
semdor-crm,src/Clinica.Application/Servicos/PrescricaoInternaPdfService.cs,539,TabelaDaExecucao
semdor-crm,src/Clinica.Application/Servicos/PrescricaoInternaPdfService.cs,621,MarcaDeChecagem
semdor-crm,src/Clinica.Application/Servicos/PrescricaoInternaPdfService.cs,669,Justificativas
semdor-crm,src/Clinica.Application/Servicos/PrescricaoInternaPdfService.cs,699,Retificacoes
semdor-crm,src/Clinica.Application/Servicos/PrescricaoInternaPdfService.cs,744,IntercorrenciasDaExecucao
semdor-crm,src/Clinica.Application/Servicos/PrescricaoInternaPdfService.cs,774,BlocoDeIntercorrencias
semdor-crm,src/Clinica.Application/Servicos/PrescricaoInternaPdfService.cs,804,EvolucoesDeEnfermagem
semdor-crm,src/Clinica.Application/Servicos/PrescricaoInternaPdfService.cs,896,ConsultaDeEnfermagem
semdor-crm,src/Clinica.Application/Servicos/PrescricaoInternaPdfService.cs,962,VinculoComAPrescricao
semdor-crm,src/Clinica.Application/Servicos/PrescricaoInternaPdfService.cs,1013,Rodape
semdor-crm,src/Clinica.Application/Servicos/PrescricaoInternaPdfService.cs,1130,AvisoDoRegistroDeExecucao
semdor-crm,src/Clinica.Application/Servicos/PrescricaoInternaPdfService.cs,1140,FraseDoNivel
semdor-crm,src/Clinica.Application/Servicos/PrescricaoInternaPdfService.cs,1166,AlergiasParaAFolhaAsync
semdor-crm,src/Clinica.Application/Servicos/PrescricaoInternaPdfService.cs,1173,NomeDoExecutante
semdor-crm,src/Clinica.Application/Servicos/PrescricaoInternaPdfService.cs,1178,ConselhoDoExecutante
semdor-crm,src/Clinica.Application/Servicos/PrescricaoInternaPdfService.cs,1183,Campo
semdor-crm,src/Clinica.Application/Servicos/PrescricaoInternaPdfService.cs,1190,Faixa
semdor-crm,src/Clinica.Application/Servicos/PrescricaoInternaPdfService.cs,1199,PreparoDoItem
semdor-crm,src/Clinica.Application/Servicos/PrescricaoInternaPdfService.cs,1208,CabecalhoCelula
semdor-crm,src/Clinica.Application/Servicos/PrescricaoInternaPdfService.cs,1213,Celula
semdor-crm,src/Clinica.Application/Servicos/PrescricaoInternaPdfService.cs,1216,PrimeiroPreenchido
semdor-crm,src/Clinica.Application/Servicos/PrescricaoInternaPdfService.cs,1219,Juntar
semdor-crm,src/Clinica.Application/Servicos/PrescricaoInternaPdfService.cs,1225,Prefixado
semdor-crm,src/Clinica.Application/Servicos/PrescricaoInternaService.cs,13,ResultadoAssinaturaPrescricao
semdor-crm,src/Clinica.Application/Servicos/PrescricaoInternaService.cs,60,ObterAsync
semdor-crm,src/Clinica.Application/Servicos/PrescricaoInternaService.cs,63,PorCodigoAsync
semdor-crm,src/Clinica.Application/Servicos/PrescricaoInternaService.cs,66,DoPacienteAsync
semdor-crm,src/Clinica.Application/Servicos/PrescricaoInternaService.cs,79,ContextoAsync
semdor-crm,src/Clinica.Application/Servicos/PrescricaoInternaService.cs,83,ConferirAsync
semdor-crm,src/Clinica.Application/Servicos/PrescricaoInternaService.cs,96,CriarAsync
semdor-crm,src/Clinica.Application/Servicos/PrescricaoInternaService.cs,133,SalvarRascunhoAsync
semdor-crm,src/Clinica.Application/Servicos/PrescricaoInternaService.cs,214,ConferirParaAssinaturaAsync
semdor-crm,src/Clinica.Application/Servicos/PrescricaoInternaService.cs,235,AssinarAsync
semdor-crm,src/Clinica.Application/Servicos/PrescricaoInternaService.cs,311,AssinarExecucaoAsync
semdor-crm,src/Clinica.Application/Servicos/PrescricaoInternaService.cs,364,SuspenderItemAsync
semdor-crm,src/Clinica.Application/Servicos/PrescricaoInternaService.cs,406,CancelarAsync
semdor-crm,src/Clinica.Application/Servicos/PrescricaoInternaService.cs,449,Exigir
semdor-crm,src/Clinica.Application/Servicos/PrescricaoInternaService.cs,453,Limpar
semdor-crm,src/Clinica.Application/Servicos/PrescricaoInternaService.cs,456,GerarCodigo
semdor-crm,src/Clinica.Application/Servicos/PrescricaoService.cs,25,AlertaPrescricao
semdor-crm,src/Clinica.Application/Servicos/PrescricaoService.cs,34,ConferenciaPrescricao
semdor-crm,src/Clinica.Application/Servicos/PrescricaoService.cs,104,ContextoAsync
semdor-crm,src/Clinica.Application/Servicos/PrescricaoService.cs,115,ConferirAsync
semdor-crm,src/Clinica.Application/Servicos/PrescricaoService.cs,181,TermoQueCasa
semdor-crm,src/Clinica.Application/Servicos/PrescricaoService.cs,194,Palavras
semdor-crm,src/Clinica.Application/Servicos/PrescricaoService.cs,224,Normalizar
semdor-crm,src/Clinica.Application/Servicos/PrevencaoGlosaService.cs,30,AnalisarAsync
semdor-crm,src/Clinica.Application/Servicos/PrevencaoGlosaService.cs,45,AlertarCarteirinhasVencidas
semdor-crm,src/Clinica.Application/Servicos/PrevencaoGlosaService.cs,62,AlertarDuplicidades
semdor-crm,src/Clinica.Application/Servicos/PrevencaoGlosaService.cs,82,AlertarPadroesHistoricosAsync
semdor-crm,src/Clinica.Application/Servicos/ProblemaPacienteService.cs,41,DoPacienteAsync
semdor-crm,src/Clinica.Application/Servicos/ProblemaPacienteService.cs,45,ObterAsync
semdor-crm,src/Clinica.Application/Servicos/ProblemaPacienteService.cs,57,AlertasAsync
semdor-crm,src/Clinica.Application/Servicos/ProblemaPacienteService.cs,65,SalvarAsync
semdor-crm,src/Clinica.Application/Servicos/ProblemaPacienteService.cs,127,ResolverAsync
semdor-crm,src/Clinica.Application/Servicos/ProblemaPacienteService.cs,163,DescartarAsync
semdor-crm,src/Clinica.Application/Servicos/ProblemaPacienteService.cs,196,ReabrirAsync
semdor-crm,src/Clinica.Application/Servicos/ProblemaPacienteService.cs,223,Limpar
semdor-crm,src/Clinica.Application/Servicos/ProntuarioService.cs,26,DoPacienteAsync
semdor-crm,src/Clinica.Application/Servicos/ProntuarioService.cs,29,ObterAsync
semdor-crm,src/Clinica.Application/Servicos/ProntuarioService.cs,33,VincularAoHorarioAsync
semdor-crm,src/Clinica.Application/Servicos/ProntuarioService.cs,75,SalvarAsync
semdor-crm,src/Clinica.Application/Servicos/ProntuarioService.cs,213,GuardarVersao
semdor-crm,src/Clinica.Application/Servicos/ProntuarioService.cs,253,AplicarCamposPersonalizados
semdor-crm,src/Clinica.Application/Servicos/ProntuarioService.cs,272,ContagemDeVersoesAsync
semdor-crm,src/Clinica.Application/Servicos/ProntuarioService.cs,283,VersoesAsync
semdor-crm,src/Clinica.Application/Servicos/ProntuarioService.cs,303,CancelarAsync
semdor-crm,src/Clinica.Application/Servicos/ProntuarioService.cs,343,ModelosAsync
semdor-crm,src/Clinica.Application/Servicos/ProntuarioService.cs,352,SalvarModeloAsync
semdor-crm,src/Clinica.Application/Servicos/ProntuarioService.cs,415,RemoverModeloAsync
semdor-crm,src/Clinica.Application/Servicos/ProntuarioService.cs,426,EvolucaoDaDorAsync
semdor-crm,src/Clinica.Application/Servicos/ProntuarioService.cs,441,AnexosAsync
semdor-crm,src/Clinica.Application/Servicos/ProntuarioService.cs,452,ContagemDeAnexosAsync
semdor-crm,src/Clinica.Application/Servicos/ProntuarioService.cs,457,ConteudoAnexoAsync
semdor-crm,src/Clinica.Application/Servicos/ProntuarioService.cs,466,ConteudoAnexoAsync
semdor-crm,src/Clinica.Application/Servicos/ProntuarioService.cs,483,AnexarAsync
semdor-crm,src/Clinica.Application/Servicos/ProntuarioService.cs,544,CancelarAnexoAsync
semdor-crm,src/Clinica.Application/Servicos/ProntuarioService.cs,578,TemRegistro
semdor-crm,src/Clinica.Application/Servicos/ProntuarioService.cs,593,Limpar
semdor-crm,src/Clinica.Application/Servicos/ProtecaoSegredoGlobal.cs,25,DoAmbiente
semdor-crm,src/Clinica.Application/Servicos/ProtecaoSegredoGlobal.cs,28,EstaProtegido
semdor-crm,src/Clinica.Application/Servicos/ProtecaoSegredoGlobal.cs,30,Proteger
semdor-crm,src/Clinica.Application/Servicos/ProtecaoSegredoGlobal.cs,45,Revelar
semdor-crm,src/Clinica.Application/Servicos/ProvedorOpcoesArmazenamento.cs,31,ObterAsync
semdor-crm,src/Clinica.Application/Servicos/ProvedorOpcoesArmazenamento.cs,47,VemDoAmbiente
semdor-crm,src/Clinica.Application/Servicos/PublicacaoDocumentoService.cs,12,ResultadoPublicacao
semdor-crm,src/Clinica.Application/Servicos/PublicacaoDocumentoService.cs,16,Falhou
semdor-crm,src/Clinica.Application/Servicos/PublicacaoDocumentoService.cs,19,NaoSeAplica
semdor-crm,src/Clinica.Application/Servicos/PublicacaoDocumentoService.cs,79,LigadaAsync
semdor-crm,src/Clinica.Application/Servicos/PublicacaoDocumentoService.cs,88,GarantirTokenAsync
semdor-crm,src/Clinica.Application/Servicos/PublicacaoDocumentoService.cs,107,PublicarAsync
semdor-crm,src/Clinica.Application/Servicos/PublicacaoDocumentoService.cs,190,TestarConexaoAsync
semdor-crm,src/Clinica.Application/Servicos/PublicacaoDocumentoService.cs,243,EnviarExemploAsync
semdor-crm,src/Clinica.Application/Servicos/PublicacaoDocumentoService.cs,273,PdfDeExemplo
semdor-crm,src/Clinica.Application/Servicos/PublicacaoDocumentoService.cs,300,RenovarAsync
semdor-crm,src/Clinica.Application/Servicos/PublicacaoDocumentoService.cs,335,DespublicarAsync
semdor-crm,src/Clinica.Application/Servicos/PublicacaoDocumentoService.cs,378,ExpirarVencidosAsync
semdor-crm,src/Clinica.Application/Servicos/RecebiveisService.cs,14,DepositoEsperado
semdor-crm,src/Clinica.Application/Servicos/RecebiveisService.cs,25,Atrasado
semdor-crm,src/Clinica.Application/Servicos/RecebiveisService.cs,35,DepositoConfirmado
semdor-crm,src/Clinica.Application/Servicos/RecebiveisService.cs,51,ResumoRecebiveis
semdor-crm,src/Clinica.Application/Servicos/RecebiveisService.cs,96,EsperadosAsync
semdor-crm,src/Clinica.Application/Servicos/RecebiveisService.cs,112,AtrasadosAsync
semdor-crm,src/Clinica.Application/Servicos/RecebiveisService.cs,117,ResumoAsync
semdor-crm,src/Clinica.Application/Servicos/RecebiveisService.cs,139,ConfirmarAsync
semdor-crm,src/Clinica.Application/Servicos/RecebiveisService.cs,151,ConfirmadosAsync
semdor-crm,src/Clinica.Application/Servicos/RecebiveisService.cs,171,DesfazerConfirmacaoAsync
semdor-crm,src/Clinica.Application/Servicos/RecebiveisService.cs,175,AlterarConfirmacaoAsync
semdor-crm,src/Clinica.Application/Servicos/RecebiveisService.cs,219,Adquirente
semdor-crm,src/Clinica.Application/Servicos/ReceitaGlosadaService.cs,12,ReceitaGlosada
semdor-crm,src/Clinica.Application/Servicos/ReceitaGlosadaService.cs,59,DiasParaFimRecurso
semdor-crm,src/Clinica.Application/Servicos/ReceitaGlosadaService.cs,116,PendentesAsync
semdor-crm,src/Clinica.Application/Servicos/ReceitaGlosadaService.cs,188,CancelarReceitaAsync
semdor-crm,src/Clinica.Application/Servicos/RelacionamentoService.cs,8,Aniversariante
semdor-crm,src/Clinica.Application/Servicos/RelacionamentoService.cs,24,HistoricoFaltas
semdor-crm,src/Clinica.Application/Servicos/RelacionamentoService.cs,97,AniversariantesAsync
semdor-crm,src/Clinica.Application/Servicos/RelacionamentoService.cs,141,FaltasDoPacienteAsync
semdor-crm,src/Clinica.Application/Servicos/RelatorioService.cs,19,GerarAsync
semdor-crm,src/Clinica.Application/Servicos/RelatorioService.cs,89,Resumir
semdor-crm,src/Clinica.Application/Servicos/RelatorioService.cs,117,ComparativoMensalAsync
semdor-crm,src/Clinica.Application/Servicos/RelatorioService.cs,137,EnvelhecimentoAsync
semdor-crm,src/Clinica.Application/Servicos/RentabilidadeConvenioService.cs,17,RentabilidadeConvenio
semdor-crm,src/Clinica.Application/Servicos/RentabilidadeConvenioService.cs,55,ResumoRentabilidade
semdor-crm,src/Clinica.Application/Servicos/RentabilidadeConvenioService.cs,104,PorConvenioAsync
semdor-crm,src/Clinica.Application/Servicos/RentabilidadeConvenioService.cs,178,ResumoAsync
semdor-crm,src/Clinica.Application/Servicos/RentabilidadeConvenioService.cs,198,CodigoDoConvenio
semdor-crm,src/Clinica.Application/Servicos/RepasseService.cs,7,RepasseCalculado
semdor-crm,src/Clinica.Application/Servicos/RepasseService.cs,46,RegrasAsync
semdor-crm,src/Clinica.Application/Servicos/RepasseService.cs,50,SalvarRegraAsync
semdor-crm,src/Clinica.Application/Servicos/RepasseService.cs,92,ExcluirRegraAsync
semdor-crm,src/Clinica.Application/Servicos/RepasseService.cs,105,CalcularAsync
semdor-crm,src/Clinica.Application/Servicos/RepasseService.cs,173,ApurarAsync
semdor-crm,src/Clinica.Application/Servicos/RepasseService.cs,240,ApuradosAsync
semdor-crm,src/Clinica.Application/Servicos/RepasseService.cs,248,CancelarApuracaoAsync
semdor-crm,src/Clinica.Application/Servicos/RepasseService.cs,287,EscolherRegra
semdor-crm,src/Clinica.Application/Servicos/RepasseService.cs,296,AtendeAoFiltro
semdor-crm,src/Clinica.Application/Servicos/RepasseService.cs,304,Limpar
semdor-crm,src/Clinica.Application/Servicos/ResultadoExameService.cs,24,RegistrarAsync
semdor-crm,src/Clinica.Application/Servicos/ResultadoExameService.cs,124,CancelarAsync
semdor-crm,src/Clinica.Application/Servicos/ResultadoExameService.cs,152,DoPacienteAsync
semdor-crm,src/Clinica.Application/Servicos/ResultadoExameService.cs,157,ConteudoDoLaudoAsync
semdor-crm,src/Clinica.Application/Servicos/ResultadoExameService.cs,160,Aparar
semdor-crm,src/Clinica.Application/Servicos/ResultadoMensalService.cs,7,LinhaResultado
semdor-crm,src/Clinica.Application/Servicos/ResultadoMensalService.cs,19,ResultadoMensal
semdor-crm,src/Clinica.Application/Servicos/ResultadoMensalService.cs,72,DoMesAsync
semdor-crm,src/Clinica.Application/Servicos/ResultadoMensalService.cs,104,Agrupar
semdor-crm,src/Clinica.Application/Servicos/RetencaoPacienteService.cs,7,PacienteSumido
semdor-crm,src/Clinica.Application/Servicos/RetencaoPacienteService.cs,88,SumidosAsync
semdor-crm,src/Clinica.Application/Servicos/RetencaoPacienteService.cs,152,PacientesComPacoteAbertoAsync
semdor-crm,src/Clinica.Application/Servicos/RetornosAMarcarService.cs,26,ListarAsync
semdor-crm,src/Clinica.Application/Servicos/RodadaPendenciasService.cs,35,GarantirInicioAsync
semdor-crm,src/Clinica.Application/Servicos/RodadaPendenciasService.cs,42,ObterStatusAsync
semdor-crm,src/Clinica.Application/Servicos/RodadaPendenciasService.cs,68,GuiasVencidasParaDecisaoAsync
semdor-crm,src/Clinica.Application/Servicos/RodadaPendenciasService.cs,76,MarcarNaoConformidadeAsync
semdor-crm,src/Clinica.Application/Servicos/RodadaPendenciasService.cs,94,ReabrirNaoConformidadeAsync
semdor-crm,src/Clinica.Application/Servicos/RodadaPendenciasService.cs,112,NaoConformidadesAsync
semdor-crm,src/Clinica.Application/Servicos/TaxaService.cs,10,DeducoesRecebimento
semdor-crm,src/Clinica.Application/Servicos/TaxaService.cs,71,CatalogoAsync
semdor-crm,src/Clinica.Application/Servicos/TaxaService.cs,75,SalvarAsync
semdor-crm,src/Clinica.Application/Servicos/TaxaService.cs,117,ExcluirAsync
semdor-crm,src/Clinica.Application/Servicos/TaxaService.cs,126,CalcularPagamentoPacienteAsync
semdor-crm,src/Clinica.Application/Servicos/TaxaService.cs,151,ResolverAsync
semdor-crm,src/Clinica.Application/Servicos/TaxaService.cs,184,CalcularAsync
semdor-crm,src/Clinica.Application/Servicos/TaxaService.cs,254,ModalidadeDe
semdor-crm,src/Clinica.Application/Servicos/TaxaService.cs,266,Arredondar
semdor-crm,src/Clinica.Application/Servicos/TaxaService.cs,269,Limpar
semdor-crm,src/Clinica.Application/Servicos/TermoProcedimentoService.cs,48,ExigenciasAsync
semdor-crm,src/Clinica.Application/Servicos/TermoProcedimentoService.cs,62,ExigirAsync
semdor-crm,src/Clinica.Application/Servicos/TermoProcedimentoService.cs,163,NormalizarCodigo
semdor-crm,src/Clinica.Application/Servicos/TermoProcedimentoService.cs,170,AlternarAsync
semdor-crm,src/Clinica.Application/Servicos/TermoProcedimentoService.cs,200,SituacaoDoDiaAsync
semdor-crm,src/Clinica.Application/Servicos/TermoProcedimentoService.cs,233,DoDiaAsync
semdor-crm,src/Clinica.Application/Servicos/TermoProcedimentoService.cs,274,AssinaturasRemotasAguardandoAsync
semdor-crm,src/Clinica.Application/Servicos/TermoProcedimentoService.cs,298,ModelosDisponiveisAsync
semdor-crm,src/Clinica.Application/Servicos/TermoProcedimentoService.cs,324,SessoesParaTermoAsync
semdor-crm,src/Clinica.Application/Servicos/TermoProcedimentoService.cs,382,Resolver
semdor-crm,src/Clinica.Application/Servicos/TermoProcedimentoService.cs,479,DeclaracoesNegadas
semdor-crm,src/Clinica.Application/Servicos/TermoProcedimentoService.cs,487,Limpar
semdor-crm,src/Clinica.Application/Servicos/TermoProcedimentoService.cs,514,SituacaoTermo
semdor-crm,src/Clinica.Application/Servicos/TermoProcedimentoService.cs,571,Primeira
semdor-crm,src/Clinica.Application/Servicos/TermoProcedimentoService.cs,593,SessaoParaTermo
semdor-crm,src/Clinica.Application/Servicos/TextoFormatadoPdf.cs,9,Trechos
semdor-crm,src/Clinica.Application/Servicos/TextoFormatadoPdf.cs,17,TextoClinico
semdor-crm,src/Clinica.Application/Servicos/TissExportService.cs,27,ValidarPrestador
semdor-crm,src/Clinica.Application/Servicos/TissExportService.cs,46,GerarLoteXml
semdor-crm,src/Clinica.Application/Servicos/TissExportService.cs,69,GerarRecursoGlosaXml
semdor-crm,src/Clinica.Application/Servicos/TissExportService.cs,96,Cabecalho
semdor-crm,src/Clinica.Application/Servicos/TissExportService.cs,117,CriarGuia
semdor-crm,src/Clinica.Application/Servicos/TissExportService.cs,125,CriarGuiaConsulta
semdor-crm,src/Clinica.Application/Servicos/TissExportService.cs,143,CriarGuiaSpSadt
semdor-crm,src/Clinica.Application/Servicos/TissExportService.cs,169,DadosBeneficiario
semdor-crm,src/Clinica.Application/Servicos/TissExportService.cs,182,ContratadoExecutante
semdor-crm,src/Clinica.Application/Servicos/TissExportService.cs,188,ElementoOpcional
semdor-crm,src/Clinica.Application/Servicos/TissExportService.cs,192,Finalizar
semdor-crm,src/Clinica.Application/Servicos/TissExportService.cs,202,CalcularHash
semdor-crm,src/Clinica.Application/Servicos/TissRetornoImport.cs,10,ResultadoImportacaoRetorno
semdor-crm,src/Clinica.Application/Servicos/TissRetornoImport.cs,33,Ler
semdor-crm,src/Clinica.Application/Servicos/TissRetornoImport.cs,131,ExtrairData
semdor-crm,src/Clinica.Application/Servicos/TissRetornoImport.cs,145,NormalizarMotivo
semdor-crm,src/Clinica.Application/Servicos/TissRetornoImport.cs,151,Vazio
semdor-crm,src/Clinica.Application/Servicos/TissValidador.cs,20,Validar
semdor-crm,src/Clinica.Application/Servicos/TissValidador.cs,102,ValidarComXsd
semdor-crm,src/Clinica.Application/Servicos/TissValidador.cs,120,ExigirTexto
semdor-crm,src/Clinica.Application/Servicos/TissValidador.cs,131,CalcularHashSemEpilogo
semdor-crm,src/Clinica.Application/Servicos/TitularDadosService.cs,11,ResultadoAnonimizacao
semdor-crm,src/Clinica.Application/Servicos/TitularDadosService.cs,96,ExportarAsync
semdor-crm,src/Clinica.Application/Servicos/TitularDadosService.cs,421,AnonimizarAsync
semdor-crm,src/Clinica.Application/Servicos/TitularDadosService.cs,477,Linha
semdor-crm,src/Clinica.Application/Servicos/TitularDadosService.cs,480,Bloco
semdor-crm,src/Clinica.Application/Servicos/TitularDadosService.cs,490,EscreverAnamnese
semdor-crm,src/Clinica.Application/Servicos/TributoService.cs,14,ImpostoApurado
semdor-crm,src/Clinica.Application/Servicos/TributoService.cs,51,CatalogoAsync
semdor-crm,src/Clinica.Application/Servicos/TributoService.cs,68,VigentesEmAsync
semdor-crm,src/Clinica.Application/Servicos/TributoService.cs,92,SalvarAsync
semdor-crm,src/Clinica.Application/Servicos/TributoService.cs,143,ExcluirAsync
semdor-crm,src/Clinica.Application/Servicos/TributoService.cs,156,ApurarAsync
semdor-crm,src/Clinica.Application/Servicos/TributoService.cs,211,AliquotaTotalAsync
semdor-crm,src/Clinica.Application/Servicos/TributoService.cs,244,ApuracaoMensalAsync
semdor-crm,src/Clinica.Application/Servicos/TributoService.cs,296,Arredondar
semdor-crm,src/Clinica.Application/Servicos/TributoService.cs,301,LinhaApuracaoTributo
semdor-crm,src/Clinica.Application/Servicos/TributoService.cs,318,ApuracaoMensal
semdor-crm,src/Clinica.Application/Servicos/ValidacaoCadastroPaciente.cs,9,ErroCpf
semdor-crm,src/Clinica.Application/Servicos/ValidacaoCadastroPaciente.cs,16,ErroEndereco
semdor-crm,src/Clinica.Application/Servicos/ValidacaoCadastroPaciente.cs,21,Exigir
semdor-crm,src/Clinica.Application/Tablet/AtendimentoTablet.cs,6,SalvarModeloMapaTablet
semdor-crm,src/Clinica.Application/Tablet/AtendimentoTablet.cs,7,ResultadoModeloMapaTablet
semdor-crm,src/Clinica.Application/Tablet/AtendimentoTablet.cs,11,PodeUsarPosto
semdor-crm,src/Clinica.Application/Tablet/AtendimentoTablet.cs,14,PodeAtender
semdor-crm,src/Clinica.Application/Tablet/AtendimentoTablet.cs,19,IniciarAvulsoTablet
semdor-crm,src/Clinica.Application/Tablet/AtendimentoTablet.cs,21,ResultadoAvulsoTablet
semdor-crm,src/Clinica.Application/Tablet/AtendimentoTablet.cs,22,ChecarInfusaoTablet
semdor-crm,src/Clinica.Application/Tablet/AtendimentoTablet.cs,25,EncerrarInfusaoTablet
semdor-crm,src/Clinica.Application/Tablet/AtendimentoTablet.cs,26,CancelarInfusaoTablet
semdor-crm,src/Clinica.Application/Tablet/AtendimentoTablet.cs,27,DevolverInfusaoTablet
semdor-crm,src/Clinica.Application/Tablet/AtendimentoTablet.cs,28,CorrigirHorariosInfusaoTablet
semdor-crm,src/Clinica.Application/Tablet/AtendimentoTablet.cs,30,ResultadoEnfermagemTablet
semdor-crm,src/Clinica.Application/Tablet/AtendimentoTablet.cs,33,ConflitoClinicoTablet
semdor-crm,src/Clinica.Application/Tablet/AtendimentoTablet.cs,35,PontoClinicoTablet
semdor-crm,src/Clinica.Application/Tablet/AtendimentoTablet.cs,37,MapaClinicoTablet
semdor-crm,src/Clinica.Application/Tablet/AtendimentoTablet.cs,38,EvolucaoClinicaTablet
semdor-crm,src/Clinica.Application/Tablet/AtendimentoTablet.cs,42,SalvarAtendimentoTablet
semdor-crm,src/Clinica.Application/Tablet/AtendimentoTablet.cs,45,MaterialProcedimentoTablet
semdor-crm,src/Clinica.Application/Tablet/AtendimentoTablet.cs,47,MateriaisProcedimentoTablet
semdor-crm,src/Clinica.Application/Tablet/AtendimentoTablet.cs,49,RegistrarMateriaisTablet
semdor-crm,src/Clinica.Application/Tablet/AtendimentoTablet.cs,50,ResultadoMateriaisTablet
semdor-crm,src/Clinica.Application/Tablet/AtendimentoTablet.cs,51,EmitirDocumentoTablet
semdor-crm,src/Clinica.Application/Tablet/AtendimentoTablet.cs,58,ResultadoGravacaoTablet
semdor-crm,src/Clinica.Application/Tablet/AtendimentoTablet.cs,59,ResultadoDocumentoTablet
semdor-crm,src/Clinica.Application/Tablet/ContratoTablet.cs,9,ItemTablet
semdor-crm,src/Clinica.Application/Tablet/ContratoTablet.cs,10,DocumentoTablet
semdor-crm,src/Clinica.Application/Tablet/ContratoTablet.cs,13,PrepararTablet
semdor-crm,src/Clinica.Application/Tablet/ContratoTablet.cs,15,EnviarRubrica
semdor-crm,src/Clinica.Application/Tablet/ContratoTablet.cs,17,RespostasTablet
semdor-crm,src/Clinica.Application/Tablet/ContratoTablet.cs,18,SituacaoTermoTablet
semdor-crm,src/Clinica.Application/Tablet/ContratoTablet.cs,25,Hash
semdor-crm,src/Clinica.Application/Tablet/ContratoTablet.cs,26,Hash
semdor-crm,src/Clinica.Application/Tablet/ContratoTablet.cs,27,Fotografar
semdor-crm,src/Clinica.Application/Tablet/ContratoTablet.cs,32,ValidarRespostas
semdor-crm,src/Clinica.Application/Tablet/ErroFormularioTablet.cs,12,Criar
semdor-crm,src/Clinica.Application/Tablet/ErroFormularioTablet.cs,19,EhPublico
semdor-crm,src/Clinica.Application/Tablet/FichaTablet.cs,6,AnamneseTablet
semdor-crm,src/Clinica.Application/Tablet/FichaTablet.cs,9,MedidaTablet
semdor-crm,src/Clinica.Application/Tablet/FichaTablet.cs,11,ProblemaTablet
semdor-crm,src/Clinica.Application/Tablet/FichaTablet.cs,13,SituacaoProblemaTablet
semdor-crm,src/Clinica.Application/Tablet/FichaTablet.cs,15,CancelarRegistroTablet
semdor-crm,src/Clinica.Application/Tablet/FichaTablet.cs,16,AnexoTablet
semdor-crm,src/Clinica.Application/Tablet/FichaTablet.cs,18,ResultadoFichaTablet
semdor-crm,src/Clinica.Application/Tablet/FichaTablet.cs,19,ResultadoExameTablet
semdor-crm,src/Clinica.Application/Tablet/FichaTablet.cs,21,RegistroEnfermagemTablet
semdor-crm,src/Clinica.Application/Tablet/FichaTablet.cs,24,VinculoEnfermagemTablet
semdor-crm,src/Clinica.Application/Tablet/FichaTablet.cs,25,ObservacaoEnfermagemTablet
semdor-crm,src/Clinica.Application/Tablet/FichaTablet.cs,28,ObservacoesEnfermagemTablet
semdor-crm,src/Clinica.Application/Tablet/FichaTablet.cs,30,ReservarEdicaoEnfermagemTablet
semdor-crm,src/Clinica.Application/Tablet/FichaTablet.cs,31,ResultadoObservacoesEnfermagemTablet
semdor-crm,src/Clinica.Application/Tablet/FichaTablet.cs,32,SalvarModeloEnfermagemTablet
semdor-crm,src/Clinica.Application/Tablet/FichaTablet.cs,33,ModeloEnfermagemTablet
semdor-crm,src/Clinica.Application/Tablet/FichaTablet.cs,34,SalvarModeloEvolucaoTablet
semdor-crm,src/Clinica.Application/Tablet/FichaTablet.cs,38,ModeloEvolucaoTablet
semdor-crm,src/Clinica.Application/Tablet/FichaTablet.cs,42,InfusaoExternaTablet
semdor-crm,src/Clinica.Application/Tablet/FichaTablet.cs,43,NovoModeloDocumentoTablet
semdor-crm,src/Clinica.Application/Tablet/FichaTablet.cs,45,RascunhoTablet
semdor-crm,src/Clinica.Application/Tablet/FichaTablet.cs,50,ItemInfusaoTablet
semdor-crm,src/Clinica.Application/Tablet/TracoTablet.cs,83,Paeth
semdor-crm,src/Clinica.Application/Tablet/TracoTablet.cs,85,Crc
semdor-crm,src/Clinica.Crm.Bridge/ClinicAgendaBridge.cs,13,ClinicAgendaBridge
semdor-crm,src/Clinica.Crm.Bridge/ClinicAgendaBridge.cs,17,Phone
semdor-crm,src/Clinica.Crm.Bridge/ClinicAgendaBridge.cs,23,Revision
semdor-crm,src/Clinica.Crm.Bridge/ClinicAgendaBridge.cs,24,Snapshot
semdor-crm,src/Clinica.Crm.Bridge/ClinicAgendaBridge.cs,39,Decide
semdor-crm,src/Clinica.Crm.Bridge/ClinicRecallBridge.cs,12,ClinicRecallBridge
semdor-crm,src/Clinica.Crm.Bridge/ClinicRecallBridge.cs,22,Snapshot
semdor-crm,src/Clinica.Crm.Bridge/ClinicRecallBridge.cs,67,Notice
semdor-crm,src/Clinica.Crm.Bridge/ClinicSchedulingBridge.cs,14,ClinicSchedulingBridge
semdor-crm,src/Clinica.Crm.Bridge/ClinicSchedulingBridge.cs,34,Slots
semdor-crm,src/Clinica.Crm.Bridge/ClinicSchedulingBridge.cs,40,Reschedule
semdor-crm,src/Clinica.Crm/AccessPolicy.cs,4,AccessPolicy
semdor-crm,src/Clinica.Crm/AccessPolicy.cs,6,CanRead
semdor-crm,src/Clinica.Crm/AccessPolicy.cs,12,Require
semdor-crm,src/Clinica.Crm/AccessPolicy.cs,18,Conversations
semdor-crm,src/Clinica.Crm/AccessPolicy.cs,26,Contacts
semdor-crm,src/Clinica.Crm/AccessPolicy.cs,32,Tasks
semdor-crm,src/Clinica.Crm/AccessPolicy.cs,37,ContactWrite
semdor-crm,src/Clinica.Crm/AccessPolicy.cs,45,TaskWrite
semdor-crm,src/Clinica.Crm/AiAgent.cs,7,LunaAgent
semdor-crm,src/Clinica.Crm/AiAgent.cs,85,KnowledgeContent
semdor-crm,src/Clinica.Crm/AiAgent.cs,87,LunaResponse
semdor-crm,src/Clinica.Crm/AiAgent.cs,115,ParseLunaAnswer
semdor-crm,src/Clinica.Crm/AiAutomation.cs,18,LatestPatient
semdor-crm,src/Clinica.Crm/AiAutomation.cs,19,AiJobs
semdor-crm,src/Clinica.Crm/AiAutomation.cs,37,AutomaticHandoffMessage
semdor-crm,src/Clinica.Crm/AiAutomation.cs,55,ReceptionAnswerKey
semdor-crm,src/Clinica.Crm/AiAutomation.cs,56,RepeatsReceptionAnswer
semdor-crm,src/Clinica.Crm/AiAutomation.cs,91,TakeAiJob
semdor-crm,src/Clinica.Crm/AiAutomation.cs,100,RequeueAi
semdor-crm,src/Clinica.Crm/AiAutomation.cs,104,FailAi
semdor-crm,src/Clinica.Crm/AiAutomation.cs,108,PlanAiReply
semdor-crm,src/Clinica.Crm/AiAutomation.cs,144,AiDeliveryFailed
semdor-crm,src/Clinica.Crm/AiAutomation.cs,149,RecoverAiJobs
semdor-crm,src/Clinica.Crm/AiAutomation.cs,155,ReturnToAi
semdor-crm,src/Clinica.Crm/AiAutomation.cs,171,AiContext
semdor-crm,src/Clinica.Crm/AiAutomation.cs,177,ProcessAutomatic
semdor-crm,src/Clinica.Crm/AiAutomation.cs,185,AiReceptionWorker
semdor-crm,src/Clinica.Crm/AiAutomation.cs,188,ExecuteAsync
semdor-crm,src/Clinica.Crm/AiAutomation.cs,196,Tick
semdor-crm,src/Clinica.Crm/AiInboxDemo.cs,5,DemoAiResult
semdor-crm,src/Clinica.Crm/AiInboxDemo.cs,9,RequireDemoInbox
semdor-crm,src/Clinica.Crm/AiInboxDemo.cs,14,RecordDemoAiFailure
semdor-crm,src/Clinica.Crm/AiInboxDemo.cs,27,DemoInboxReply
semdor-crm,src/Clinica.Crm/AiInboxDemo.cs,55,DirectHours
semdor-crm,src/Clinica.Crm/AiLearning.cs,23,AiLearningCapture
semdor-crm,src/Clinica.Crm/AiLearning.cs,24,AiLearningCounts
semdor-crm,src/Clinica.Crm/AiLearning.cs,25,AiLearningPreview
semdor-crm,src/Clinica.Crm/AiLearning.cs,27,AiLearningReview
semdor-crm,src/Clinica.Crm/AiLearning.cs,30,InitializeProductionObserver
semdor-crm,src/Clinica.Crm/AiLearning.cs,47,StartObservation
semdor-crm,src/Clinica.Crm/AiLearning.cs,81,LearningConfig
semdor-crm,src/Clinica.Crm/AiLearning.cs,82,SaveLearningConfig
semdor-crm,src/Clinica.Crm/AiLearning.cs,93,LearningDelivered
semdor-crm,src/Clinica.Crm/AiLearning.cs,94,IndividualLearningTopic
semdor-crm,src/Clinica.Crm/AiLearning.cs,96,LearningMenuChoice
semdor-crm,src/Clinica.Crm/AiLearning.cs,100,LearningQuestion
semdor-crm,src/Clinica.Crm/AiLearning.cs,114,CaptureLearning
semdor-crm,src/Clinica.Crm/AiLearning.cs,148,PendingLearningWithFingerprint
semdor-crm,src/Clinica.Crm/AiLearning.cs,154,LearningCounts
semdor-crm,src/Clinica.Crm/AiLearning.cs,161,PromoteLearning
semdor-crm,src/Clinica.Crm/AiLearning.cs,174,VisibleLearning
semdor-crm,src/Clinica.Crm/AiLearning.cs,185,LearningRedact
semdor-crm,src/Clinica.Crm/AiLearning.cs,196,LearningState
semdor-crm,src/Clinica.Crm/AiLearning.cs,208,ReviewLearning
semdor-crm,src/Clinica.Crm/AiLearning.cs,238,DismissLearning
semdor-crm,src/Clinica.Crm/AiMemory.cs,7,AiMemoryItem
semdor-crm,src/Clinica.Crm/AiMemory.cs,17,PeriodValue
semdor-crm,src/Clinica.Crm/AiMemory.cs,26,Recall
semdor-crm,src/Clinica.Crm/AiMemory.cs,37,RequestsForget
semdor-crm,src/Clinica.Crm/AiMemory.cs,40,Remember
semdor-crm,src/Clinica.Crm/AiMemory.cs,58,FromConversation
semdor-crm,src/Clinica.Crm/AiMemory.cs,67,Simulation
semdor-crm,src/Clinica.Crm/AiMemory.cs,78,ResetSimulation
semdor-crm,src/Clinica.Crm/AiMemory.cs,101,Simulate
semdor-crm,src/Clinica.Crm/AiProviders.cs,21,OpenAiUsage
semdor-crm,src/Clinica.Crm/AiProviders.cs,22,ReserveOpenAiCall
semdor-crm,src/Clinica.Crm/AiProviders.cs,30,RecordOpenAiUsage
semdor-crm,src/Clinica.Crm/AiProviders.cs,37,RecordOpenAiLimit
semdor-crm,src/Clinica.Crm/AiProviders.cs,46,OpenAiClient
semdor-crm,src/Clinica.Crm/AiProviders.cs,53,CheckOpenAiResponse
semdor-crm,src/Clinica.Crm/AiProviders.cs,80,OpenAiConnection
semdor-crm,src/Clinica.Crm/AiProviders.cs,94,ModelAnswer
semdor-crm,src/Clinica.Crm/AiReception.cs,69,AiQuestion
semdor-crm,src/Clinica.Crm/AiReception.cs,70,AiSuggestion
semdor-crm,src/Clinica.Crm/AiReception.cs,71,AiFeedback
semdor-crm,src/Clinica.Crm/AiReception.cs,72,AttendanceChange
semdor-crm,src/Clinica.Crm/AiReception.cs,73,AiModelAnswer
semdor-crm,src/Clinica.Crm/AiReception.cs,77,AiConfiguration
semdor-crm,src/Clinica.Crm/AiReception.cs,78,AiConfiguration
semdor-crm,src/Clinica.Crm/AiReception.cs,79,Knowledge
semdor-crm,src/Clinica.Crm/AiReception.cs,80,AiRuns
semdor-crm,src/Clinica.Crm/AiReception.cs,90,SaveAiConfig
semdor-crm,src/Clinica.Crm/AiReception.cs,118,SaveKnowledge
semdor-crm,src/Clinica.Crm/AiReception.cs,124,ValidateKnowledge
semdor-crm,src/Clinica.Crm/AiReception.cs,135,SaveKnowledge
semdor-crm,src/Clinica.Crm/AiReception.cs,145,SaveAiRun
semdor-crm,src/Clinica.Crm/AiReception.cs,181,ReviewAiRun
semdor-crm,src/Clinica.Crm/AiReception.cs,198,NormalizeReceptionText
semdor-crm,src/Clinica.Crm/AiReception.cs,201,MentionsEmergency
semdor-crm,src/Clinica.Crm/AiReception.cs,202,RequestsHuman
semdor-crm,src/Clinica.Crm/AiReception.cs,212,ApplyHumanRequest
semdor-crm,src/Clinica.Crm/AiReception.cs,237,CancelReceptionAutomation
semdor-crm,src/Clinica.Crm/AiReception.cs,243,MarkHumanTaken
semdor-crm,src/Clinica.Crm/AiReception.cs,249,TakeHuman
semdor-crm,src/Clinica.Crm/AiReception.cs,261,ReceptionAi
semdor-crm,src/Clinica.Crm/AiReception.cs,274,ConfiguredFor
semdor-crm,src/Clinica.Crm/AiReception.cs,275,Client
semdor-crm,src/Clinica.Crm/AiReception.cs,280,Connection
semdor-crm,src/Clinica.Crm/AiReception.cs,293,Retrieve
semdor-crm,src/Clinica.Crm/AiReception.cs,301,Generate
semdor-crm,src/Clinica.Crm/AiSuspension.cs,5,SuspendAiForIntegrationPhase
semdor-crm,src/Clinica.Crm/AiTraining.cs,9,AiChat
semdor-crm,src/Clinica.Crm/AiTraining.cs,20,AiReadiness
semdor-crm,src/Clinica.Crm/AiTraining.cs,29,TrainingCases
semdor-crm,src/Clinica.Crm/AiTraining.cs,30,SaveTraining
semdor-crm,src/Clinica.Crm/AiTraining.cs,50,AiFingerprint
semdor-crm,src/Clinica.Crm/AiTraining.cs,57,AiReadiness
semdor-crm,src/Clinica.Crm/AiTraining.cs,72,ExampleScore
semdor-crm,src/Clinica.Crm/AiTraining.cs,79,ValidateHistory
semdor-crm,src/Clinica.Crm/AiTraining.cs,83,TestTraining
semdor-crm,src/Clinica.Crm/AudioConverter.cs,11,FfmpegAudioConverter
semdor-crm,src/Clinica.Crm/AudioConverter.cs,13,Convert
semdor-crm,src/Clinica.Crm/ClinicBooking.cs,5,BookingSearchRequest
semdor-crm,src/Clinica.Crm/ClinicBooking.cs,6,BookingHoldRequest
semdor-crm,src/Clinica.Crm/ClinicBooking.cs,7,BookingOperationRequest
semdor-crm,src/Clinica.Crm/ClinicBooking.cs,19,View
semdor-crm,src/Clinica.Crm/ClinicBooking.cs,22,BookingOfferView
semdor-crm,src/Clinica.Crm/ClinicBooking.cs,27,BookingOffer
semdor-crm,src/Clinica.Crm/ClinicBooking.cs,29,BookingHistory
semdor-crm,src/Clinica.Crm/ClinicBooking.cs,31,SaveBookingOffer
semdor-crm,src/Clinica.Crm/ClinicBooking.cs,35,ReserveBooking
semdor-crm,src/Clinica.Crm/ClinicBooking.cs,51,UpdateBooking
semdor-crm,src/Clinica.Crm/ClinicBooking.cs,65,ClinicBooking
semdor-crm,src/Clinica.Crm/ClinicBooking.cs,75,History
semdor-crm,src/Clinica.Crm/ClinicBooking.cs,76,Catalog
semdor-crm,src/Clinica.Crm/ClinicBooking.cs,79,Calendar
semdor-crm,src/Clinica.Crm/ClinicBooking.cs,82,Search
semdor-crm,src/Clinica.Crm/ClinicBooking.cs,90,Hold
semdor-crm,src/Clinica.Crm/ClinicBooking.cs,98,Operate
semdor-crm,src/Clinica.Crm/ClinicConnector.cs,29,ClinicConnector
semdor-crm,src/Clinica.Crm/ClinicConnector.cs,31,BookingCatalog
semdor-crm,src/Clinica.Crm/ClinicConnector.cs,32,BookingCalendar
semdor-crm,src/Clinica.Crm/ClinicConnector.cs,33,BookingSlots
semdor-crm,src/Clinica.Crm/ClinicConnector.cs,34,BookingHold
semdor-crm,src/Clinica.Crm/ClinicConnector.cs,35,BookingStatus
semdor-crm,src/Clinica.Crm/ClinicConnector.cs,36,BookingConfirm
semdor-crm,src/Clinica.Crm/ClinicConnector.cs,37,BookingRelease
semdor-crm,src/Clinica.Crm/ClinicConnector.cs,39,HasConfiguration
semdor-crm,src/Clinica.Crm/ClinicConnector.cs,52,Recall
semdor-crm,src/Clinica.Crm/ClinicConnector.cs,53,RecordRecall
semdor-crm,src/Clinica.Crm/ClinicConnector.cs,54,Dispatches
semdor-crm,src/Clinica.Crm/ClinicConnector.cs,55,ClaimDispatch
semdor-crm,src/Clinica.Crm/ClinicConnector.cs,56,SubmitDispatch
semdor-crm,src/Clinica.Crm/ClinicConnector.cs,57,ReportDispatch
semdor-crm,src/Clinica.Crm/ClinicConnector.cs,58,Snapshot
semdor-crm,src/Clinica.Crm/ClinicConnector.cs,59,Decide
semdor-crm,src/Clinica.Crm/ClinicConnector.cs,60,Slots
semdor-crm,src/Clinica.Crm/ClinicConnector.cs,61,Reschedule
semdor-crm,src/Clinica.Crm/ClinicConnector.cs,64,ClinicFlowWorker
semdor-crm,src/Clinica.Crm/ClinicConnector.cs,71,SyncRecall
semdor-crm,src/Clinica.Crm/ClinicConnector.cs,73,Sync
semdor-crm,src/Clinica.Crm/ClinicConnector.cs,77,ExecuteAsync
semdor-crm,src/Clinica.Crm/ClinicConnector.cs,89,Tick
semdor-crm,src/Clinica.Crm/ClinicContracts.cs,3,Specialty
semdor-crm,src/Clinica.Crm/ClinicContracts.cs,4,ClinicAppointment
semdor-crm,src/Clinica.Crm/ClinicContracts.cs,6,ClinicSnapshot
semdor-crm,src/Clinica.Crm/ClinicContracts.cs,7,ClinicDecision
semdor-crm,src/Clinica.Crm/ClinicContracts.cs,8,ClinicDecisionResult
semdor-crm,src/Clinica.Crm/ClinicContracts.cs,9,ClinicSlotQuery
semdor-crm,src/Clinica.Crm/ClinicContracts.cs,10,ClinicSlots
semdor-crm,src/Clinica.Crm/ClinicContracts.cs,11,ClinicReschedule
semdor-crm,src/Clinica.Crm/ClinicContracts.cs,12,ClinicRescheduleResult
semdor-crm,src/Clinica.Crm/ClinicContracts.cs,13,RecallCandidate
semdor-crm,src/Clinica.Crm/ClinicContracts.cs,16,RecallSnapshot
semdor-crm,src/Clinica.Crm/ClinicContracts.cs,17,RecallNotice
semdor-crm,src/Clinica.Crm/ClinicContracts.cs,19,ClinicDispatch
semdor-crm,src/Clinica.Crm/ClinicContracts.cs,21,ClinicDispatchClaim
semdor-crm,src/Clinica.Crm/ClinicContracts.cs,22,ClinicDispatchReport
semdor-crm,src/Clinica.Crm/ClinicContracts.cs,24,ClinicDispatchPermit
semdor-crm,src/Clinica.Crm/ClinicContracts.cs,26,BookingPatient
semdor-crm,src/Clinica.Crm/ClinicContracts.cs,27,BookingService
semdor-crm,src/Clinica.Crm/ClinicContracts.cs,28,BookingProfessional
semdor-crm,src/Clinica.Crm/ClinicContracts.cs,30,BookingQualification
semdor-crm,src/Clinica.Crm/ClinicContracts.cs,31,BookingRoom
semdor-crm,src/Clinica.Crm/ClinicContracts.cs,32,BookingCatalog
semdor-crm,src/Clinica.Crm/ClinicContracts.cs,34,BookingCatalogQuery
semdor-crm,src/Clinica.Crm/ClinicContracts.cs,35,BookingQuery
semdor-crm,src/Clinica.Crm/ClinicContracts.cs,37,BookingSlots
semdor-crm,src/Clinica.Crm/ClinicContracts.cs,38,BookingHold
semdor-crm,src/Clinica.Crm/ClinicContracts.cs,39,BookingAction
semdor-crm,src/Clinica.Crm/ClinicContracts.cs,40,BookingReceipt
semdor-crm,src/Clinica.Crm/ClinicContracts.cs,41,BookingReservation
semdor-crm,src/Clinica.Crm/ClinicContracts.cs,43,BookingCalendarQuery
semdor-crm,src/Clinica.Crm/ClinicContracts.cs,44,BookingCalendarItem
semdor-crm,src/Clinica.Crm/ClinicContracts.cs,46,BookingCalendar
semdor-crm,src/Clinica.Crm/ClinicFlow.cs,8,MenuOption
semdor-crm,src/Clinica.Crm/ClinicFlow.cs,9,MenuPage
semdor-crm,src/Clinica.Crm/ClinicFlow.cs,51,PendingMenu
semdor-crm,src/Clinica.Crm/ClinicFlow.cs,72,FlowConfig
semdor-crm,src/Clinica.Crm/ClinicFlow.cs,74,ClinicData
semdor-crm,src/Clinica.Crm/ClinicFlow.cs,75,Specialties
semdor-crm,src/Clinica.Crm/ClinicFlow.cs,76,SaveFlow
semdor-crm,src/Clinica.Crm/ClinicFlow.cs,94,Jobs
semdor-crm,src/Clinica.Crm/ClinicFlow.cs,95,SyncClinic
semdor-crm,src/Clinica.Crm/ClinicFlow.cs,131,PlanReminders
semdor-crm,src/Clinica.Crm/ClinicFlow.cs,147,TakeFlowJob
semdor-crm,src/Clinica.Crm/ClinicFlow.cs,173,FinishJob
semdor-crm,src/Clinica.Crm/ClinicFlow.cs,174,RetryDecision
semdor-crm,src/Clinica.Crm/ClinicFlow.cs,178,PlanSentNotice
semdor-crm,src/Clinica.Crm/ClinicFlow.cs,183,RecoverFlowJobs
semdor-crm,src/Clinica.Crm/ClinicFlow.cs,202,DecisionApplied
semdor-crm,src/Clinica.Crm/ClinicFlow.cs,209,SetSpecialty
semdor-crm,src/Clinica.Crm/ClinicFlow.cs,215,SpecialtyChange
semdor-crm,src/Clinica.Crm/ClinicScheduling.cs,5,SlotRequest
semdor-crm,src/Clinica.Crm/ClinicScheduling.cs,6,RescheduleRequest
semdor-crm,src/Clinica.Crm/ClinicScheduling.cs,7,SchedulingView
semdor-crm,src/Clinica.Crm/ClinicScheduling.cs,20,View
semdor-crm,src/Clinica.Crm/ClinicScheduling.cs,25,SaveSchedulingOffer
semdor-crm,src/Clinica.Crm/ClinicScheduling.cs,29,SchedulingHistory
semdor-crm,src/Clinica.Crm/ClinicScheduling.cs,31,ReserveReschedule
semdor-crm,src/Clinica.Crm/ClinicScheduling.cs,49,FinishReschedule
semdor-crm,src/Clinica.Crm/ClinicScheduling.cs,70,ClinicScheduling
semdor-crm,src/Clinica.Crm/ClinicScheduling.cs,75,Slots
semdor-crm,src/Clinica.Crm/ClinicScheduling.cs,85,Reschedule
semdor-crm,src/Clinica.Crm/ClinicScheduling.cs,105,Draft
semdor-crm,src/Clinica.Crm/ClinicalDispatch.cs,5,ClinicalDispatchState
semdor-crm,src/Clinica.Crm/ClinicalDispatch.cs,6,DispatchIdentity
semdor-crm,src/Clinica.Crm/ClinicalDispatch.cs,7,DispatchAttachment
semdor-crm,src/Clinica.Crm/ClinicalDispatch.cs,9,ClinicalAttachment
semdor-crm,src/Clinica.Crm/ClinicalDispatch.cs,10,ClinicalAttachment
semdor-crm,src/Clinica.Crm/ClinicalDispatch.cs,11,ClinicalConsumer
semdor-crm,src/Clinica.Crm/ClinicalDispatch.cs,15,ClinicalDispatches
semdor-crm,src/Clinica.Crm/ClinicalDispatch.cs,16,TrackDispatch
semdor-crm,src/Clinica.Crm/ClinicalDispatch.cs,19,ReserveClinicalEmail
semdor-crm,src/Clinica.Crm/ClinicalDispatch.cs,28,ClinicalConversation
semdor-crm,src/Clinica.Crm/ClinicalDispatch.cs,57,ClinicalDispatchWorker
semdor-crm,src/Clinica.Crm/ClinicalDispatch.cs,62,ExecuteAsync
semdor-crm,src/Clinica.Crm/ClinicalDispatch.cs,70,Tick
semdor-crm,src/Clinica.Crm/ClinicalDispatch.cs,173,MatchParameters
semdor-crm,src/Clinica.Crm/ConversationViewing.cs,3,ConversationViewInput
semdor-crm,src/Clinica.Crm/ConversationViewing.cs,4,ConversationView
semdor-crm,src/Clinica.Crm/ConversationViewing.cs,5,ConversationViewer
semdor-crm,src/Clinica.Crm/ConversationViewing.cs,8,TouchConversationView
semdor-crm,src/Clinica.Crm/ConversationWorkflow.cs,6,TransferRequest
semdor-crm,src/Clinica.Crm/ConversationWorkflow.cs,7,TransferDecision
semdor-crm,src/Clinica.Crm/ConversationWorkflow.cs,8,FollowupChange
semdor-crm,src/Clinica.Crm/ConversationWorkflow.cs,9,PinNoteChange
semdor-crm,src/Clinica.Crm/ConversationWorkflow.cs,23,TransferPreview
semdor-crm,src/Clinica.Crm/ConversationWorkflow.cs,24,ConversationAttention
semdor-crm,src/Clinica.Crm/ConversationWorkflow.cs,25,ConversationAttentionSnapshot
semdor-crm,src/Clinica.Crm/ConversationWorkflow.cs,47,RequestTransfer
semdor-crm,src/Clinica.Crm/ConversationWorkflow.cs,82,DecideTransfer
semdor-crm,src/Clinica.Crm/ConversationWorkflow.cs,108,Followup
semdor-crm,src/Clinica.Crm/ConversationWorkflow.cs,117,PinNote
semdor-crm,src/Clinica.Crm/ConversationWorkflow.cs,127,ConversationAttention
semdor-crm,src/Clinica.Crm/ConversationWorkflow.cs,144,MapConversationWorkflow
semdor-crm,src/Clinica.Crm/DeploymentCheck.cs,8,Requested
semdor-crm,src/Clinica.Crm/DeploymentCheck.cs,9,Execute
semdor-crm,src/Clinica.Crm/DeploymentCheck.cs,33,RequireExisting
semdor-crm,src/Clinica.Crm/DeploymentCheck.cs,36,Validate
semdor-crm,src/Clinica.Crm/Infobip.cs,10,Str
semdor-crm,src/Clinica.Crm/Infobip.cs,11,ParseIncoming
semdor-crm,src/Clinica.Crm/Infobip.cs,39,ParseReceipts
semdor-crm,src/Clinica.Crm/Infobip.cs,62,InfobipSender
semdor-crm,src/Clinica.Crm/Infobip.cs,64,Send
semdor-crm,src/Clinica.Crm/Infobip.cs,65,Send
semdor-crm,src/Clinica.Crm/InteractiveMenu.cs,3,InteractiveChoice
semdor-crm,src/Clinica.Crm/InteractiveMenu.cs,4,InteractiveMenu
semdor-crm,src/Clinica.Crm/InteractiveMenu.cs,10,Create
semdor-crm,src/Clinica.Crm/InteractiveMenu.cs,17,Content
semdor-crm,src/Clinica.Crm/MediaStore.cs,10,Attachment
semdor-crm,src/Clinica.Crm/MediaStore.cs,12,MediaStore
semdor-crm,src/Clinica.Crm/MediaStore.cs,25,FilePath
semdor-crm,src/Clinica.Crm/MediaStore.cs,26,Get
semdor-crm,src/Clinica.Crm/MediaStore.cs,39,DeliveryUrl
semdor-crm,src/Clinica.Crm/MediaStore.cs,45,VerifyDelivery
semdor-crm,src/Clinica.Crm/MediaStore.cs,66,Save
semdor-crm,src/Clinica.Crm/MediaStore.cs,100,TrustedIncomingUrl
semdor-crm,src/Clinica.Crm/MediaStore.cs,106,Incoming
semdor-crm,src/Clinica.Crm/Models.cs,3,Agent
semdor-crm,src/Clinica.Crm/Models.cs,4,Inbox
semdor-crm,src/Clinica.Crm/Models.cs,5,Incoming
semdor-crm,src/Clinica.Crm/Models.cs,7,Receipt
semdor-crm,src/Clinica.Crm/Models.cs,8,Change
semdor-crm,src/Clinica.Crm/Models.cs,9,Reply
semdor-crm,src/Clinica.Crm/Models.cs,10,TemplateSelection
semdor-crm,src/Clinica.Crm/Models.cs,11,NewConversation
semdor-crm,src/Clinica.Crm/Models.cs,12,ReadMarker
semdor-crm,src/Clinica.Crm/Models.cs,13,Login
semdor-crm,src/Clinica.Crm/Models.cs,14,SendResult
semdor-crm,src/Clinica.Crm/Models.cs,15,ConversationDetails
semdor-crm,src/Clinica.Crm/Models.cs,16,InternalNote
semdor-crm,src/Clinica.Crm/Models.cs,17,Note
semdor-crm,src/Clinica.Crm/Models.cs,76,Audit
semdor-crm,src/Clinica.Crm/Models.cs,77,CrmException
semdor-crm,src/Clinica.Crm/OperationPulse.cs,4,RoutineHealth
semdor-crm,src/Clinica.Crm/OperationPulse.cs,5,RequestIncident
semdor-crm,src/Clinica.Crm/OperationPulse.cs,8,OperationPulse
semdor-crm,src/Clinica.Crm/OperationPulse.cs,12,Observe
semdor-crm,src/Clinica.Crm/OperationPulse.cs,26,Stop
semdor-crm,src/Clinica.Crm/OperationPulse.cs,29,Read
semdor-crm,src/Clinica.Crm/OperationPulse.cs,39,RecordFailure
semdor-crm,src/Clinica.Crm/OperationPulse.cs,46,RecentFailures
semdor-crm,src/Clinica.Crm/OperationalHealth.cs,6,HealthCheck
semdor-crm,src/Clinica.Crm/OperationalHealth.cs,7,OperationalAlert
semdor-crm,src/Clinica.Crm/OperationalHealth.cs,8,OperationalFacts
semdor-crm,src/Clinica.Crm/OperationalHealth.cs,11,OperationalReport
semdor-crm,src/Clinica.Crm/OperationalHealth.cs,14,OperationalHealth
semdor-crm,src/Clinica.Crm/OperationalHealth.cs,16,Ready
semdor-crm,src/Clinica.Crm/OperationalHealth.cs,60,Inspect
semdor-crm,src/Clinica.Crm/Operations.cs,11,ResolveRequest
semdor-crm,src/Clinica.Crm/Operations.cs,14,Rates
semdor-crm,src/Clinica.Crm/Operations.cs,15,SaveRates
semdor-crm,src/Clinica.Crm/Operations.cs,22,Operations
semdor-crm,src/Clinica.Crm/Operations.cs,40,ResolveReschedule
semdor-crm,src/Clinica.Crm/PatientContext.cs,5,ContextPatient
semdor-crm,src/Clinica.Crm/PatientContext.cs,6,ContextAppointment
semdor-crm,src/Clinica.Crm/PatientContext.cs,9,From
semdor-crm,src/Clinica.Crm/PatientContext.cs,13,ReceptionAppointment
semdor-crm,src/Clinica.Crm/PatientContext.cs,16,From
semdor-crm,src/Clinica.Crm/PatientContext.cs,19,ContextRecall
semdor-crm,src/Clinica.Crm/PatientContext.cs,21,ContextActivity
semdor-crm,src/Clinica.Crm/PatientContext.cs,22,ContextTask
semdor-crm,src/Clinica.Crm/PatientContext.cs,23,PatientContextView
semdor-crm,src/Clinica.Crm/PatientContext.cs,29,ClinicContextSnapshot
semdor-crm,src/Clinica.Crm/PatientContext.cs,35,ContextSnapshot
semdor-crm,src/Clinica.Crm/PatientContext.cs,48,PatientContext
semdor-crm,src/Clinica.Crm/PatientContext.cs,50,Get
semdor-crm,src/Clinica.Crm/ProductionSetup.cs,10,Validate
semdor-crm,src/Clinica.Crm/ProductionSetup.cs,46,HttpsOrigin
semdor-crm,src/Clinica.Crm/ProductionSetup.cs,52,ProxyOptions
semdor-crm,src/Clinica.Crm/ProductionSetup.cs,66,ConfigureKeys
semdor-crm,src/Clinica.Crm/QualityAudit.cs,9,QualityCriterion
semdor-crm,src/Clinica.Crm/QualityAudit.cs,10,QualityFinding
semdor-crm,src/Clinica.Crm/QualityAudit.cs,11,QualityAnswer
semdor-crm,src/Clinica.Crm/QualityAudit.cs,31,QualityAudit
semdor-crm,src/Clinica.Crm/QualityAudit.cs,40,Sent
semdor-crm,src/Clinica.Crm/QualityAudit.cs,41,Subjects
semdor-crm,src/Clinica.Crm/QualityAudit.cs,42,Fingerprint
semdor-crm,src/Clinica.Crm/QualityAudit.cs,45,Findings
semdor-crm,src/Clinica.Crm/QualityAudit.cs,71,History
semdor-crm,src/Clinica.Crm/QualityAudit.cs,79,Overview
semdor-crm,src/Clinica.Crm/QualityAudit.cs,91,Detail
semdor-crm,src/Clinica.Crm/QualityAudit.cs,96,Save
semdor-crm,src/Clinica.Crm/RecallFlow.cs,26,RecallPreview
semdor-crm,src/Clinica.Crm/RecallFlow.cs,27,RecallOptOut
semdor-crm,src/Clinica.Crm/RecallFlow.cs,33,RecallConfig
semdor-crm,src/Clinica.Crm/RecallFlow.cs,35,RecallData
semdor-crm,src/Clinica.Crm/RecallFlow.cs,36,SyncRecall
semdor-crm,src/Clinica.Crm/RecallFlow.cs,37,SaveRecall
semdor-crm,src/Clinica.Crm/RecallFlow.cs,48,RecallPreview
semdor-crm,src/Clinica.Crm/RecallFlow.cs,49,RecallForPhone
semdor-crm,src/Clinica.Crm/RecallFlow.cs,79,RecallHours
semdor-crm,src/Clinica.Crm/RecallFlow.cs,81,PlanRecall
semdor-crm,src/Clinica.Crm/RecallFlow.cs,105,PlanRecallNotice
semdor-crm,src/Clinica.Crm/ReceptionCalendar.cs,20,Seconds
semdor-crm,src/Clinica.Crm/ReceptionCalendar.cs,94,CalendarHistory
semdor-crm,src/Clinica.Crm/ReceptionCalendar.cs,103,BusinessWait
semdor-crm,src/Clinica.Crm/ReceptionFlowWorker.cs,5,ReceptionDispatchOptions
semdor-crm,src/Clinica.Crm/ReceptionFlowWorker.cs,6,Read
semdor-crm,src/Clinica.Crm/ReceptionFlowWorker.cs,29,Handles
semdor-crm,src/Clinica.Crm/ReceptionFlowWorker.cs,30,ExecuteAsync
semdor-crm,src/Clinica.Crm/ReceptionFlowWorker.cs,50,Tick
semdor-crm,src/Clinica.Crm/ReceptionFlowWorker.cs,94,MarkInterruptedReceptionSend
semdor-crm,src/Clinica.Crm/ReceptionFlowWorker.cs,99,FlowMessageInFlight
semdor-crm,src/Clinica.Crm/ReceptionFlowWorker.cs,105,PendingReceptionJobs
semdor-crm,src/Clinica.Crm/ReceptionFlowWorker.cs,120,ReceptionDeliveryFailed
semdor-crm,src/Clinica.Crm/ReceptionHandoffs.cs,5,HandoffConversation
semdor-crm,src/Clinica.Crm/ReceptionHandoffs.cs,6,HandoffOverview
semdor-crm,src/Clinica.Crm/ReceptionHandoffs.cs,20,Reassign
semdor-crm,src/Clinica.Crm/ReceptionOperations.cs,5,ReceptionWindow
semdor-crm,src/Clinica.Crm/ReceptionOperations.cs,12,ReceptionHoursStatus
semdor-crm,src/Clinica.Crm/ReceptionOperations.cs,13,TeamCapacity
semdor-crm,src/Clinica.Crm/ReceptionOperations.cs,17,LocalDate
semdor-crm,src/Clinica.Crm/ReceptionOperations.cs,18,Status
semdor-crm,src/Clinica.Crm/ReceptionOperations.cs,34,Validate
semdor-crm,src/Clinica.Crm/ReceptionOperations.cs,53,Hours
semdor-crm,src/Clinica.Crm/ReceptionOperations.cs,54,SaveHours
semdor-crm,src/Clinica.Crm/ReceptionOperations.cs,72,Capacities
semdor-crm,src/Clinica.Crm/ReceptionRouting.cs,7,ReceptionPreset
semdor-crm,src/Clinica.Crm/ReceptionSessions.cs,6,TeamConnection
semdor-crm,src/Clinica.Crm/ReceptionSessions.cs,7,PresenceLease
semdor-crm,src/Clinica.Crm/ReceptionSessions.cs,8,ReceptionSession
semdor-crm,src/Clinica.Crm/ReceptionSessions.cs,12,ReceptionSessions
semdor-crm,src/Clinica.Crm/ReceptionSessions.cs,50,Valid
semdor-crm,src/Clinica.Crm/ReceptionSessions.cs,53,Start
semdor-crm,src/Clinica.Crm/ReceptionSessions.cs,62,Touch
semdor-crm,src/Clinica.Crm/ReceptionSessions.cs,71,End
semdor-crm,src/Clinica.Crm/ReceptionSessions.cs,75,ResetPresence
semdor-crm,src/Clinica.Crm/ReceptionSessions.cs,86,ConnectedActors
semdor-crm,src/Clinica.Crm/ReceptionSessions.cs,92,TeamConnections
semdor-crm,src/Clinica.Crm/RecoveryGuard.cs,5,ValidateStartup
semdor-crm,src/Clinica.Crm/RichMessaging.cs,7,WhatsAppTemplate
semdor-crm,src/Clinica.Crm/RichMessaging.cs,14,RichMessaging
semdor-crm,src/Clinica.Crm/RichMessaging.cs,16,Templates
semdor-crm,src/Clinica.Crm/RichMessaging.cs,33,ParseTemplate
semdor-crm,src/Clinica.Crm/RichMessaging.cs,51,Prepare
semdor-crm,src/Clinica.Crm/ServiceMetrics.cs,6,HumanQueueStart
semdor-crm,src/Clinica.Crm/ServiceMetrics.cs,7,ServiceClosureSnapshot
semdor-crm,src/Clinica.Crm/ServiceMetrics.cs,12,ServiceMetric
semdor-crm,src/Clinica.Crm/ServiceMetrics.cs,19,HumanSent
semdor-crm,src/Clinica.Crm/ServiceMetrics.cs,21,ClosureTimes
semdor-crm,src/Clinica.Crm/ServiceMetrics.cs,30,LastClosure
semdor-crm,src/Clinica.Crm/ServiceMetrics.cs,31,Calculate
semdor-crm,src/Clinica.Crm/ServiceMetrics.cs,80,Metrics
semdor-crm,src/Clinica.Crm/ServiceWorkflow.cs,5,ServiceClose
semdor-crm,src/Clinica.Crm/ServiceWorkflow.cs,6,ServiceResolution
semdor-crm,src/Clinica.Crm/ServiceWorkflow.cs,17,WaitingSince
semdor-crm,src/Clinica.Crm/ServiceWorkflow.cs,32,CloseService
semdor-crm,src/Clinica.Crm/Settings.cs,21,AllowsRecipient
semdor-crm,src/Clinica.Crm/Settings.cs,24,SendRestriction
semdor-crm,src/Clinica.Crm/Settings.cs,32,Read
semdor-crm,src/Clinica.Crm/SpecialtyAssignment.cs,28,AssignPendingSpecialtyConversations
semdor-crm,src/Clinica.Crm/SpecialtyCatalog.cs,7,SpecialtyLabel
semdor-crm,src/Clinica.Crm/SpecialtyCatalog.cs,12,SpecialtyCatalog
semdor-crm,src/Clinica.Crm/SpecialtyCatalog.cs,13,SpecialtyEdit
semdor-crm,src/Clinica.Crm/SpecialtyCatalog.cs,14,SpecialtyEditResult
semdor-crm,src/Clinica.Crm/SpecialtyCatalog.cs,33,SpecialtyCatalog
semdor-crm,src/Clinica.Crm/SpecialtyCatalog.cs,40,SaveSpecialty
semdor-crm,src/Clinica.Crm/Store.cs,40,Open
semdor-crm,src/Clinica.Crm/Store.cs,46,All
semdor-crm,src/Clinica.Crm/Store.cs,54,Read
semdor-crm,src/Clinica.Crm/Store.cs,60,Save
semdor-crm,src/Clinica.Crm/Store.cs,69,List
semdor-crm,src/Clinica.Crm/Store.cs,70,Get
semdor-crm,src/Clinica.Crm/Store.cs,71,ReadMarkers
semdor-crm,src/Clinica.Crm/Store.cs,76,MarkRead
semdor-crm,src/Clinica.Crm/Store.cs,82,Start
semdor-crm,src/Clinica.Crm/Store.cs,95,Details
semdor-crm,src/Clinica.Crm/Store.cs,103,AddNote
semdor-crm,src/Clinica.Crm/Store.cs,119,Receive
semdor-crm,src/Clinica.Crm/Store.cs,153,Route
semdor-crm,src/Clinica.Crm/Store.cs,172,Check
semdor-crm,src/Clinica.Crm/Store.cs,174,Owner
semdor-crm,src/Clinica.Crm/Store.cs,176,Change
semdor-crm,src/Clinica.Crm/Store.cs,236,Complete
semdor-crm,src/Clinica.Crm/Store.cs,243,Receipts
semdor-crm,src/Clinica.Crm/WorkspaceStore.cs,61,Availability
semdor-crm,src/Clinica.Crm/WorkspaceStore.cs,65,WorkspaceStore
semdor-crm,src/Clinica.Crm/WorkspaceStore.cs,68,Team
semdor-crm,src/Clinica.Crm/WorkspaceStore.cs,78,Manager
semdor-crm,src/Clinica.Crm/WorkspaceStore.cs,79,RequireManager
semdor-crm,src/Clinica.Crm/WorkspaceStore.cs,81,SaveTeam
semdor-crm,src/Clinica.Crm/WorkspaceStore.cs,97,SetAvailability
semdor-crm,src/Clinica.Crm/WorkspaceStore.cs,116,ContactId
semdor-crm,src/Clinica.Crm/WorkspaceStore.cs,117,Contacts
semdor-crm,src/Clinica.Crm/WorkspaceStore.cs,130,SaveContact
semdor-crm,src/Clinica.Crm/WorkspaceStore.cs,151,SaveTask
semdor-crm,src/Clinica.Crm/WorkspaceStore.cs,162,SaveQuickReply
semdor-crm,src/Clinica.Crm/WorkspaceStore.cs,167,SaveRule
semdor-crm,src/Clinica.Crm/wwwroot/app.js,15,html
semdor-crm,src/Clinica.Crm/wwwroot/app.js,16,options
semdor-crm,src/Clinica.Crm/wwwroot/app.js,17,error
semdor-crm,src/Clinica.Crm/wwwroot/app.js,18,toast
semdor-crm,src/Clinica.Crm/wwwroot/app.js,19,api
semdor-crm,src/Clinica.Crm/wwwroot/app.js,23,run
semdor-crm,src/Clinica.Crm/wwwroot/app.js,24,remember
semdor-crm,src/Clinica.Crm/wwwroot/app.js,26,writeRoute
semdor-crm,src/Clinica.Crm/wwwroot/app.js,27,clearSelection
semdor-crm,src/Clinica.Crm/wwwroot/app.js,28,applyLocationRoute
semdor-crm,src/Clinica.Crm/wwwroot/app.js,37,showPage
semdor-crm,src/Clinica.Crm/wwwroot/app.js,49,boot
semdor-crm,src/Clinica.Crm/wwwroot/app.js,54,refresh
semdor-crm,src/Clinica.Crm/wwwroot/app.js,55,renderPage
semdor-crm,src/Clinica.Crm/wwwroot/app.js,56,inboxSelection
semdor-crm,src/Clinica.Crm/wwwroot/app.js,57,nextInboxConversation
semdor-crm,src/Clinica.Crm/wwwroot/app.js,58,renderRows
semdor-crm,src/Clinica.Crm/wwwroot/app.js,61,conversationRow
semdor-crm,src/Clinica.Crm/wwwroot/app.js,71,open
semdor-crm,src/Clinica.Crm/wwwroot/app.js,72,renderDetail
semdor-crm,src/Clinica.Crm/wwwroot/app.js,77,mountConversationTools
semdor-crm,src/Clinica.Crm/wwwroot/app.js,91,empty
semdor-crm,src/Clinica.Crm/wwwroot/app.js,92,responseTime
semdor-crm,src/Clinica.Crm/wwwroot/app.js,93,renderDashboard
semdor-crm,src/Clinica.Crm/wwwroot/app.js,101,renderContacts
semdor-crm,src/Clinica.Crm/wwwroot/app.js,102,renderPipeline
semdor-crm,src/Clinica.Crm/wwwroot/app.js,103,renderTasks
semdor-crm,src/Clinica.Crm/wwwroot/app.js,104,quickGroup
semdor-crm,src/Clinica.Crm/wwwroot/app.js,105,quickCategories
semdor-crm,src/Clinica.Crm/wwwroot/app.js,106,renderQuick
semdor-crm,src/Clinica.Crm/wwwroot/app.js,107,renderQuickPicker
semdor-crm,src/Clinica.Crm/wwwroot/app.js,109,renderConnections
semdor-crm,src/Clinica.Crm/wwwroot/app.js,110,contactEditor
semdor-crm,src/Clinica.Crm/wwwroot/app.js,111,taskEditor
semdor-crm,src/Clinica.Crm/wwwroot/app.js,112,quickEditor
semdor-crm,src/Clinica.Crm/wwwroot/app.js,113,details
semdor-crm,src/Clinica.Crm/wwwroot/app.js,132,transferAgentLabel
semdor-crm,src/Clinica.Crm/wwwroot/app.js,133,transferDestinationHint
semdor-crm,src/Clinica.Crm/wwwroot/app.js,134,transferAgents
semdor-crm,src/Clinica.Crm/wwwroot/app.js,148,dueMatches
semdor-crm,src/Clinica.Crm/wwwroot/app.js,149,renderRules
semdor-crm,src/Clinica.Crm/wwwroot/app.js,150,ruleEditor
semdor-crm,src/Clinica.Crm/wwwroot/app.js,158,setRich
semdor-crm,src/Clinica.Crm/wwwroot/app.js,159,renderRichComposer
semdor-crm,src/Clinica.Crm/wwwroot/app.js,165,messageMedia
semdor-crm,src/Clinica.Crm/wwwroot/app.js,171,messageQuote
semdor-crm,src/Clinica.Crm/wwwroot/app.js,172,markCurrentRead
semdor-crm,src/Clinica.Crm/wwwroot/app.js,173,incomingUpdates
semdor-crm,src/Clinica.Crm/wwwroot/app.js,174,renderOperation
semdor-crm,src/Clinica.Crm/wwwroot/app.js,175,unreadCounter
semdor-crm,src/Clinica.Crm/wwwroot/app.js,182,mediaContextValid
semdor-crm,src/Clinica.Crm/wwwroot/app.js,183,cancelMediaWork
semdor-crm,src/Clinica.Crm/wwwroot/app.js,184,flushMediaUpload
semdor-crm,src/Clinica.Crm/wwwroot/app.js,185,upload
semdor-crm,src/Clinica.Crm/wwwroot/app.js,189,sendConversation
semdor-crm,src/Clinica.Crm/wwwroot/app.js,194,updateTemplatePreview
semdor-crm,src/Clinica.Crm/wwwroot/app.js,200,renderTemplateDetail
semdor-crm,src/Clinica.Crm/wwwroot/app.js,216,renderTemplateChoices
semdor-crm,src/Clinica.Crm/wwwroot/app.js,223,loadTemplateChoices
semdor-crm,src/Clinica.Crm/wwwroot/app.js,262,stopRecording
semdor-crm,src/Clinica.Crm/wwwroot/app.js,265,teamLoad
semdor-crm,src/Clinica.Crm/wwwroot/app.js,266,renderTeam
semdor-crm,src/Clinica.Crm/wwwroot/app.js,268,reportList
semdor-crm,src/Clinica.Crm/wwwroot/app.js,269,reportTiming
semdor-crm,src/Clinica.Crm/wwwroot/app.js,270,firstResponse
semdor-crm,src/Clinica.Crm/wwwroot/app.js,271,reportAgentName
semdor-crm,src/Clinica.Crm/wwwroot/app.js,272,renderReports
semdor-crm,src/Clinica.Crm/wwwroot/app.js,282,csvCell
semdor-crm,src/Clinica.Crm/wwwroot/app.js,283,reportDate
semdor-crm,src/Clinica.Crm/wwwroot/app.js,284,reportCsvRows
semdor-crm,src/Clinica.Crm/wwwroot/app.js,290,clearQuality
semdor-crm,src/Clinica.Crm/wwwroot/app.js,293,qualityValidReviews
semdor-crm,src/Clinica.Crm/wwwroot/app.js,294,qualityComplete
semdor-crm,src/Clinica.Crm/wwwroot/app.js,295,qualitySelection
semdor-crm,src/Clinica.Crm/wwwroot/app.js,296,renderQuality
semdor-crm,src/Clinica.Crm/wwwroot/app.js,297,renderQualityRows
semdor-crm,src/Clinica.Crm/wwwroot/app.js,300,auditSender
semdor-crm,src/Clinica.Crm/wwwroot/app.js,301,auditText
semdor-crm,src/Clinica.Crm/wwwroot/app.js,302,renderQualityTranscript
semdor-crm,src/Clinica.Crm/wwwroot/app.js,303,openQuality
semdor-crm,src/Clinica.Crm/wwwroot/app.js,304,hydrateQuality
semdor-crm,src/Clinica.Crm/wwwroot/app.js,311,saveQuality
semdor-crm,src/Clinica.Crm/wwwroot/app.js,312,showQualityHistory
semdor-crm,src/Clinica.Crm/wwwroot/app.js,317,closeQualityGuard
semdor-crm,src/Clinica.Crm/wwwroot/app.js,323,clearClinic
semdor-crm,src/Clinica.Crm/wwwroot/app.js,324,renderReceptionFilters
semdor-crm,src/Clinica.Crm/wwwroot/app.js,328,renderClinic
semdor-crm,src/Clinica.Crm/wwwroot/app.js,331,flowOptionRow
semdor-crm,src/Clinica.Crm/wwwroot/app.js,332,readFlowOptions
semdor-crm,src/Clinica.Crm/wwwroot/app.js,333,updateFlowPreview
semdor-crm,src/Clinica.Crm/wwwroot/app.js,334,renderClinicFlow
semdor-crm,src/Clinica.Crm/wwwroot/app.js,337,receptionTime
semdor-crm,src/Clinica.Crm/wwwroot/app.js,338,receptionMinute
semdor-crm,src/Clinica.Crm/wwwroot/app.js,339,receptionWindow
semdor-crm,src/Clinica.Crm/wwwroot/app.js,340,renderReceptionHours
semdor-crm,src/Clinica.Crm/wwwroot/app.js,341,readReceptionHours
semdor-crm,src/Clinica.Crm/wwwroot/app.js,342,receptionHoursChanged
semdor-crm,src/Clinica.Crm/wwwroot/app.js,348,renderClinicContact
semdor-crm,src/Clinica.Crm/wwwroot/app.js,349,clinicFlowChanged
semdor-crm,src/Clinica.Crm/wwwroot/app.js,357,openSpecialtyEditor
semdor-crm,src/Clinica.Crm/wwwroot/app.js,388,loadRetention
semdor-crm,src/Clinica.Crm/wwwroot/app.js,389,renderRecall
semdor-crm,src/Clinica.Crm/wwwroot/app.js,403,renderOperations
semdor-crm,src/Clinica.Crm/wwwroot/app.js,412,renderHandoffs
semdor-crm,src/Clinica.Crm/wwwroot/app.js,417,renderOperationalHealth
semdor-crm,src/Clinica.Crm/wwwroot/app.js,434,mountSettings
semdor-crm,src/Clinica.Crm/wwwroot/app.js,459,renderSettings
semdor-crm,src/Clinica.Crm/wwwroot/app.js,470,getClinicLibrary
semdor-crm,src/Clinica.Crm/wwwroot/app.js,471,draftApproval
semdor-crm,src/Clinica.Crm/wwwroot/app.js,472,renderTemplateLibrary
semdor-crm,src/Clinica.Crm/wwwroot/app.js,484,openPatientContext
semdor-crm,src/Clinica.Crm/wwwroot/app.js,496,renderPatientContext
semdor-crm,src/Clinica.Crm/wwwroot/app.js,536,prepareClinicConversation
semdor-crm,src/Clinica.Crm/wwwroot/app.js,549,serviceResponseMatches
semdor-crm,src/Clinica.Crm/wwwroot/app.js,550,serviceWaitBadge
semdor-crm,src/Clinica.Crm/wwwroot/app.js,551,renderServiceQueue
semdor-crm,src/Clinica.Crm/wwwroot/app.js,552,renderServiceResolution
semdor-crm,src/Clinica.Crm/wwwroot/app.js,553,renderServiceOutcomes
semdor-crm,src/Clinica.Crm/wwwroot/app.js,554,openServiceClose
semdor-crm,src/Clinica.Crm/wwwroot/app.js,555,toggleServiceFollowup
semdor-crm,src/Clinica.Crm/wwwroot/app.js,563,renderClinicPending
semdor-crm,src/Clinica.Crm/wwwroot/app.js,581,renderToday
semdor-crm,src/Clinica.Crm/wwwroot/app.js,594,resetInboxFilters
semdor-crm,src/Clinica.Crm/wwwroot/app.js,599,renderWorkspaceFilters
semdor-crm,src/Clinica.Crm/wwwroot/app.js,609,renderWorkspaceSearch
semdor-crm,src/Clinica.Crm/wwwroot/app.js,619,openWorkspaceSearch
semdor-crm,src/Clinica.Crm/wwwroot/app.js,642,clearAi
semdor-crm,src/Clinica.Crm/wwwroot/app.js,643,renderAi
semdor-crm,src/Clinica.Crm/wwwroot/app.js,658,renderAiKnowledge
semdor-crm,src/Clinica.Crm/wwwroot/app.js,659,aiKnowledgeEditor
semdor-crm,src/Clinica.Crm/wwwroot/app.js,660,renderAiLearning
semdor-crm,src/Clinica.Crm/wwwroot/app.js,665,aiLearningEditor
semdor-crm,src/Clinica.Crm/wwwroot/app.js,666,aiLatestTraining
semdor-crm,src/Clinica.Crm/wwwroot/app.js,667,renderAiTraining
semdor-crm,src/Clinica.Crm/wwwroot/app.js,671,aiTrainingEditor
semdor-crm,src/Clinica.Crm/wwwroot/app.js,672,aiResultMarkup
semdor-crm,src/Clinica.Crm/wwwroot/app.js,673,renderAiHistory
semdor-crm,src/Clinica.Crm/wwwroot/app.js,674,renderAiAttendance
semdor-crm,src/Clinica.Crm/wwwroot/app.js,679,aiTestExample
semdor-crm,src/Clinica.Crm/wwwroot/app.js,680,aiRunSuite
semdor-crm,src/Clinica.Crm/wwwroot/app.js,681,applyAiSimulation
semdor-crm,src/Clinica.Crm/wwwroot/app.js,682,renderAiSimulation
semdor-crm,src/Clinica.Crm/wwwroot/app.js,683,aiFindRun
semdor-crm,src/Clinica.Crm/wwwroot/app.js,709,aiSendDemo
semdor-crm,src/Clinica.Crm/wwwroot/app.js,713,takeLatestHuman
semdor-crm,src/Clinica.Crm/wwwroot/app.js,733,renderClinicalDispatches
semdor-crm,src/Clinica.Crm/wwwroot/app.js,754,schedulingValid
semdor-crm,src/Clinica.Crm/wwwroot/app.js,755,schedulingHistory
semdor-crm,src/Clinica.Crm/wwwroot/app.js,765,openScheduling
semdor-crm,src/Clinica.Crm/wwwroot/app.js,789,sendReschedule
semdor-crm,src/Clinica.Crm/wwwroot/booking.js,3,mount
semdor-crm,src/Clinica.Crm/wwwroot/booking.js,29,bookingValid
semdor-crm,src/Clinica.Crm/wwwroot/booking.js,30,bookingPath
semdor-crm,src/Clinica.Crm/wwwroot/booking.js,31,bookingDate
semdor-crm,src/Clinica.Crm/wwwroot/booking.js,32,bookingResetSearch
semdor-crm,src/Clinica.Crm/wwwroot/booking.js,33,bookingBusy
semdor-crm,src/Clinica.Crm/wwwroot/booking.js,34,bookingProfessionals
semdor-crm,src/Clinica.Crm/wwwroot/booking.js,44,bookingProfessionalChanged
semdor-crm,src/Clinica.Crm/wwwroot/booking.js,50,openBooking
semdor-crm,src/Clinica.Crm/wwwroot/booking.js,69,bookingServiceChanged
semdor-crm,src/Clinica.Crm/wwwroot/booking.js,74,bookingQuery
semdor-crm,src/Clinica.Crm/wwwroot/booking.js,80,refreshBookingCalendar
semdor-crm,src/Clinica.Crm/wwwroot/booking.js,95,renderBookingHistory
semdor-crm,src/Clinica.Crm/wwwroot/booking.js,109,bookingTick
semdor-crm,src/Clinica.Crm/wwwroot/booking.js,115,reloadBookingHistory
semdor-crm,src/Clinica.Crm/wwwroot/booking.js,116,bookingRun
semdor-crm,src/Clinica.Crm/wwwroot/conversation-workflow.js,4,historyMatches
semdor-crm,src/Clinica.Crm/wwwroot/conversation-workflow.js,5,followupLabel
semdor-crm,src/Clinica.Crm/wwwroot/conversation-workflow.js,6,mount
semdor-crm,src/Clinica.Crm/wwwroot/conversation-workflow.js,17,button
semdor-crm,src/Clinica.Crm/wwwroot/conversation-workflow.js,18,renderAttention
semdor-crm,src/Clinica.Crm/wwwroot/conversation-workflow.js,25,load
semdor-crm,src/Clinica.Crm/wwwroot/conversation-workflow.js,31,pulse
semdor-crm,src/Clinica.Crm/wwwroot/conversation-workflow.js,40,render
semdor-crm,src/Clinica.Crm/wwwroot/conversation-workflow.js,55,pinButton
semdor-crm,src/Clinica.Crm/wwwroot/conversation-workflow.js,56,openReminder
semdor-crm,src/Clinica.Crm/wwwroot/conversation-workflow.js,71,decide
semdor-crm,src/Clinica.Crm/wwwroot/conversation-workflow.js,81,reset
semdor-crm,src/Clinica.Crm/wwwroot/flow-editor.js,3,mount
semdor-crm,src/Clinica.Crm/wwwroot/flow-editor.js,26,mode
semdor-crm,src/Clinica.Crm/wwwroot/flow-editor.js,28,rows
semdor-crm,src/Clinica.Crm/wwwroot/flow-editor.js,29,select
semdor-crm,src/Clinica.Crm/wwwroot/flow-editor.js,30,update
semdor-crm,src/Clinica.Crm/wwwroot/reception-media.js,3,format
semdor-crm,src/Clinica.Crm/wwwroot/reception-media.js,10,createRecorder
semdor-crm,src/Clinica.Crm/wwwroot/reception-media.js,13,dispose
semdor-crm,src/Clinica.Crm/wwwroot/reception-media.js,18,finish
semdor-crm,src/Clinica.Crm/wwwroot/reception-media.js,30,stop
semdor-crm,src/Clinica.Crm/wwwroot/reception-media.js,39,start
semdor-crm,src/Clinica.Crm/wwwroot/reception-presence.js,3,label
semdor-crm,src/Clinica.Crm/wwwroot/reception-presence.js,4,create
semdor-crm,src/Clinica.Crm/wwwroot/reception-presence.js,7,notify
semdor-crm,src/Clinica.Crm/wwwroot/reception-presence.js,8,stop
semdor-crm,src/Clinica.Crm/wwwroot/reception-presence.js,9,pulse
semdor-crm,src/Clinica.Crm/wwwroot/reception-presence.js,23,start
semdor-crm,src/Clinica.Crm/wwwroot/reception-presence.js,27,invalidate
semdor-crm,src/Clinica.Crm/wwwroot/template-picker.js,5,merge
semdor-crm,src/Clinica.Crm/wwwroot/template-picker.js,10,make
semdor-crm,src/Clinica.Crm/wwwroot/template-picker.js,32,valid
semdor-crm,src/Clinica.Crm/wwwroot/workspace-navigation.js,3,parse
semdor-crm,src/Clinica.Crm/wwwroot/workspace-navigation.js,15,hash
semdor-crm,src/Clinica.Crm/wwwroot/workspace-navigation.js,20,createQueue
semdor-crm,src/Clinica.Crm/wwwroot/workspace-navigation.js,22,cancel
semdor-crm,src/Clinica.Crm/wwwroot/workspace-navigation.js,27,request
semdor-crm,src/Clinica.Crm/wwwroot/workspace-navigation.js,32,flush
semdor-crm,src/Clinica.Crm/wwwroot/workspace-tools.js,5,textMatches
semdor-crm,src/Clinica.Crm/wwwroot/workspace-tools.js,17,search
semdor-crm,src/Clinica.Crm/wwwroot/workspace-tools.js,26,daySummary
semdor-crm,src/Clinica.Crm/wwwroot/workspace-tools.js,35,nextUnassigned
semdor-crm,src/Clinica.Crm/wwwroot/workspace-tools.js,39,clinicPending
semdor-crm,src/Clinica.Crm/wwwroot/workspace-tools.js,46,serviceRows
semdor-crm,src/Clinica.Crm/wwwroot/workspace-tools.js,49,reportSelection
semdor-crm,src/Clinica.Crm/wwwroot/workspace-tools.js,57,responseSummary
semdor-crm,src/Clinica.Crm/wwwroot/workspace-tools.js,66,relativeTime
semdor-crm,src/Clinica.Crm/wwwroot/workspace-tools.js,78,conversationLabels
semdor-crm,src/Clinica.Crm/wwwroot/workspace-tools.js,87,labelTone
semdor-crm,src/Clinica.Domain/Avaliacoes/InstrumentoAvaliacao.cs,25,OpcaoItem
semdor-crm,src/Clinica.Domain/Avaliacoes/InstrumentoAvaliacao.cs,36,ItemInstrumento
semdor-crm,src/Clinica.Domain/Avaliacoes/InstrumentoAvaliacao.cs,45,RotuloDe
semdor-crm,src/Clinica.Domain/Avaliacoes/InstrumentoAvaliacao.cs,54,FaixaInstrumento
semdor-crm,src/Clinica.Domain/Avaliacoes/InstrumentoAvaliacao.cs,61,Contem
semdor-crm,src/Clinica.Domain/Avaliacoes/InstrumentoOswestry.cs,166,Pontuar
semdor-crm,src/Clinica.Domain/Avaliacoes/InstrumentosPsiquiatria.cs,18,Item
semdor-crm,src/Clinica.Domain/Avaliacoes/InstrumentosPsiquiatria.cs,74,AlertaDeItem
semdor-crm,src/Clinica.Domain/Avaliacoes/RegistroInstrumentos.cs,36,Obter
semdor-crm,src/Clinica.Domain/Avaliacoes/RegistroInstrumentos.cs,49,DaEspecialidade
semdor-crm,src/Clinica.Domain/CatalogoCid.cs,7,ItemCid
semdor-crm,src/Clinica.Domain/CatalogoCid.cs,121,Buscar
semdor-crm,src/Clinica.Domain/CatalogoCid.cs,143,Descrever
semdor-crm,src/Clinica.Domain/CatalogoCid.cs,158,Normalizar
semdor-crm,src/Clinica.Domain/ConformidadeDocumentoClinico.cs,23,ExigenciaLegal
semdor-crm,src/Clinica.Domain/ConformidadeDocumentoClinico.cs,78,ExigeAssinaturaQualificada
semdor-crm,src/Clinica.Domain/ConformidadeDocumentoClinico.cs,91,Conferir
semdor-crm,src/Clinica.Domain/ConformidadeDocumentoClinico.cs,162,Conforme
semdor-crm,src/Clinica.Domain/ConformidadeDocumentoClinico.cs,165,Ordenar
semdor-crm,src/Clinica.Domain/Cpf.cs,9,Normalizar
semdor-crm,src/Clinica.Domain/Cpf.cs,13,Formatar
semdor-crm,src/Clinica.Domain/Cpf.cs,22,Valido
semdor-crm,src/Clinica.Domain/EnderecoDeEmail.cs,16,Normalizar
semdor-crm,src/Clinica.Domain/EnderecoDeEmail.cs,26,Valido
semdor-crm,src/Clinica.Domain/EnderecoDeEmail.cs,38,SeValido
semdor-crm,src/Clinica.Domain/Entities/Acesso.cs,410,Padrao
semdor-crm,src/Clinica.Domain/Entities/Acesso.cs,563,EscreveComoEnfermagem
semdor-crm,src/Clinica.Domain/Entities/Acesso.cs,615,ProfissionalDaListaDoPosto
semdor-crm,src/Clinica.Domain/Entities/Acesso.cs,627,MotivoDaListaDoPosto
semdor-crm,src/Clinica.Domain/Entities/Acesso.cs,652,Rotular
semdor-crm,src/Clinica.Domain/Entities/Acesso.cs,664,Rotular
semdor-crm,src/Clinica.Domain/Entities/Acesso.cs,712,Assunto
semdor-crm,src/Clinica.Domain/Entities/Acesso.cs,745,Explicar
semdor-crm,src/Clinica.Domain/Entities/Acesso.cs,921,Pode
semdor-crm,src/Clinica.Domain/Entities/Acesso.cs,925,Travado
semdor-crm,src/Clinica.Domain/Entities/Acesso.cs,928,NormalizarLogin
semdor-crm,src/Clinica.Domain/Entities/AcompanhamentoPaciente.cs,57,Corresponde
semdor-crm,src/Clinica.Domain/Entities/AcompanhamentoPaciente.cs,62,Rotulo
semdor-crm,src/Clinica.Domain/Entities/Agendamento.cs,244,TempoDeAtendimento
semdor-crm,src/Clinica.Domain/Entities/Agendamento.cs,260,DuracaoDoAtendimento
semdor-crm,src/Clinica.Domain/Entities/Agendamento.cs,305,ChamadoHaMinutos
semdor-crm,src/Clinica.Domain/Entities/Agendamento.cs,328,EsperaMinutos
semdor-crm,src/Clinica.Domain/Entities/Agendamento.cs,355,AtrasoMinutos
semdor-crm,src/Clinica.Domain/Entities/Agendamento.cs,367,ColideCom
semdor-crm,src/Clinica.Domain/Entities/AtoClinico.cs,100,CoordenadaValida
semdor-crm,src/Clinica.Domain/Entities/AtoClinico.cs,230,Rotular
semdor-crm,src/Clinica.Domain/Entities/AtoClinico.cs,261,AssinadoPeloPaciente
semdor-crm,src/Clinica.Domain/Entities/AtoClinico.cs,269,EhMontadoDoProntuario
semdor-crm,src/Clinica.Domain/Entities/AtoClinico.cs,275,ExigeItens
semdor-crm,src/Clinica.Domain/Entities/AtoClinico.cs,497,LinkNoAr
semdor-crm,src/Clinica.Domain/Entities/AtoClinico.cs,707,SeloDoConteudo
semdor-crm,src/Clinica.Domain/Entities/AutorizacaoSessoes.cs,48,Vigente
semdor-crm,src/Clinica.Domain/Entities/AutorizacaoSessoes.cs,52,Vencida
semdor-crm,src/Clinica.Domain/Entities/Campanha.cs,124,Classificar
semdor-crm,src/Clinica.Domain/Entities/Campanha.cs,132,NotaValida
semdor-crm,src/Clinica.Domain/Entities/Campanha.cs,137,OrigemDeAgendamento
semdor-crm,src/Clinica.Domain/Entities/Campanha.cs,139,OrigemDeAtendimento
semdor-crm,src/Clinica.Domain/Entities/Campanha.cs,145,OrigemDeRecall
semdor-crm,src/Clinica.Domain/Entities/CampoPersonalizadoProntuario.cs,115,ValePara
semdor-crm,src/Clinica.Domain/Entities/CodigoFaturamento.cs,108,EstaPendente
semdor-crm,src/Clinica.Domain/Entities/CodigoFaturamento.cs,128,PrazoDecisaoVencido
semdor-crm,src/Clinica.Domain/Entities/CodigoFaturamento.cs,139,DarBaixa
semdor-crm,src/Clinica.Domain/Entities/CodigoFaturamento.cs,152,RegistrarObservacaoPendencia
semdor-crm,src/Clinica.Domain/Entities/CodigoFaturamento.cs,163,MarcarNaoConformidade
semdor-crm,src/Clinica.Domain/Entities/CodigoFaturamento.cs,179,ReabrirNaoConformidade
semdor-crm,src/Clinica.Domain/Entities/CodigoFaturamento.cs,191,EstornarBaixa
semdor-crm,src/Clinica.Domain/Entities/CodigoFaturamento.cs,217,RegistrarGlosa
semdor-crm,src/Clinica.Domain/Entities/CodigoFaturamento.cs,230,DiasParaFimRecurso
semdor-crm,src/Clinica.Domain/Entities/CodigoFaturamento.cs,234,Reapresentar
semdor-crm,src/Clinica.Domain/Entities/CodigoFaturamento.cs,243,MarcarGlosaRecuperada
semdor-crm,src/Clinica.Domain/Entities/ColetaRemotaTermo.cs,84,Vencida
semdor-crm,src/Clinica.Domain/Entities/ColetaRemotaTermo.cs,102,CaminhoPedido
semdor-crm,src/Clinica.Domain/Entities/ColetaRemotaTermo.cs,106,CaminhoResposta
semdor-crm,src/Clinica.Domain/Entities/ColetaRemotaTermo.cs,108,Url
semdor-crm,src/Clinica.Domain/Entities/ConclusaoClinica.cs,6,Permitida
semdor-crm,src/Clinica.Domain/Entities/Consulta.cs,40,EstaVencida
semdor-crm,src/Clinica.Domain/Entities/Consulta.cs,43,DiasParaVencer
semdor-crm,src/Clinica.Domain/Entities/ConvenioCadastro.cs,22,ADefinir
semdor-crm,src/Clinica.Domain/Entities/ConvenioCadastro.cs,64,Particular
semdor-crm,src/Clinica.Domain/Entities/ConvenioCadastro.cs,153,ParaConfig
semdor-crm,src/Clinica.Domain/Entities/DesenhoDaSessao.cs,20,DesenhoDaSessao
semdor-crm,src/Clinica.Domain/Entities/DesenhoDaSessao.cs,39,Serializar
semdor-crm,src/Clinica.Domain/Entities/DesenhoDaSessao.cs,66,Ler
semdor-crm,src/Clinica.Domain/Entities/DesenhoDaSessao.cs,123,De
semdor-crm,src/Clinica.Domain/Entities/DesenhoDaSessao.cs,155,N
semdor-crm,src/Clinica.Domain/Entities/DesenhoDaSessao.cs,157,D
semdor-crm,src/Clinica.Domain/Entities/DesenhoDaSessao.cs,159,LerInt
semdor-crm,src/Clinica.Domain/Entities/DesenhoDaSessao.cs,164,Escapar
semdor-crm,src/Clinica.Domain/Entities/DesenhoDaSessao.cs,168,Desescapar
semdor-crm,src/Clinica.Domain/Entities/DesenhoDaSessao.cs,177,PontoDaSessao
semdor-crm,src/Clinica.Domain/Entities/DesenhoDaSessao.cs,195,De
semdor-crm,src/Clinica.Domain/Entities/DocumentoFinanceiro.cs,15,Rotular
semdor-crm,src/Clinica.Domain/Entities/DocumentoFinanceiro.cs,102,Prefixo
semdor-crm,src/Clinica.Domain/Entities/Equipe.cs,6,AtendimentoHabilitado
semdor-crm,src/Clinica.Domain/Entities/Equipe.cs,54,Atende
semdor-crm,src/Clinica.Domain/Entities/Equipe.cs,112,BitDe
semdor-crm,src/Clinica.Domain/Entities/Equipe.cs,118,AtendeEm
semdor-crm,src/Clinica.Domain/Entities/Equipe.cs,124,DentroDoExpediente
semdor-crm,src/Clinica.Domain/Entities/Equipe.cs,165,Abreviar
semdor-crm,src/Clinica.Domain/Entities/Equipe.cs,273,ServeParaDia
semdor-crm,src/Clinica.Domain/Entities/Equipe.cs,279,ServeParaHorario
semdor-crm,src/Clinica.Domain/Entities/Equipe.cs,340,ColideCom
semdor-crm,src/Clinica.Domain/Entities/Equipe.cs,349,AlcancaRecurso
semdor-crm,src/Clinica.Domain/Entities/Estoque.cs,161,DeltaDe
semdor-crm,src/Clinica.Domain/Entities/EvolucaoEnfermagem.cs,227,AlertaAgora
semdor-crm,src/Clinica.Domain/Entities/EvolucaoEnfermagem.cs,395,Vigentes
semdor-crm,src/Clinica.Domain/Entities/EvolucaoEnfermagem.cs,470,CriticarSinaisVitais
semdor-crm,src/Clinica.Domain/Entities/Financeiro.cs,271,RecebimentoAtrasado
semdor-crm,src/Clinica.Domain/Entities/Financeiro.cs,286,EstaVencido
semdor-crm,src/Clinica.Domain/Entities/Financeiro.cs,293,DiasAteVencer
semdor-crm,src/Clinica.Domain/Entities/LoteTiss.cs,56,MarcarEnviado
semdor-crm,src/Clinica.Domain/Entities/LoteTiss.cs,66,RegistrarRetorno
semdor-crm,src/Clinica.Domain/Entities/Meta.cs,78,Rotular
semdor-crm,src/Clinica.Domain/Entities/Meta.cs,91,Formatar
semdor-crm,src/Clinica.Domain/Entities/Meta.cs,99,Unidade
semdor-crm,src/Clinica.Domain/Entities/Pacotes.cs,131,Expirado
semdor-crm,src/Clinica.Domain/Entities/Pacotes.cs,140,Situacao
semdor-crm,src/Clinica.Domain/Entities/Pacotes.cs,149,PodeConsumir
semdor-crm,src/Clinica.Domain/Entities/Pacotes.cs,163,ADebitar
semdor-crm,src/Clinica.Domain/Entities/PrecoConvenio.cs,61,VigenteEm
semdor-crm,src/Clinica.Domain/Entities/PrecoParticular.cs,62,VigenteEm
semdor-crm,src/Clinica.Domain/Entities/ProcessoEnfermagem.cs,264,Vigentes
semdor-crm,src/Clinica.Domain/Entities/Prontuario.cs,319,EvaValida
semdor-crm,src/Clinica.Domain/Entities/Prontuario.cs,491,Casa
semdor-crm,src/Clinica.Domain/Entities/Prontuario.cs,502,Normalizar
semdor-crm,src/Clinica.Domain/Entities/Recorrencia.cs,96,ProximoDepoisDe
semdor-crm,src/Clinica.Domain/Entities/Recorrencia.cs,113,VencimentosAte
semdor-crm,src/Clinica.Domain/Entities/Recorrencia.cs,133,Somar
semdor-crm,src/Clinica.Domain/Entities/Recorrencia.cs,151,OrigemDe
semdor-crm,src/Clinica.Domain/Entities/Repasse.cs,54,VigenteEm
semdor-crm,src/Clinica.Domain/Entities/Repasse.cs,109,Sobrepoe
semdor-crm,src/Clinica.Domain/Entities/SessaoUsuario.cs,90,Pode
semdor-crm,src/Clinica.Domain/Entities/SessaoUsuario.cs,115,Exigir
semdor-crm,src/Clinica.Domain/Entities/SessaoUsuario.cs,132,PodeAlgum
semdor-crm,src/Clinica.Domain/Entities/SessaoUsuario.cs,138,ExigirAlgum
semdor-crm,src/Clinica.Domain/Entities/SessaoUsuario.cs,147,Entrar
semdor-crm,src/Clinica.Domain/Entities/SilhuetaCorporal.cs,10,ElipseSilhueta
semdor-crm,src/Clinica.Domain/Entities/SilhuetaCorporal.cs,13,RetanguloSilhueta
semdor-crm,src/Clinica.Domain/Entities/SilhuetaCorporal.cs,77,Svg
semdor-crm,src/Clinica.Domain/Entities/SilhuetaCorporal.cs,130,N
semdor-crm,src/Clinica.Domain/Entities/SilhuetaCorporal.cs,135,PontoDesenhado
semdor-crm,src/Clinica.Domain/Entities/Taxas.cs,71,VigenteEm
semdor-crm,src/Clinica.Domain/Entities/Taxas.cs,77,CobreParcelas
semdor-crm,src/Clinica.Domain/Entities/Taxas.cs,94,Rotular
semdor-crm,src/Clinica.Domain/Entities/Tributo.cs,78,VigenteEm
semdor-crm,src/Clinica.Domain/EspecialidadeInfo.cs,6,NomeExibicao
semdor-crm,src/Clinica.Domain/GuardaProntuario.cs,61,VenceEm
semdor-crm,src/Clinica.Domain/GuardaProntuario.cs,68,CumpriuPrazo
semdor-crm,src/Clinica.Domain/GuardaProntuario.cs,79,DiasRestantes
semdor-crm,src/Clinica.Domain/GuardaProntuario.cs,89,Descrever
semdor-crm,src/Clinica.Domain/HashSenha.cs,43,Confere
semdor-crm,src/Clinica.Domain/HashSenha.cs,69,PrecisaRehash
semdor-crm,src/Clinica.Domain/HashSenha.cs,76,Criticar
semdor-crm,src/Clinica.Domain/HashSenha.cs,87,Derivar
semdor-crm,src/Clinica.Domain/IdadeDoPaciente.cs,54,Anos
semdor-crm,src/Clinica.Domain/IdadeDoPaciente.cs,71,Texto
semdor-crm,src/Clinica.Domain/IdadeDoPaciente.cs,85,Implausivel
semdor-crm,src/Clinica.Domain/LeitorOfx.cs,14,LinhaExtrato
semdor-crm,src/Clinica.Domain/LeitorOfx.cs,24,Extrato
semdor-crm,src/Clinica.Domain/LeitorOfx.cs,59,Campo
semdor-crm,src/Clinica.Domain/LeitorOfx.cs,77,Ler
semdor-crm,src/Clinica.Domain/LeitorOfx.cs,124,LerData
semdor-crm,src/Clinica.Domain/LeitorOfx.cs,144,LerValor
semdor-crm,src/Clinica.Domain/Medidas/CatalogoMedidas.cs,13,FaixaMedida
semdor-crm,src/Clinica.Domain/Medidas/CatalogoMedidas.cs,16,Contem
semdor-crm,src/Clinica.Domain/Medidas/CatalogoMedidas.cs,93,FaixaDe
semdor-crm,src/Clinica.Domain/Medidas/CatalogoMedidas.cs,110,Formatar
semdor-crm,src/Clinica.Domain/Medidas/CatalogoMedidas.cs,277,Obter
semdor-crm,src/Clinica.Domain/Medidas/CatalogoMedidas.cs,287,CalcularImc
semdor-crm,src/Clinica.Domain/MidiaClinica.cs,70,CaminhoDoObjeto
semdor-crm,src/Clinica.Domain/MidiaClinica.cs,78,GerarToken
semdor-crm,src/Clinica.Domain/MidiaClinica.cs,85,Extensao
semdor-crm,src/Clinica.Domain/MidiaClinica.cs,103,TipoDe
semdor-crm,src/Clinica.Domain/MidiaClinica.cs,124,MimeDe
semdor-crm,src/Clinica.Domain/MidiaClinica.cs,161,TamanhoLegivel
semdor-crm,src/Clinica.Domain/ModalidadeInfo.cs,6,NomeExibicao
semdor-crm,src/Clinica.Domain/ModeloInfusao.cs,7,ItemModeloInfusao
semdor-crm,src/Clinica.Domain/ModeloInfusao.cs,12,ModeloInfusao
semdor-crm,src/Clinica.Domain/ModeloInfusao.cs,18,Guardar
semdor-crm,src/Clinica.Domain/ModeloInfusao.cs,29,Ler
semdor-crm,src/Clinica.Domain/ModeloInfusao.cs,43,De
semdor-crm,src/Clinica.Domain/ModeloInfusao.cs,46,Para
semdor-crm,src/Clinica.Domain/Prontuario/CatalogoEnfermagem.cs,10,DiagnosticoCatalogo
semdor-crm,src/Clinica.Domain/Prontuario/CatalogoEnfermagem.cs,19,CuidadoCatalogo
semdor-crm,src/Clinica.Domain/Prontuario/CatalogoEnfermagem.cs,173,Diagnostico
semdor-crm,src/Clinica.Domain/Prontuario/CatalogoEnfermagem.cs,176,Cuidado
semdor-crm,src/Clinica.Domain/Prontuario/CatalogoEnfermagem.cs,187,CuidadosDe
semdor-crm,src/Clinica.Domain/Prontuario/CatalogoEnfermagem.cs,193,BuscarDiagnosticos
semdor-crm,src/Clinica.Domain/Prontuario/CatalogoEnfermagem.cs,203,BuscarCuidados
semdor-crm,src/Clinica.Domain/Prontuario/CatalogoEnfermagem.cs,210,Normalizar
semdor-crm,src/Clinica.Domain/Prontuario/CatalogoRegistroClinico.cs,99,InfoRegistroClinico
semdor-crm,src/Clinica.Domain/Prontuario/CatalogoRegistroClinico.cs,140,Obter
semdor-crm,src/Clinica.Domain/Prontuario/CatalogoRegistroClinico.cs,143,Rotular
semdor-crm,src/Clinica.Domain/Prontuario/CatalogoRegistroClinico.cs,147,Contar
semdor-crm,src/Clinica.Domain/Prontuario/RespostaDeclaracao.cs,27,RequerAtencao
semdor-crm,src/Clinica.Domain/Prontuario/RespostaDeclaracao.cs,37,EhNegativa
semdor-crm,src/Clinica.Domain/Prontuario/RespostaDeclaracao.cs,42,EhPositiva
semdor-crm,src/Clinica.Domain/Prontuario/TermoConsentimento.cs,13,DecisaoDeConsentimento
semdor-crm,src/Clinica.Domain/Prontuario/TermoConsentimento.cs,54,Decisoes
semdor-crm,src/Clinica.Domain/Prontuario/TermoConsentimento.cs,96,Respondivel
semdor-crm,src/Clinica.Domain/Prontuario/TermoConsentimento.cs,113,Finalidade
semdor-crm,src/Clinica.Domain/Prontuario/TermoConsentimento.cs,125,Declarar
semdor-crm,src/Clinica.Domain/Prontuario/TermoConsentimento.cs,147,Detalhar
semdor-crm,src/Clinica.Domain/PublicacaoDocumento.cs,81,DiasPublicadoValidos
semdor-crm,src/Clinica.Domain/PublicacaoDocumento.cs,94,PodePublicar
semdor-crm,src/Clinica.Domain/PublicacaoDocumento.cs,104,GerarToken
semdor-crm,src/Clinica.Domain/PublicacaoDocumento.cs,116,CaminhoDoObjeto
semdor-crm,src/Clinica.Domain/PublicacaoDocumento.cs,126,Url
semdor-crm,src/Clinica.Domain/Regras/CatalogoConvenios.cs,4,EntradaConvenio
semdor-crm,src/Clinica.Domain/Regras/CatalogoConvenios.cs,28,Atualizar
semdor-crm,src/Clinica.Domain/Regras/CatalogoConvenios.cs,31,Buscar
semdor-crm,src/Clinica.Domain/Regras/CatalogoConvenios.cs,35,Nome
semdor-crm,src/Clinica.Domain/Regras/CatalogoConvenios.cs,39,Familia
semdor-crm,src/Clinica.Domain/Regras/CatalogoConvenios.cs,68,Nome
semdor-crm,src/Clinica.Domain/Regras/CatalogoConvenios.cs,92,Nome
semdor-crm,src/Clinica.Domain/Regras/CatalogoConvenios.cs,96,Config
semdor-crm,src/Clinica.Domain/Regras/CatalogoConvenios.cs,103,RegistroAns
semdor-crm,src/Clinica.Domain/Regras/CatalogoConvenios.cs,107,ValidadeConsultaDias
semdor-crm,src/Clinica.Domain/Regras/CatalogoConvenios.cs,134,FormatoDoNumeroDaGuia
semdor-crm,src/Clinica.Domain/Regras/CatalogoConvenios.cs,152,GeraGuia
semdor-crm,src/Clinica.Domain/Regras/CatalogoEspecialidades.cs,4,EntradaEspecialidade
semdor-crm,src/Clinica.Domain/Regras/CatalogoEspecialidades.cs,18,Atualizar
semdor-crm,src/Clinica.Domain/Regras/CatalogoEspecialidades.cs,21,Buscar
semdor-crm,src/Clinica.Domain/Regras/CatalogoEspecialidades.cs,25,Nome
semdor-crm,src/Clinica.Domain/Regras/CatalogoEspecialidades.cs,33,BaseEnum
semdor-crm,src/Clinica.Domain/Regras/CatalogoModalidades.cs,4,EntradaModalidade
semdor-crm,src/Clinica.Domain/Regras/CatalogoModalidades.cs,25,Atualizar
semdor-crm,src/Clinica.Domain/Regras/CatalogoModalidades.cs,28,Buscar
semdor-crm,src/Clinica.Domain/Regras/CatalogoModalidades.cs,32,Nome
semdor-crm,src/Clinica.Domain/Regras/CatalogoModalidades.cs,48,Nome
semdor-crm,src/Clinica.Domain/Regras/CatalogoModalidades.cs,71,NomeComEspecialidade
semdor-crm,src/Clinica.Domain/Regras/CatalogoModalidades.cs,88,Base
semdor-crm,src/Clinica.Domain/Regras/CategoriaConvenio.cs,17,Base
semdor-crm,src/Clinica.Domain/Regras/ConvenioInfo.cs,7,ValidadeConsultaDias
semdor-crm,src/Clinica.Domain/Regras/ConvenioInfo.cs,17,NomeExibicaoPadrao
semdor-crm,src/Clinica.Domain/Regras/ConvenioInfo.cs,27,NomeExibicao
semdor-crm,src/Clinica.Domain/Regras/MotivosGlosa.cs,8,MotivoGlosa
semdor-crm,src/Clinica.Domain/Regras/MotivosGlosa.cs,16,ToString
semdor-crm,src/Clinica.Domain/Regras/MotivosGlosa.cs,105,Descricao
semdor-crm,src/Clinica.Domain/Regras/MotivosGlosa.cs,112,Obter
semdor-crm,src/Clinica.Domain/Regras/OpcoesDeConvenio.cs,25,OpcaoDeConvenio
semdor-crm,src/Clinica.Domain/Regras/OpcoesDeConvenio.cs,65,Explicar
semdor-crm,src/Clinica.Domain/Regras/OpcoesDeConvenio.cs,96,Montar
semdor-crm,src/Clinica.Domain/Regras/OpcoesDeConvenio.cs,108,Montar
semdor-crm,src/Clinica.Domain/Regras/OpcoesDeConvenio.cs,116,Uma
semdor-crm,src/Clinica.Domain/Regras/OpcoesDeConvenio.cs,125,Ordenar
semdor-crm,src/Clinica.Domain/Regras/RegistroRegras.cs,14,Para
semdor-crm,src/Clinica.Domain/Regras/RegistroRegras.cs,21,DefaultRegras
semdor-crm,src/Clinica.Domain/Regras/RegraAmil.cs,13,Gerar
semdor-crm,src/Clinica.Domain/Regras/RegraAmil.cs,47,Codigo
semdor-crm,src/Clinica.Domain/Regras/RegraConsultaAvulsa.cs,12,Aplicar
semdor-crm,src/Clinica.Domain/Regras/RegraGenerica.cs,14,Gerar
semdor-crm,src/Clinica.Domain/Regras/RegraGenerica.cs,76,InstrucaoObtencao
semdor-crm,src/Clinica.Domain/Regras/RegraGenerica.cs,84,Codigo
semdor-crm,src/Clinica.Domain/Regras/RegraNumeroGuia.cs,30,PadraoDaFamilia
semdor-crm,src/Clinica.Domain/Regras/RegraNumeroGuia.cs,53,Criticar
semdor-crm,src/Clinica.Domain/Regras/RegraNumeroGuia.cs,80,Dica
semdor-crm,src/Clinica.Domain/Regras/RegraPetrobras.cs,16,Gerar
semdor-crm,src/Clinica.Domain/Regras/RegraPetrobras.cs,85,EspecialidadesPermitidas
semdor-crm,src/Clinica.Domain/Regras/RegraPetrobras.cs,89,LimiteSessoesMes
semdor-crm,src/Clinica.Domain/Regras/RegraPetrobras.cs,92,ProximaEspecialidadeDisponivel
semdor-crm,src/Clinica.Domain/Regras/RegraUnimedIntercambio.cs,15,Gerar
semdor-crm,src/Clinica.Domain/Regras/RegraUnimedIntercambio.cs,71,NomeTipo
semdor-crm,src/Clinica.Domain/Regras/RegraUnimedIntercambio.cs,79,Codigo
semdor-crm,src/Clinica.Domain/Regras/RegraUnimedPadrao.cs,17,Gerar
semdor-crm,src/Clinica.Domain/Regras/RegraUnimedPadrao.cs,95,NomeTipo
semdor-crm,src/Clinica.Domain/Regras/RegraUnimedPadrao.cs,103,Codigo
semdor-crm,src/Clinica.Domain/RotulosEnum.cs,40,De
semdor-crm,src/Clinica.Domain/RotulosEnum.cs,304,Humanizar
semdor-crm,src/Clinica.Domain/Telefone.cs,9,Normalizar
semdor-crm,src/Clinica.Domain/Telefone.cs,16,Formatar
semdor-crm,src/Clinica.Domain/TextoFormatado.cs,6,TrechoTexto
semdor-crm,src/Clinica.Domain/TextoFormatado.cs,12,Ler
semdor-crm,src/Clinica.Domain/TextoFormatado.cs,49,Normalizar
semdor-crm,src/Clinica.Domain/TextoFormatado.cs,51,Guardar
semdor-crm,src/Clinica.Domain/TextoFormatado.cs,81,Linhas
semdor-crm,src/Clinica.Domain/TextoReceituario.cs,20,DoModelo
semdor-crm,src/Clinica.Domain/TextoReceituario.cs,35,Acrescentar
semdor-crm,src/Clinica.Infrastructure/AcompanhamentoPacienteService.cs,9,AcompanhamentoPacienteService
semdor-crm,src/Clinica.Infrastructure/AcompanhamentoPacienteService.cs,17,PodeAcompanhar
semdor-crm,src/Clinica.Infrastructure/AcompanhamentoPacienteService.cs,20,Usuario
semdor-crm,src/Clinica.Infrastructure/AcompanhamentoPacienteService.cs,28,Parametro
semdor-crm,src/Clinica.Infrastructure/AcompanhamentoPacienteService.cs,31,ConfiguracaoAsync
semdor-crm,src/Clinica.Infrastructure/AcompanhamentoPacienteService.cs,41,ConfigurarAsync
semdor-crm,src/Clinica.Infrastructure/AcompanhamentoPacienteService.cs,57,AdicionarMotivoAsync
semdor-crm,src/Clinica.Infrastructure/AcompanhamentoPacienteService.cs,69,EstadoBsvAsync
semdor-crm,src/Clinica.Infrastructure/AcompanhamentoPacienteService.cs,82,IndicarBsvAsync
semdor-crm,src/Clinica.Infrastructure/AcompanhamentoPacienteService.cs,104,GerarRecallAsync
semdor-crm,src/Clinica.Infrastructure/AcompanhamentoPacienteService.cs,117,GerarRecallCoreAsync
semdor-crm,src/Clinica.Infrastructure/AcompanhamentoPacienteService.cs,168,ListarAsync
semdor-crm,src/Clinica.Infrastructure/AcompanhamentoPacienteService.cs,215,HistoricoAsync
semdor-crm,src/Clinica.Infrastructure/AcompanhamentoPacienteService.cs,226,ValidarContatoAsync
semdor-crm,src/Clinica.Infrastructure/AcompanhamentoPacienteService.cs,235,AtualizarAsync
semdor-crm,src/Clinica.Infrastructure/ArmazenamentoS3.cs,51,PublicarAsync
semdor-crm,src/Clinica.Infrastructure/ArmazenamentoS3.cs,112,GuardarPrivadoAsync
semdor-crm,src/Clinica.Infrastructure/ArmazenamentoS3.cs,137,RemoverAsync
semdor-crm,src/Clinica.Infrastructure/ArmazenamentoS3.cs,151,LerAsync
semdor-crm,src/Clinica.Infrastructure/BackupService.cs,12,TabelaBackup
semdor-crm,src/Clinica.Infrastructure/BackupService.cs,20,ManifestoBackup
semdor-crm,src/Clinica.Infrastructure/BackupService.cs,39,Tabela
semdor-crm,src/Clinica.Infrastructure/BackupService.cs,44,ResultadoRestauracao
semdor-crm,src/Clinica.Infrastructure/BackupService.cs,121,TabelasEmOrdem
semdor-crm,src/Clinica.Infrastructure/BackupService.cs,156,Aspas
semdor-crm,src/Clinica.Infrastructure/BackupService.cs,159,AbrirAsync
semdor-crm,src/Clinica.Infrastructure/BackupService.cs,175,GerarAsync
semdor-crm,src/Clinica.Infrastructure/BackupService.cs,226,Converter
semdor-crm,src/Clinica.Infrastructure/BackupService.cs,246,TiposDasColunas
semdor-crm,src/Clinica.Infrastructure/BackupService.cs,267,Retipar
semdor-crm,src/Clinica.Infrastructure/BackupService.cs,294,ArquivoBackup
semdor-crm,src/Clinica.Infrastructure/BackupService.cs,306,ConferirAsync
semdor-crm,src/Clinica.Infrastructure/BackupService.cs,326,LerAsync
semdor-crm,src/Clinica.Infrastructure/BackupService.cs,356,RestaurarAsync
semdor-crm,src/Clinica.Infrastructure/BackupService.cs,437,RecusarSeTiverDadosAsync
semdor-crm,src/Clinica.Infrastructure/BackupService.cs,464,EsvaziarSemeadasAsync
semdor-crm,src/Clinica.Infrastructure/BackupService.cs,487,ReiniciarSequenciasAsync
semdor-crm,src/Clinica.Infrastructure/ClinicaDbContext.cs,14,SaveChangesAsync
semdor-crm,src/Clinica.Infrastructure/ClinicaDbContext.cs,20,SaveChanges
semdor-crm,src/Clinica.Infrastructure/ClinicaDbContext.cs,26,PrepararGravacaoTablet
semdor-crm,src/Clinica.Infrastructure/ClinicaDbContext.cs,131,OnModelCreating
semdor-crm,src/Clinica.Infrastructure/ClinicaDbContextFactory.cs,12,CreateDbContext
semdor-crm,src/Clinica.Infrastructure/ClinicaRepositorio.cs,11,ObterViaAssinadaPacienteAsync
semdor-crm,src/Clinica.Infrastructure/ClinicaRepositorio.cs,17,ReciboVigenteDoLancamentoAsync
semdor-crm,src/Clinica.Infrastructure/ClinicaRepositorio.cs,22,LancamentosDaTransacaoBancariaAsync
semdor-crm,src/Clinica.Infrastructure/ClinicaRepositorio.cs,27,AdicionarParcelaCartaoAsync
semdor-crm,src/Clinica.Infrastructure/ClinicaRepositorio.cs,30,ParcelasCartaoDoLancamentoAsync
semdor-crm,src/Clinica.Infrastructure/ClinicaRepositorio.cs,33,ParcelasCartaoPorIdsAsync
semdor-crm,src/Clinica.Infrastructure/ClinicaRepositorio.cs,36,ConsultaParcelasCartao
semdor-crm,src/Clinica.Infrastructure/ClinicaRepositorio.cs,40,ParcelasCartaoAbertasAsync
semdor-crm,src/Clinica.Infrastructure/ClinicaRepositorio.cs,43,ParcelasCartaoConfirmadasAsync
semdor-crm,src/Clinica.Infrastructure/ClinicaRepositorio.cs,46,ParcelasCartaoParaConciliacaoAsync
semdor-crm,src/Clinica.Infrastructure/ClinicaRepositorio.cs,49,ParcelasCartaoDaTransacaoAsync
semdor-crm,src/Clinica.Infrastructure/ClinicaRepositorio.cs,77,LancamentosParaConciliacaoAsync
semdor-crm,src/Clinica.Infrastructure/ClinicaRepositorio.cs,81,ConsultaLancamentosParaConciliacao
semdor-crm,src/Clinica.Infrastructure/ClinicaRepositorio.cs,89,IdBancarioUtilizadoAsync
semdor-crm,src/Clinica.Infrastructure/ClinicaRepositorio.cs,95,CobrancasDoPacienteAsync
semdor-crm,src/Clinica.Infrastructure/ClinicaRepositorio.cs,99,ConsultaCobrancasDoPaciente
semdor-crm,src/Clinica.Infrastructure/ClinicaRepositorio.cs,107,AgendamentosQueSobrepoemAsync
semdor-crm,src/Clinica.Infrastructure/ClinicaRepositorio.cs,116,ExecutarEtapaFechamentoAsync
semdor-crm,src/Clinica.Infrastructure/ClinicaRepositorio.cs,160,PedidoCaixaLegadoEquivalenteAsync
semdor-crm,src/Clinica.Infrastructure/ClinicaRepositorio.cs,180,ObterPacienteAsync
semdor-crm,src/Clinica.Infrastructure/ClinicaRepositorio.cs,183,CodigosDoPacienteNoMesAsync
semdor-crm,src/Clinica.Infrastructure/ClinicaRepositorio.cs,194,CodigosEmAbertoAsync
semdor-crm,src/Clinica.Infrastructure/ClinicaRepositorio.cs,201,CodigosEmNaoConformidadeAsync
semdor-crm,src/Clinica.Infrastructure/ClinicaRepositorio.cs,207,CodigosEmNaoConformidadeDoPacienteAsync
semdor-crm,src/Clinica.Infrastructure/ClinicaRepositorio.cs,213,CodigosNoPeriodoAsync
semdor-crm,src/Clinica.Infrastructure/ClinicaRepositorio.cs,220,CodigosGlosadosAsync
semdor-crm,src/Clinica.Infrastructure/ClinicaRepositorio.cs,230,CodigosGlosadosDoPacienteAsync
semdor-crm,src/Clinica.Infrastructure/ClinicaRepositorio.cs,239,ConsultarCodigosAsync
semdor-crm,src/Clinica.Infrastructure/ClinicaRepositorio.cs,298,AdicionarLoteAsync
semdor-crm,src/Clinica.Infrastructure/ClinicaRepositorio.cs,301,LotesTissAsync
semdor-crm,src/Clinica.Infrastructure/ClinicaRepositorio.cs,307,ObterLoteTissAsync
semdor-crm,src/Clinica.Infrastructure/ClinicaRepositorio.cs,312,CodigosBaixadosSemLoteAsync
semdor-crm,src/Clinica.Infrastructure/ClinicaRepositorio.cs,320,PacientesComAtendimentosAsync
semdor-crm,src/Clinica.Infrastructure/ClinicaRepositorio.cs,330,ResumoAtendimentosPorPacienteAsync
semdor-crm,src/Clinica.Infrastructure/ClinicaRepositorio.cs,345,PacientesComAgendamentoFuturoAsync
semdor-crm,src/Clinica.Infrastructure/ClinicaRepositorio.cs,363,PacientesJaContatadosAsync
semdor-crm,src/Clinica.Infrastructure/ClinicaRepositorio.cs,388,PacotesDosPacientesAsync
semdor-crm,src/Clinica.Infrastructure/ClinicaRepositorio.cs,410,ObterCodigoAsync
semdor-crm,src/Clinica.Infrastructure/ClinicaRepositorio.cs,415,AdicionarAtendimentoAsync
semdor-crm,src/Clinica.Infrastructure/ClinicaRepositorio.cs,418,ObterAtendimentoAsync
semdor-crm,src/Clinica.Infrastructure/ClinicaRepositorio.cs,424,MarcarAtendimentosSemCarimboComoRealizadosAsync
semdor-crm,src/Clinica.Infrastructure/ClinicaRepositorio.cs,456,AniversariantesAsync
semdor-crm,src/Clinica.Infrastructure/ClinicaRepositorio.cs,479,AgendamentosDoPacienteAsync
semdor-crm,src/Clinica.Infrastructure/ClinicaRepositorio.cs,486,SessoesNaFichaAsync
semdor-crm,src/Clinica.Infrastructure/ClinicaRepositorio.cs,494,ConsultaSessoesNaFicha
semdor-crm,src/Clinica.Infrastructure/ClinicaRepositorio.cs,510,AgendamentosDoPacienteNoDiaAsync
semdor-crm,src/Clinica.Infrastructure/ClinicaRepositorio.cs,523,AgendamentosDoPacienteNoPeriodoAsync
semdor-crm,src/Clinica.Infrastructure/ClinicaRepositorio.cs,539,AgendamentosDoProfissionalNoPeriodoAsync
semdor-crm,src/Clinica.Infrastructure/ClinicaRepositorio.cs,551,AgendamentosFuturosDoPacienteAsync
semdor-crm,src/Clinica.Infrastructure/ClinicaRepositorio.cs,563,RetornosSugeridosAsync
semdor-crm,src/Clinica.Infrastructure/ClinicaRepositorio.cs,584,HorariosAtivosDosPacientesAsync
semdor-crm,src/Clinica.Infrastructure/ClinicaRepositorio.cs,612,PrimeiroAtendimentoPorPacienteAsync
semdor-crm,src/Clinica.Infrastructure/ClinicaRepositorio.cs,626,BuscarPacientesAsync
semdor-crm,src/Clinica.Infrastructure/ClinicaRepositorio.cs,647,ObterPacienteComHistoricoAsync
semdor-crm,src/Clinica.Infrastructure/ClinicaRepositorio.cs,652,CodigosBaixadosNoPeriodoAsync
semdor-crm,src/Clinica.Infrastructure/ClinicaRepositorio.cs,659,ChavesDeImportacaoDeEvolucoesAsync
semdor-crm,src/Clinica.Infrastructure/ClinicaRepositorio.cs,666,ChavesDeImportacaoDeAgendamentosAsync
semdor-crm,src/Clinica.Infrastructure/ClinicaRepositorio.cs,673,EvolucoesImportadasSemProfissionalAsync
semdor-crm,src/Clinica.Infrastructure/ClinicaRepositorio.cs,680,AgendamentosImportadosSemProfissionalAsync
semdor-crm,src/Clinica.Infrastructure/ClinicaRepositorio.cs,687,VincularProfissionalEmEvolucoesAsync
semdor-crm,src/Clinica.Infrastructure/ClinicaRepositorio.cs,693,VincularProfissionalEmAgendamentosAsync
semdor-crm,src/Clinica.Infrastructure/ClinicaRepositorio.cs,699,FichasResumidasAsync
semdor-crm,src/Clinica.Infrastructure/ClinicaRepositorio.cs,706,PacientesPorCpfAsync
semdor-crm,src/Clinica.Infrastructure/ClinicaRepositorio.cs,724,AdicionarPacienteAsync
semdor-crm,src/Clinica.Infrastructure/ClinicaRepositorio.cs,727,RemoverPacienteAsync
semdor-crm,src/Clinica.Infrastructure/ClinicaRepositorio.cs,734,PacienteTemRegistroClinicoAsync
semdor-crm,src/Clinica.Infrastructure/ClinicaRepositorio.cs,766,ObterFotoPacienteAsync
semdor-crm,src/Clinica.Infrastructure/ClinicaRepositorio.cs,769,DefinirFotoPacienteAsync
semdor-crm,src/Clinica.Infrastructure/ClinicaRepositorio.cs,794,AutorizacoesDoPacienteAsync
semdor-crm,src/Clinica.Infrastructure/ClinicaRepositorio.cs,801,ObterAutorizacaoAsync
semdor-crm,src/Clinica.Infrastructure/ClinicaRepositorio.cs,804,AdicionarAutorizacaoAsync
semdor-crm,src/Clinica.Infrastructure/ClinicaRepositorio.cs,807,RemoverAutorizacaoAsync
semdor-crm,src/Clinica.Infrastructure/ClinicaRepositorio.cs,814,ContarAtendimentosDoPacienteAsync
semdor-crm,src/Clinica.Infrastructure/ClinicaRepositorio.cs,817,HipotesesRecentesAsync
semdor-crm,src/Clinica.Infrastructure/ClinicaRepositorio.cs,860,AtendimentosDoPacienteNoDiaAsync
semdor-crm,src/Clinica.Infrastructure/ClinicaRepositorio.cs,868,ContarAtendimentosAtivosDoPacienteAsync
semdor-crm,src/Clinica.Infrastructure/ClinicaRepositorio.cs,879,RemoverFotoPacienteAsync
semdor-crm,src/Clinica.Infrastructure/ClinicaRepositorio.cs,895,ParametrosAsync
semdor-crm,src/Clinica.Infrastructure/ClinicaRepositorio.cs,898,SalvarParametroAsync
semdor-crm,src/Clinica.Infrastructure/ClinicaRepositorio.cs,914,ConveniosAsync
semdor-crm,src/Clinica.Infrastructure/ClinicaRepositorio.cs,917,SalvarConvenioAsync
semdor-crm,src/Clinica.Infrastructure/ClinicaRepositorio.cs,957,ExcluirConvenioAsync
semdor-crm,src/Clinica.Infrastructure/ClinicaRepositorio.cs,964,ConvenioEmUsoAsync
semdor-crm,src/Clinica.Infrastructure/ClinicaRepositorio.cs,967,ModalidadesAsync
semdor-crm,src/Clinica.Infrastructure/ClinicaRepositorio.cs,970,SalvarModalidadeAsync
semdor-crm,src/Clinica.Infrastructure/ClinicaRepositorio.cs,983,ExcluirModalidadeAsync
semdor-crm,src/Clinica.Infrastructure/ClinicaRepositorio.cs,990,ModalidadeEmUsoAsync
semdor-crm,src/Clinica.Infrastructure/ClinicaRepositorio.cs,995,EspecialidadesAsync
semdor-crm,src/Clinica.Infrastructure/ClinicaRepositorio.cs,998,SalvarEspecialidadeAsync
semdor-crm,src/Clinica.Infrastructure/ClinicaRepositorio.cs,1010,ExcluirEspecialidadeAsync
semdor-crm,src/Clinica.Infrastructure/ClinicaRepositorio.cs,1017,EspecialidadeEmUsoAsync
semdor-crm,src/Clinica.Infrastructure/ClinicaRepositorio.cs,1022,ObterConfiguracaoAsync
semdor-crm,src/Clinica.Infrastructure/ClinicaRepositorio.cs,1025,SalvarConfiguracaoAsync
semdor-crm,src/Clinica.Infrastructure/ClinicaRepositorio.cs,1049,EhCredencialGlobal
semdor-crm,src/Clinica.Infrastructure/ClinicaRepositorio.cs,1052,SalvarConfiguracaoSeValorIgualAsync
semdor-crm,src/Clinica.Infrastructure/ClinicaRepositorio.cs,1064,SalvarSegredoSemRebaixarProtecaoAsync
semdor-crm,src/Clinica.Infrastructure/ClinicaRepositorio.cs,1089,AdicionarConsultaAsync
semdor-crm,src/Clinica.Infrastructure/ClinicaRepositorio.cs,1092,ConsultasDoPacienteAsync
semdor-crm,src/Clinica.Infrastructure/ClinicaRepositorio.cs,1098,PacientesComConsultasAsync
semdor-crm,src/Clinica.Infrastructure/ClinicaRepositorio.cs,1105,ConsultasDosPacientesAsync
semdor-crm,src/Clinica.Infrastructure/ClinicaRepositorio.cs,1120,AdicionarAgendamentoAsync
semdor-crm,src/Clinica.Infrastructure/ClinicaRepositorio.cs,1125,ObterAgendamentoAsync
semdor-crm,src/Clinica.Infrastructure/ClinicaRepositorio.cs,1132,AgendamentosNoPeriodoAsync
semdor-crm,src/Clinica.Infrastructure/ClinicaRepositorio.cs,1141,AgendamentosDaSerieAsync
semdor-crm,src/Clinica.Infrastructure/ClinicaRepositorio.cs,1151,RemoverAgendamentoAsync
semdor-crm,src/Clinica.Infrastructure/ClinicaRepositorio.cs,1160,ProfissionaisAsync
semdor-crm,src/Clinica.Infrastructure/ClinicaRepositorio.cs,1165,ObterProfissionalAsync
semdor-crm,src/Clinica.Infrastructure/ClinicaRepositorio.cs,1168,AdicionarProfissionalAsync
semdor-crm,src/Clinica.Infrastructure/ClinicaRepositorio.cs,1184,ProfissionalEmUsoAsync
semdor-crm,src/Clinica.Infrastructure/ClinicaRepositorio.cs,1195,RemoverProfissionalAsync
semdor-crm,src/Clinica.Infrastructure/ClinicaRepositorio.cs,1202,SalasAsync
semdor-crm,src/Clinica.Infrastructure/ClinicaRepositorio.cs,1207,ObterSalaAsync
semdor-crm,src/Clinica.Infrastructure/ClinicaRepositorio.cs,1210,AdicionarSalaAsync
semdor-crm,src/Clinica.Infrastructure/ClinicaRepositorio.cs,1217,SalaEmUsoAsync
semdor-crm,src/Clinica.Infrastructure/ClinicaRepositorio.cs,1221,RemoverSalaAsync
semdor-crm,src/Clinica.Infrastructure/ClinicaRepositorio.cs,1232,BloqueiosNoPeriodoAsync
semdor-crm,src/Clinica.Infrastructure/ClinicaRepositorio.cs,1241,BloqueiosAsync
semdor-crm,src/Clinica.Infrastructure/ClinicaRepositorio.cs,1256,AdicionarBloqueioAsync
semdor-crm,src/Clinica.Infrastructure/ClinicaRepositorio.cs,1259,ObterBloqueioAsync
semdor-crm,src/Clinica.Infrastructure/ClinicaRepositorio.cs,1265,RemoverBloqueioAsync
semdor-crm,src/Clinica.Infrastructure/ClinicaRepositorio.cs,1271,AdicionarListaEsperaAsync
semdor-crm,src/Clinica.Infrastructure/ClinicaRepositorio.cs,1274,ObterListaEsperaAsync
semdor-crm,src/Clinica.Infrastructure/ClinicaRepositorio.cs,1280,ListaEsperaAsync
semdor-crm,src/Clinica.Infrastructure/ClinicaRepositorio.cs,1301,AdicionarEvolucaoAsync
semdor-crm,src/Clinica.Infrastructure/ClinicaRepositorio.cs,1308,ObterEvolucaoAsync
semdor-crm,src/Clinica.Infrastructure/ClinicaRepositorio.cs,1322,EvolucoesSemAtendimentoDoHorarioAsync
semdor-crm,src/Clinica.Infrastructure/ClinicaRepositorio.cs,1330,AtendimentoDoHorarioAsync
semdor-crm,src/Clinica.Infrastructure/ClinicaRepositorio.cs,1343,EvolucoesDoPacienteAsync
semdor-crm,src/Clinica.Infrastructure/ClinicaRepositorio.cs,1397,EvolucoesDoPacienteAsync
semdor-crm,src/Clinica.Infrastructure/ClinicaRepositorio.cs,1412,VersoesDaEvolucaoAsync
semdor-crm,src/Clinica.Infrastructure/ClinicaRepositorio.cs,1421,ContagemDeVersoesAsync
semdor-crm,src/Clinica.Infrastructure/ClinicaRepositorio.cs,1435,ObterAnexoAsync
semdor-crm,src/Clinica.Infrastructure/ClinicaRepositorio.cs,1442,AnamneseDoPacienteAsync
semdor-crm,src/Clinica.Infrastructure/ClinicaRepositorio.cs,1450,AdicionarAnamneseAsync
semdor-crm,src/Clinica.Infrastructure/ClinicaRepositorio.cs,1454,VersoesDaAnamneseAsync
semdor-crm,src/Clinica.Infrastructure/ClinicaRepositorio.cs,1461,AnexosDoPacienteAsync
semdor-crm,src/Clinica.Infrastructure/ClinicaRepositorio.cs,1478,AnexosDaEvolucaoAsync
semdor-crm,src/Clinica.Infrastructure/ClinicaRepositorio.cs,1489,CamposPersonalizadosAsync
semdor-crm,src/Clinica.Infrastructure/ClinicaRepositorio.cs,1495,ObterCampoPersonalizadoAsync
semdor-crm,src/Clinica.Infrastructure/ClinicaRepositorio.cs,1499,AdicionarCampoPersonalizadoAsync
semdor-crm,src/Clinica.Infrastructure/ClinicaRepositorio.cs,1503,ConteudoDoAnexoAsync
semdor-crm,src/Clinica.Infrastructure/ClinicaRepositorio.cs,1509,AdicionarAnexoAsync
semdor-crm,src/Clinica.Infrastructure/ClinicaRepositorio.cs,1514,TemMapaAsync
semdor-crm,src/Clinica.Infrastructure/ClinicaRepositorio.cs,1528,ContagemDeAnexosAsync
semdor-crm,src/Clinica.Infrastructure/ClinicaRepositorio.cs,1544,AdicionarMedidaAsync
semdor-crm,src/Clinica.Infrastructure/ClinicaRepositorio.cs,1547,ObterMedidaAsync
semdor-crm,src/Clinica.Infrastructure/ClinicaRepositorio.cs,1550,MedidasDoPacienteAsync
semdor-crm,src/Clinica.Infrastructure/ClinicaRepositorio.cs,1573,AdicionarResultadoExameAsync
semdor-crm,src/Clinica.Infrastructure/ClinicaRepositorio.cs,1576,AdicionarArquivoResultadoExameAsync
semdor-crm,src/Clinica.Infrastructure/ClinicaRepositorio.cs,1581,ConteudoDoLaudoAsync
semdor-crm,src/Clinica.Infrastructure/ClinicaRepositorio.cs,1587,ObterResultadoExameAsync
semdor-crm,src/Clinica.Infrastructure/ClinicaRepositorio.cs,1592,AdicionarAnexoPacienteAsync
semdor-crm,src/Clinica.Infrastructure/ClinicaRepositorio.cs,1595,AdicionarArquivoAnexoPacienteAsync
semdor-crm,src/Clinica.Infrastructure/ClinicaRepositorio.cs,1599,ConteudoDoAnexoPacienteAsync
semdor-crm,src/Clinica.Infrastructure/ClinicaRepositorio.cs,1605,ObterAnexoPacienteAsync
semdor-crm,src/Clinica.Infrastructure/ClinicaRepositorio.cs,1608,AnexosDaFichaAsync
semdor-crm,src/Clinica.Infrastructure/ClinicaRepositorio.cs,1623,ChavesDeImportacaoDeAnexosPacienteAsync
semdor-crm,src/Clinica.Infrastructure/ClinicaRepositorio.cs,1630,ResultadosExameDoPacienteAsync
semdor-crm,src/Clinica.Infrastructure/ClinicaRepositorio.cs,1648,AdicionarProblemaAsync
semdor-crm,src/Clinica.Infrastructure/ClinicaRepositorio.cs,1651,ObterProblemaAsync
semdor-crm,src/Clinica.Infrastructure/ClinicaRepositorio.cs,1654,ProblemasDoPacienteAsync
semdor-crm,src/Clinica.Infrastructure/ClinicaRepositorio.cs,1675,AdicionarAvaliacaoAsync
semdor-crm,src/Clinica.Infrastructure/ClinicaRepositorio.cs,1680,ObterAvaliacaoAsync
semdor-crm,src/Clinica.Infrastructure/ClinicaRepositorio.cs,1690,AvaliacoesDoPacienteAsync
semdor-crm,src/Clinica.Infrastructure/ClinicaRepositorio.cs,1713,PacientesAtendidosAsync
semdor-crm,src/Clinica.Infrastructure/ClinicaRepositorio.cs,1743,ConsentimentosDoPacienteAsync
semdor-crm,src/Clinica.Infrastructure/ClinicaRepositorio.cs,1750,ObterConsentimentoAsync
semdor-crm,src/Clinica.Infrastructure/ClinicaRepositorio.cs,1754,AdicionarConsentimentoAsync
semdor-crm,src/Clinica.Infrastructure/ClinicaRepositorio.cs,1761,ObterMapaDaEvolucaoAsync
semdor-crm,src/Clinica.Infrastructure/ClinicaRepositorio.cs,1766,HistoricoMapasAsync
semdor-crm,src/Clinica.Infrastructure/ClinicaRepositorio.cs,1778,MapasDasEvolucoesAsync
semdor-crm,src/Clinica.Infrastructure/ClinicaRepositorio.cs,1790,AdicionarMapaAsync
semdor-crm,src/Clinica.Infrastructure/ClinicaRepositorio.cs,1793,RemoverPontosDoMapaAsync
semdor-crm,src/Clinica.Infrastructure/ClinicaRepositorio.cs,1799,ProtocolosCorporaisAsync
semdor-crm,src/Clinica.Infrastructure/ClinicaRepositorio.cs,1809,ObterProtocoloCorporalAsync
semdor-crm,src/Clinica.Infrastructure/ClinicaRepositorio.cs,1815,AdicionarProtocoloCorporalAsync
semdor-crm,src/Clinica.Infrastructure/ClinicaRepositorio.cs,1819,RemoverProtocoloCorporalAsync
semdor-crm,src/Clinica.Infrastructure/ClinicaRepositorio.cs,1829,AdicionarDocumentoAsync
semdor-crm,src/Clinica.Infrastructure/ClinicaRepositorio.cs,1832,ObterDocumentoAsync
semdor-crm,src/Clinica.Infrastructure/ClinicaRepositorio.cs,1839,ObterDocumentoPorCodigoAsync
semdor-crm,src/Clinica.Infrastructure/ClinicaRepositorio.cs,1851,AdicionarColetaRemotaAsync
semdor-crm,src/Clinica.Infrastructure/ClinicaRepositorio.cs,1855,ColetaRemotaAbertaDoDocumentoAsync
semdor-crm,src/Clinica.Infrastructure/ClinicaRepositorio.cs,1863,ColetasRemotasVencidasAsync
semdor-crm,src/Clinica.Infrastructure/ClinicaRepositorio.cs,1874,ColetasRemotasAguardandoRespostaAsync
semdor-crm,src/Clinica.Infrastructure/ClinicaRepositorio.cs,1885,DocumentosComAssinaturaRemotaAguardandoAsync
semdor-crm,src/Clinica.Infrastructure/ClinicaRepositorio.cs,1899,DocumentosPublicadosVencidosAsync
semdor-crm,src/Clinica.Infrastructure/ClinicaRepositorio.cs,1907,DocumentosDoPacienteAsync
semdor-crm,src/Clinica.Infrastructure/ClinicaRepositorio.cs,1923,TermosLgpdComFinalidadeAsync
semdor-crm,src/Clinica.Infrastructure/ClinicaRepositorio.cs,1932,DocumentosClinicosNoPeriodoAsync
semdor-crm,src/Clinica.Infrastructure/ClinicaRepositorio.cs,1951,ProximoNumeroDocumentoAsync
semdor-crm,src/Clinica.Infrastructure/ClinicaRepositorio.cs,1962,AdicionarPrescricaoInternaAsync
semdor-crm,src/Clinica.Infrastructure/ClinicaRepositorio.cs,1966,ObterPrescricaoInternaAsync
semdor-crm,src/Clinica.Infrastructure/ClinicaRepositorio.cs,1981,ObterPrescricaoInternaPorCodigoAsync
semdor-crm,src/Clinica.Infrastructure/ClinicaRepositorio.cs,1996,PrescricoesInternasDoPacienteAsync
semdor-crm,src/Clinica.Infrastructure/ClinicaRepositorio.cs,2007,PrescricoesInternasDoDiaAsync
semdor-crm,src/Clinica.Infrastructure/ClinicaRepositorio.cs,2033,PrescricoesInternasAguardandoAssinaturaAsync
semdor-crm,src/Clinica.Infrastructure/ClinicaRepositorio.cs,2059,PrescricoesInternasAguardandoValidacaoMedicaAsync
semdor-crm,src/Clinica.Infrastructure/ClinicaRepositorio.cs,2069,ContarAssinaturasInfusaoAsync
semdor-crm,src/Clinica.Infrastructure/ClinicaRepositorio.cs,2093,ObterItemPrescricaoInternaAsync
semdor-crm,src/Clinica.Infrastructure/ClinicaRepositorio.cs,2100,AdicionarChecagemPrescricaoAsync
semdor-crm,src/Clinica.Infrastructure/ClinicaRepositorio.cs,2106,AdicionarEvolucaoEnfermagemAsync
semdor-crm,src/Clinica.Infrastructure/ClinicaRepositorio.cs,2110,ObterEvolucaoEnfermagemAsync
semdor-crm,src/Clinica.Infrastructure/ClinicaRepositorio.cs,2122,EvolucoesEnfermagemDaPrescricaoAsync
semdor-crm,src/Clinica.Infrastructure/ClinicaRepositorio.cs,2133,AdicionarChecagemCuidadoAsync
semdor-crm,src/Clinica.Infrastructure/ClinicaRepositorio.cs,2137,ObterCuidadoEnfermagemAsync
semdor-crm,src/Clinica.Infrastructure/ClinicaRepositorio.cs,2146,ObterChecagemCuidadoAsync
semdor-crm,src/Clinica.Infrastructure/ClinicaRepositorio.cs,2152,ChecagensDosCuidadosAsync
semdor-crm,src/Clinica.Infrastructure/ClinicaRepositorio.cs,2166,EvolucoesEnfermagemDoPacienteAsync
semdor-crm,src/Clinica.Infrastructure/ClinicaRepositorio.cs,2183,TemEvolucaoEnfermagemVigenteNoHorarioAsync
semdor-crm,src/Clinica.Infrastructure/ClinicaRepositorio.cs,2186,ConsultaEnfermagemVigenteNoHorario
semdor-crm,src/Clinica.Infrastructure/ClinicaRepositorio.cs,2190,EvolucaoEnfermagemFoiRetificadaAsync
semdor-crm,src/Clinica.Infrastructure/ClinicaRepositorio.cs,2193,ProximoNumeroPrescricaoInternaAsync
semdor-crm,src/Clinica.Infrastructure/ClinicaRepositorio.cs,2203,ObterArquivoAssinadoAsync
semdor-crm,src/Clinica.Infrastructure/ClinicaRepositorio.cs,2208,AdicionarArquivoAssinadoAsync
semdor-crm,src/Clinica.Infrastructure/ClinicaRepositorio.cs,2212,PrescricoesInternasPendentesAsync
semdor-crm,src/Clinica.Infrastructure/ClinicaRepositorio.cs,2231,ModelosEvolucaoAsync
semdor-crm,src/Clinica.Infrastructure/ClinicaRepositorio.cs,2243,ObterModeloEvolucaoAsync
semdor-crm,src/Clinica.Infrastructure/ClinicaRepositorio.cs,2246,ObterModeloEvolucaoPorNomeAsync
semdor-crm,src/Clinica.Infrastructure/ClinicaRepositorio.cs,2251,AdicionarModeloEvolucaoAsync
semdor-crm,src/Clinica.Infrastructure/ClinicaRepositorio.cs,2255,RemoverModeloEvolucaoAsync
semdor-crm,src/Clinica.Infrastructure/ClinicaRepositorio.cs,2261,ModelosDocumentoAsync
semdor-crm,src/Clinica.Infrastructure/ClinicaRepositorio.cs,2269,ObterModeloDocumentoAsync
semdor-crm,src/Clinica.Infrastructure/ClinicaRepositorio.cs,2274,ObterModeloDocumentoPorNomeAsync
semdor-crm,src/Clinica.Infrastructure/ClinicaRepositorio.cs,2280,AdicionarModeloDocumentoAsync
semdor-crm,src/Clinica.Infrastructure/ClinicaRepositorio.cs,2283,RemoverModeloDocumentoAsync
semdor-crm,src/Clinica.Infrastructure/ClinicaRepositorio.cs,2290,RemoverItensDoModeloAsync
semdor-crm,src/Clinica.Infrastructure/ClinicaRepositorio.cs,2298,ExigenciasTermoAsync
semdor-crm,src/Clinica.Infrastructure/ClinicaRepositorio.cs,2305,ObterExigenciaTermoAsync
semdor-crm,src/Clinica.Infrastructure/ClinicaRepositorio.cs,2311,AdicionarExigenciaTermoAsync
semdor-crm,src/Clinica.Infrastructure/ClinicaRepositorio.cs,2315,TermosDoPacienteNaDataAsync
semdor-crm,src/Clinica.Infrastructure/ClinicaRepositorio.cs,2325,TermosDaDataAsync
semdor-crm,src/Clinica.Infrastructure/ClinicaRepositorio.cs,2333,TermosDoPacienteAsync
semdor-crm,src/Clinica.Infrastructure/ClinicaRepositorio.cs,2342,TermosDosPacientesAsync
semdor-crm,src/Clinica.Infrastructure/ClinicaRepositorio.cs,2357,ObterTracoAssinaturaAsync
semdor-crm,src/Clinica.Infrastructure/ClinicaRepositorio.cs,2364,PacotesCatalogoAsync
semdor-crm,src/Clinica.Infrastructure/ClinicaRepositorio.cs,2371,ObterPacoteCatalogoAsync
semdor-crm,src/Clinica.Infrastructure/ClinicaRepositorio.cs,2374,AdicionarPacoteCatalogoAsync
semdor-crm,src/Clinica.Infrastructure/ClinicaRepositorio.cs,2377,RemoverPacoteCatalogoAsync
semdor-crm,src/Clinica.Infrastructure/ClinicaRepositorio.cs,2385,PacotesDoPacienteAsync
semdor-crm,src/Clinica.Infrastructure/ClinicaRepositorio.cs,2393,ObterPacotePacienteAsync
semdor-crm,src/Clinica.Infrastructure/ClinicaRepositorio.cs,2399,AdicionarPacotePacienteAsync
semdor-crm,src/Clinica.Infrastructure/ClinicaRepositorio.cs,2402,PacotesVendidosAsync
semdor-crm,src/Clinica.Infrastructure/ClinicaRepositorio.cs,2409,AgendamentoDoAtendimentoAsync
semdor-crm,src/Clinica.Infrastructure/ClinicaRepositorio.cs,2416,AgendamentosSubstituidosPorAsync
semdor-crm,src/Clinica.Infrastructure/ClinicaRepositorio.cs,2424,AtendimentoJaConsumiuPacoteAsync
semdor-crm,src/Clinica.Infrastructure/ClinicaRepositorio.cs,2435,AtendimentosComFechamentoAsync
semdor-crm,src/Clinica.Infrastructure/ClinicaRepositorio.cs,2466,ObterConsumoPacoteAsync
semdor-crm,src/Clinica.Infrastructure/ClinicaRepositorio.cs,2469,ConsumoDoAtendimentoAsync
semdor-crm,src/Clinica.Infrastructure/ClinicaRepositorio.cs,2476,RegrasRepasseAsync
semdor-crm,src/Clinica.Infrastructure/ClinicaRepositorio.cs,2484,ObterRegraRepasseAsync
semdor-crm,src/Clinica.Infrastructure/ClinicaRepositorio.cs,2487,AdicionarRegraRepasseAsync
semdor-crm,src/Clinica.Infrastructure/ClinicaRepositorio.cs,2490,RemoverRegraRepasseAsync
semdor-crm,src/Clinica.Infrastructure/ClinicaRepositorio.cs,2496,RepassesApuradosAsync
semdor-crm,src/Clinica.Infrastructure/ClinicaRepositorio.cs,2504,ObterRepasseApuradoAsync
semdor-crm,src/Clinica.Infrastructure/ClinicaRepositorio.cs,2507,AdicionarRepasseApuradoAsync
semdor-crm,src/Clinica.Infrastructure/ClinicaRepositorio.cs,2510,AgendamentosComAtendimentoAsync
semdor-crm,src/Clinica.Infrastructure/ClinicaRepositorio.cs,2534,HorariosComConclusaoPendenteAsync
semdor-crm,src/Clinica.Infrastructure/ClinicaRepositorio.cs,2546,HorariosEmAbertoVencidosAsync
semdor-crm,src/Clinica.Infrastructure/ClinicaRepositorio.cs,2556,HorariosRealizadosSemAtendimentoAsync
semdor-crm,src/Clinica.Infrastructure/ClinicaRepositorio.cs,2569,AtendimentosDosPacientesNoPeriodoAsync
semdor-crm,src/Clinica.Infrastructure/ClinicaRepositorio.cs,2585,AtendimentosNoPeriodoAsync
semdor-crm,src/Clinica.Infrastructure/ClinicaRepositorio.cs,2598,TaxasCartaoAsync
semdor-crm,src/Clinica.Infrastructure/ClinicaRepositorio.cs,2607,ObterTaxaCartaoAsync
semdor-crm,src/Clinica.Infrastructure/ClinicaRepositorio.cs,2610,AdicionarTaxaCartaoAsync
semdor-crm,src/Clinica.Infrastructure/ClinicaRepositorio.cs,2613,RemoverTaxaCartaoAsync
semdor-crm,src/Clinica.Infrastructure/ClinicaRepositorio.cs,2621,LancamentosDeCodigosAsync
semdor-crm,src/Clinica.Infrastructure/ClinicaRepositorio.cs,2634,RecebimentosComDeducaoAsync
semdor-crm,src/Clinica.Infrastructure/ClinicaRepositorio.cs,2650,RecebiveisEmAbertoAsync
semdor-crm,src/Clinica.Infrastructure/ClinicaRepositorio.cs,2660,RecebiveisConfirmadosAsync
semdor-crm,src/Clinica.Infrastructure/ClinicaRepositorio.cs,2671,LancamentosPorIdAsync
semdor-crm,src/Clinica.Infrastructure/ClinicaRepositorio.cs,2682,PrecosConvenioAsync
semdor-crm,src/Clinica.Infrastructure/ClinicaRepositorio.cs,2691,ObterPrecoConvenioAsync
semdor-crm,src/Clinica.Infrastructure/ClinicaRepositorio.cs,2694,AdicionarPrecoConvenioAsync
semdor-crm,src/Clinica.Infrastructure/ClinicaRepositorio.cs,2697,RemoverPrecoConvenioAsync
semdor-crm,src/Clinica.Infrastructure/ClinicaRepositorio.cs,2703,PrecosParticularAsync
semdor-crm,src/Clinica.Infrastructure/ClinicaRepositorio.cs,2712,ObterPrecoParticularAsync
semdor-crm,src/Clinica.Infrastructure/ClinicaRepositorio.cs,2715,AdicionarPrecoParticularAsync
semdor-crm,src/Clinica.Infrastructure/ClinicaRepositorio.cs,2718,RemoverPrecoParticularAsync
semdor-crm,src/Clinica.Infrastructure/ClinicaRepositorio.cs,2726,MetasDoAnoAsync
semdor-crm,src/Clinica.Infrastructure/ClinicaRepositorio.cs,2735,ObterMetaAsync
semdor-crm,src/Clinica.Infrastructure/ClinicaRepositorio.cs,2742,ObterMetaPorIdAsync
semdor-crm,src/Clinica.Infrastructure/ClinicaRepositorio.cs,2745,AdicionarMetaAsync
semdor-crm,src/Clinica.Infrastructure/ClinicaRepositorio.cs,2748,RemoverMetaAsync
semdor-crm,src/Clinica.Infrastructure/ClinicaRepositorio.cs,2756,OrcamentosDoMesAsync
semdor-crm,src/Clinica.Infrastructure/ClinicaRepositorio.cs,2765,ObterOrcamentoAsync
semdor-crm,src/Clinica.Infrastructure/ClinicaRepositorio.cs,2770,ObterOrcamentoPorIdAsync
semdor-crm,src/Clinica.Infrastructure/ClinicaRepositorio.cs,2775,AdicionarOrcamentoAsync
semdor-crm,src/Clinica.Infrastructure/ClinicaRepositorio.cs,2779,RemoverOrcamentoAsync
semdor-crm,src/Clinica.Infrastructure/ClinicaRepositorio.cs,2787,TributosAsync
semdor-crm,src/Clinica.Infrastructure/ClinicaRepositorio.cs,2795,ObterTributoAsync
semdor-crm,src/Clinica.Infrastructure/ClinicaRepositorio.cs,2798,AdicionarTributoAsync
semdor-crm,src/Clinica.Infrastructure/ClinicaRepositorio.cs,2801,RemoverTributoAsync
semdor-crm,src/Clinica.Infrastructure/ClinicaRepositorio.cs,2807,LancamentosDosAtendimentosAsync
semdor-crm,src/Clinica.Infrastructure/ClinicaRepositorio.cs,2818,LancamentosDosPacotesAsync
semdor-crm,src/Clinica.Infrastructure/ClinicaRepositorio.cs,2830,SessoesParticularesSemReceitaAsync
semdor-crm,src/Clinica.Infrastructure/ClinicaRepositorio.cs,2838,SessoesParticularesSemReceitaDoPacienteAsync
semdor-crm,src/Clinica.Infrastructure/ClinicaRepositorio.cs,2854,SessoesParticularesSemReceita
semdor-crm,src/Clinica.Infrastructure/ClinicaRepositorio.cs,2884,ItensEstoqueAsync
semdor-crm,src/Clinica.Infrastructure/ClinicaRepositorio.cs,2891,ObterItemEstoqueAsync
semdor-crm,src/Clinica.Infrastructure/ClinicaRepositorio.cs,2894,AdicionarItemEstoqueAsync
semdor-crm,src/Clinica.Infrastructure/ClinicaRepositorio.cs,2897,RemoverItemEstoqueAsync
semdor-crm,src/Clinica.Infrastructure/ClinicaRepositorio.cs,2903,MovimentosDoItemAsync
semdor-crm,src/Clinica.Infrastructure/ClinicaRepositorio.cs,2910,MovimentosNoPeriodoAsync
semdor-crm,src/Clinica.Infrastructure/ClinicaRepositorio.cs,2918,MovimentosDoAtendimentoAsync
semdor-crm,src/Clinica.Infrastructure/ClinicaRepositorio.cs,2926,ConsumosDeSessaoNoPeriodoAsync
semdor-crm,src/Clinica.Infrastructure/ClinicaRepositorio.cs,2936,UltimoConsumoDeSessaoAsync
semdor-crm,src/Clinica.Infrastructure/ClinicaRepositorio.cs,2952,AdicionarMovimentoEstoqueAsync
semdor-crm,src/Clinica.Infrastructure/ClinicaRepositorio.cs,2958,SaldosEstoqueAsync
semdor-crm,src/Clinica.Infrastructure/ClinicaRepositorio.cs,2985,AdicionarDocumentoFinanceiroAsync
semdor-crm,src/Clinica.Infrastructure/ClinicaRepositorio.cs,2989,ObterDocumentoFinanceiroAsync
semdor-crm,src/Clinica.Infrastructure/ClinicaRepositorio.cs,2996,DocumentosFinanceirosAsync
semdor-crm,src/Clinica.Infrastructure/ClinicaRepositorio.cs,3005,ProximoNumeroDocumentoFinanceiroAsync
semdor-crm,src/Clinica.Infrastructure/ClinicaRepositorio.cs,3015,PacientesComConsentimentoVigenteAsync
semdor-crm,src/Clinica.Infrastructure/ClinicaRepositorio.cs,3039,RegistrarAuditoriaAsync
semdor-crm,src/Clinica.Infrastructure/ClinicaRepositorio.cs,3042,EventosAuditoriaAsync
semdor-crm,src/Clinica.Infrastructure/ClinicaRepositorio.cs,3048,ConsultarAuditoriaAsync
semdor-crm,src/Clinica.Infrastructure/ClinicaRepositorio.cs,3096,AcoesDeAuditoriaAsync
semdor-crm,src/Clinica.Infrastructure/ClinicaRepositorio.cs,3105,AdicionarLancamentoAsync
semdor-crm,src/Clinica.Infrastructure/ClinicaRepositorio.cs,3108,ObterLancamentoAsync
semdor-crm,src/Clinica.Infrastructure/ClinicaRepositorio.cs,3111,LancamentosNoPeriodoAsync
semdor-crm,src/Clinica.Infrastructure/ClinicaRepositorio.cs,3129,UltimoRecebimentoDoPacienteAsync
semdor-crm,src/Clinica.Infrastructure/ClinicaRepositorio.cs,3145,ValoresDeLancamentoNoPeriodoAsync
semdor-crm,src/Clinica.Infrastructure/ClinicaRepositorio.cs,3154,CodigosComLancamentoAsync
semdor-crm,src/Clinica.Infrastructure/ClinicaRepositorio.cs,3168,LancamentosDatadosNoPeriodoAsync
semdor-crm,src/Clinica.Infrastructure/ClinicaRepositorio.cs,3191,LancamentosEmEspecieDoDiaAsync
semdor-crm,src/Clinica.Infrastructure/ClinicaRepositorio.cs,3195,LancamentosEmEspecieNoPeriodoAsync
semdor-crm,src/Clinica.Infrastructure/ClinicaRepositorio.cs,3208,FechamentoCaixaDoDiaAsync
semdor-crm,src/Clinica.Infrastructure/ClinicaRepositorio.cs,3217,AdicionarFechamentoCaixaAsync
semdor-crm,src/Clinica.Infrastructure/ClinicaRepositorio.cs,3220,FechamentosCaixaNoPeriodoAsync
semdor-crm,src/Clinica.Infrastructure/ClinicaRepositorio.cs,3229,ConsultaConferenciaConsumo
semdor-crm,src/Clinica.Infrastructure/ClinicaRepositorio.cs,3232,ConferenciaConsumoAsync
semdor-crm,src/Clinica.Infrastructure/ClinicaRepositorio.cs,3235,AdicionarConferenciaConsumoAsync
semdor-crm,src/Clinica.Infrastructure/ClinicaRepositorio.cs,3238,AtualizarBaixaConferenciaAsync
semdor-crm,src/Clinica.Infrastructure/ClinicaRepositorio.cs,3245,ConferenciasDosAtendimentosAsync
semdor-crm,src/Clinica.Infrastructure/ClinicaRepositorio.cs,3248,ConsultaConferenciasDosAtendimentos
semdor-crm,src/Clinica.Infrastructure/ClinicaRepositorio.cs,3251,ConsultaLancamentosDaObrigacao
semdor-crm,src/Clinica.Infrastructure/ClinicaRepositorio.cs,3254,LancamentosDaObrigacaoAsync
semdor-crm,src/Clinica.Infrastructure/ClinicaRepositorio.cs,3257,ConsultaContasDoParcelamento
semdor-crm,src/Clinica.Infrastructure/ClinicaRepositorio.cs,3261,ContasDoParcelamentoAsync
semdor-crm,src/Clinica.Infrastructure/ClinicaRepositorio.cs,3264,LancamentosComVencimentoAteAsync
semdor-crm,src/Clinica.Infrastructure/ClinicaRepositorio.cs,3282,OrigensRecorrenciaExistentesAsync
semdor-crm,src/Clinica.Infrastructure/ClinicaRepositorio.cs,3292,RecorrentesAsync
semdor-crm,src/Clinica.Infrastructure/ClinicaRepositorio.cs,3300,AdicionarRecorrenteAsync
semdor-crm,src/Clinica.Infrastructure/ClinicaRepositorio.cs,3303,ObterRecorrenteAsync
semdor-crm,src/Clinica.Infrastructure/ClinicaRepositorio.cs,3306,CategoriasFinanceirasAsync
semdor-crm,src/Clinica.Infrastructure/ClinicaRepositorio.cs,3311,AdicionarCategoriaFinanceiraAsync
semdor-crm,src/Clinica.Infrastructure/ClinicaRepositorio.cs,3314,ObterCategoriaFinanceiraAsync
semdor-crm,src/Clinica.Infrastructure/ClinicaRepositorio.cs,3322,VinculosEvolucoesNoPeriodoAsync
semdor-crm,src/Clinica.Infrastructure/ClinicaRepositorio.cs,3333,EvolucoesNoPeriodoAsync
semdor-crm,src/Clinica.Infrastructure/ClinicaRepositorio.cs,3352,EvolucoesParaProntuariosAsync
semdor-crm,src/Clinica.Infrastructure/ClinicaRepositorio.cs,3381,PedidosDeExameAsync
semdor-crm,src/Clinica.Infrastructure/ClinicaRepositorio.cs,3413,InatividadeAsync
semdor-crm,src/Clinica.Infrastructure/ClinicaRepositorio.cs,3436,AdicionarContatoAsync
semdor-crm,src/Clinica.Infrastructure/ClinicaRepositorio.cs,3439,ObterContatoAsync
semdor-crm,src/Clinica.Infrastructure/ClinicaRepositorio.cs,3445,ContatosAsync
semdor-crm,src/Clinica.Infrastructure/ClinicaRepositorio.cs,3465,ConfirmacoesDosAgendamentosAsync
semdor-crm,src/Clinica.Infrastructure/ClinicaRepositorio.cs,3484,ContatosDoPacienteAsync
semdor-crm,src/Clinica.Infrastructure/ClinicaRepositorio.cs,3493,OrigensDeContatoAsync
semdor-crm,src/Clinica.Infrastructure/ClinicaRepositorio.cs,3506,UsuariosAsync
semdor-crm,src/Clinica.Infrastructure/ClinicaRepositorio.cs,3513,ObterUsuarioAsync
semdor-crm,src/Clinica.Infrastructure/ClinicaRepositorio.cs,3518,ObterUsuarioPorLoginAsync
semdor-crm,src/Clinica.Infrastructure/ClinicaRepositorio.cs,3523,AdicionarUsuarioAsync
semdor-crm,src/Clinica.Infrastructure/ClinicaRepositorio.cs,3526,RemoverUsuarioAsync
semdor-crm,src/Clinica.Infrastructure/ClinicaRepositorio.cs,3533,SalvarAsync
semdor-crm,src/Clinica.Infrastructure/ClinicaRepositorio.cs,3565,Traduzir
semdor-crm,src/Clinica.Infrastructure/ConclusaoAutomaticaService.cs,10,PendenciaConclusao
semdor-crm,src/Clinica.Infrastructure/ConclusaoAutomaticaService.cs,13,ConclusaoAutomaticaService
semdor-crm,src/Clinica.Infrastructure/ConclusaoAutomaticaService.cs,17,Abertos
semdor-crm,src/Clinica.Infrastructure/ConclusaoAutomaticaService.cs,20,CandidatosAsync
semdor-crm,src/Clinica.Infrastructure/ConclusaoAutomaticaService.cs,31,ImpedimentoAsync
semdor-crm,src/Clinica.Infrastructure/ConclusaoAutomaticaService.cs,48,ConcluirSeVencidoAsync
semdor-crm,src/Clinica.Infrastructure/ConclusaoAutomaticaService.cs,68,PendenciasAsync
semdor-crm,src/Clinica.Infrastructure/ConclusaoAutomaticaService.cs,85,AcompanharAsync
semdor-crm,src/Clinica.Infrastructure/ConversorEnumTolerante.cs,50,ParaBanco
semdor-crm,src/Clinica.Infrastructure/ConversorEnumTolerante.cs,55,DoBanco
semdor-crm,src/Clinica.Infrastructure/ConversorEnumTolerante.cs,69,RegistroDeVersaoMaisNovaException
semdor-crm,src/Clinica.Infrastructure/DependencyInjection.cs,14,AddClinica
semdor-crm,src/Clinica.Infrastructure/DependencyInjection.cs,181,RegistrarSafeID
semdor-crm,src/Clinica.Infrastructure/DependencyInjection.cs,220,ConfigurarNpgsql
semdor-crm,src/Clinica.Infrastructure/MensagensDeErro.cs,28,Duplicidade
semdor-crm,src/Clinica.Infrastructure/MensagensDeErro.cs,84,Casa
semdor-crm,src/Clinica.Infrastructure/Migrations/20260715121940_InitialCreate.cs,13,Up
semdor-crm,src/Clinica.Infrastructure/Migrations/20260715121940_InitialCreate.cs,105,Down
semdor-crm,src/Clinica.Infrastructure/Migrations/20260715174811_AddAgenda.cs,13,Up
semdor-crm,src/Clinica.Infrastructure/Migrations/20260715174811_AddAgenda.cs,63,Down
semdor-crm,src/Clinica.Infrastructure/Migrations/20260715181659_AgendaDataHoraSemFuso.cs,12,Up
semdor-crm,src/Clinica.Infrastructure/Migrations/20260715181659_AgendaDataHoraSemFuso.cs,24,Down
semdor-crm,src/Clinica.Infrastructure/Migrations/20260715182833_AddGlosa.cs,12,Up
semdor-crm,src/Clinica.Infrastructure/Migrations/20260715182833_AddGlosa.cs,43,Down
semdor-crm,src/Clinica.Infrastructure/Migrations/20260715223552_AddNumeroAtendimento.cs,11,Up
semdor-crm,src/Clinica.Infrastructure/Migrations/20260715223552_AddNumeroAtendimento.cs,27,Down
semdor-crm,src/Clinica.Infrastructure/Migrations/20260715231337_AddParametrosConvenio.cs,11,Up
semdor-crm,src/Clinica.Infrastructure/Migrations/20260715231337_AddParametrosConvenio.cs,28,Down
semdor-crm,src/Clinica.Infrastructure/Migrations/20260716120000_AddModalidadePreferida.cs,11,Up
semdor-crm,src/Clinica.Infrastructure/Migrations/20260716120000_AddModalidadePreferida.cs,23,Down
semdor-crm,src/Clinica.Infrastructure/Migrations/20260716120100_AddConsultas.cs,13,Up
semdor-crm,src/Clinica.Infrastructure/Migrations/20260716120100_AddConsultas.cs,52,Down
semdor-crm,src/Clinica.Infrastructure/Migrations/20260718100000_AddConfiguracoesGlobais.cs,18,Up
semdor-crm,src/Clinica.Infrastructure/Migrations/20260718100000_AddConfiguracoesGlobais.cs,34,Down
semdor-crm,src/Clinica.Infrastructure/Migrations/20260718110000_AumentaValorConfiguracao.cs,18,Up
semdor-crm,src/Clinica.Infrastructure/Migrations/20260718110000_AumentaValorConfiguracao.cs,31,Down
semdor-crm,src/Clinica.Infrastructure/Migrations/20260718120000_ConvenioCatalogo.cs,19,Up
semdor-crm,src/Clinica.Infrastructure/Migrations/20260718120000_ConvenioCatalogo.cs,51,Down
semdor-crm,src/Clinica.Infrastructure/Migrations/20260718130000_ConveniosDinamicos.cs,18,Up
semdor-crm,src/Clinica.Infrastructure/Migrations/20260718130000_ConveniosDinamicos.cs,62,Down
semdor-crm,src/Clinica.Infrastructure/Migrations/20260718140000_ConvenioPersonalizado.cs,17,Up
semdor-crm,src/Clinica.Infrastructure/Migrations/20260718140000_ConvenioPersonalizado.cs,32,Down
semdor-crm,src/Clinica.Infrastructure/Migrations/20260719120000_PacienteDadosConvenio.cs,17,Up
semdor-crm,src/Clinica.Infrastructure/Migrations/20260719120000_PacienteDadosConvenio.cs,25,Down
semdor-crm,src/Clinica.Infrastructure/Migrations/20260719182916_LotesTissEGlosaRecurso.cs,13,Up
semdor-crm,src/Clinica.Infrastructure/Migrations/20260719182916_LotesTissEGlosaRecurso.cs,75,Down
semdor-crm,src/Clinica.Infrastructure/Migrations/20260719235849_AuditoriaEConcorrencia.cs,13,Up
semdor-crm,src/Clinica.Infrastructure/Migrations/20260719235849_AuditoriaEConcorrencia.cs,94,Down
semdor-crm,src/Clinica.Infrastructure/Migrations/20260720125631_ObservacaoPendencia.cs,12,Up
semdor-crm,src/Clinica.Infrastructure/Migrations/20260720125631_ObservacaoPendencia.cs,29,Down
semdor-crm,src/Clinica.Infrastructure/Migrations/20260720191221_EspecialidadeConsulta.cs,11,Up
semdor-crm,src/Clinica.Infrastructure/Migrations/20260720191221_EspecialidadeConsulta.cs,29,Down
semdor-crm,src/Clinica.Infrastructure/Migrations/20260721120000_ModalidadesEspecialidadesDinamicas.cs,19,Up
semdor-crm,src/Clinica.Infrastructure/Migrations/20260721120000_ModalidadesEspecialidadesDinamicas.cs,106,Down
semdor-crm,src/Clinica.Infrastructure/Migrations/20260723120000_NaoConformidadePendencia.cs,20,Up
semdor-crm,src/Clinica.Infrastructure/Migrations/20260723120000_NaoConformidadePendencia.cs,37,Down
semdor-crm,src/Clinica.Infrastructure/Migrations/20260724120000_FotoPaciente.cs,18,Up
semdor-crm,src/Clinica.Infrastructure/Migrations/20260724120000_FotoPaciente.cs,44,Down
semdor-crm,src/Clinica.Infrastructure/Migrations/20260725120000_AutorizacaoSessoes.cs,20,Up
semdor-crm,src/Clinica.Infrastructure/Migrations/20260725120000_AutorizacaoSessoes.cs,55,Down
semdor-crm,src/Clinica.Infrastructure/Migrations/20260727151723_Financeiro.cs,13,Up
semdor-crm,src/Clinica.Infrastructure/Migrations/20260727151723_Financeiro.cs,123,Down
semdor-crm,src/Clinica.Infrastructure/Migrations/20260727180000_FundacaoRecepcao.cs,24,Up
semdor-crm,src/Clinica.Infrastructure/Migrations/20260727180000_FundacaoRecepcao.cs,150,Down
semdor-crm,src/Clinica.Infrastructure/Migrations/20260727200000_ProntuarioELgpd.cs,22,Up
semdor-crm,src/Clinica.Infrastructure/Migrations/20260727200000_ProntuarioELgpd.cs,143,Down
semdor-crm,src/Clinica.Infrastructure/Migrations/20260727220000_CampanhasEAcesso.cs,24,Up
semdor-crm,src/Clinica.Infrastructure/Migrations/20260727220000_CampanhasEAcesso.cs,133,Down
semdor-crm,src/Clinica.Infrastructure/Migrations/20260727221000_AtoClinico.cs,24,Up
semdor-crm,src/Clinica.Infrastructure/Migrations/20260727221000_AtoClinico.cs,285,Down
semdor-crm,src/Clinica.Infrastructure/Migrations/20260727230000_DinheiroEInsumo.cs,23,Up
semdor-crm,src/Clinica.Infrastructure/Migrations/20260727230000_DinheiroEInsumo.cs,367,Down
semdor-crm,src/Clinica.Infrastructure/Migrations/20260728221129_CrmPaciente.cs,22,Up
semdor-crm,src/Clinica.Infrastructure/Migrations/20260728221129_CrmPaciente.cs,38,Down
semdor-crm,src/Clinica.Infrastructure/Migrations/20260728223610_TaxasEImpostos.cs,26,Up
semdor-crm,src/Clinica.Infrastructure/Migrations/20260728223610_TaxasEImpostos.cs,125,Down
semdor-crm,src/Clinica.Infrastructure/Migrations/20260729063411_ContasARecorrencia.cs,31,Up
semdor-crm,src/Clinica.Infrastructure/Migrations/20260729063411_ContasARecorrencia.cs,99,Down
semdor-crm,src/Clinica.Infrastructure/Migrations/20260729065323_FechamentoDeCaixa.cs,30,Up
semdor-crm,src/Clinica.Infrastructure/Migrations/20260729065323_FechamentoDeCaixa.cs,62,Down
semdor-crm,src/Clinica.Infrastructure/Migrations/20260729125902_RegimeTributario.cs,37,Up
semdor-crm,src/Clinica.Infrastructure/Migrations/20260729125902_RegimeTributario.cs,75,Down
semdor-crm,src/Clinica.Infrastructure/Migrations/20260729131015_RecebiveisDeCartao.cs,25,Up
semdor-crm,src/Clinica.Infrastructure/Migrations/20260729131015_RecebiveisDeCartao.cs,40,Down
semdor-crm,src/Clinica.Infrastructure/Migrations/20260729134423_RetencaoPorConvenio.cs,29,Up
semdor-crm,src/Clinica.Infrastructure/Migrations/20260729134423_RetencaoPorConvenio.cs,45,Down
semdor-crm,src/Clinica.Infrastructure/Migrations/20260730000415_TabelaPrecoConvenio.cs,29,Up
semdor-crm,src/Clinica.Infrastructure/Migrations/20260730000415_TabelaPrecoConvenio.cs,65,Down
semdor-crm,src/Clinica.Infrastructure/Migrations/20260731090000_BloqueioDeAgenda.cs,26,Up
semdor-crm,src/Clinica.Infrastructure/Migrations/20260731090000_BloqueioDeAgenda.cs,74,Down
semdor-crm,src/Clinica.Infrastructure/Migrations/20260731093000_AgendamentoEmSerie.cs,22,Up
semdor-crm,src/Clinica.Infrastructure/Migrations/20260731093000_AgendamentoEmSerie.cs,38,Down
semdor-crm,src/Clinica.Infrastructure/Migrations/20260731230000_MetasMensais.cs,32,Up
semdor-crm,src/Clinica.Infrastructure/Migrations/20260731230000_MetasMensais.cs,72,Down
semdor-crm,src/Clinica.Infrastructure/Migrations/20260731234500_AjusteDeInventario.cs,31,Up
semdor-crm,src/Clinica.Infrastructure/Migrations/20260731234500_AjusteDeInventario.cs,41,Down
semdor-crm,src/Clinica.Infrastructure/Migrations/20260801000000_OrcamentoPorCategoria.cs,26,Up
semdor-crm,src/Clinica.Infrastructure/Migrations/20260801000000_OrcamentoPorCategoria.cs,65,Down
semdor-crm,src/Clinica.Infrastructure/Migrations/20260801010000_AlinharFksDeBloqueioEMeta.cs,33,Up
semdor-crm,src/Clinica.Infrastructure/Migrations/20260801010000_AlinharFksDeBloqueioEMeta.cs,73,Down
semdor-crm,src/Clinica.Infrastructure/Migrations/20260802152903_AvaliacoesClinicas.cs,24,Up
semdor-crm,src/Clinica.Infrastructure/Migrations/20260802152903_AvaliacoesClinicas.cs,119,Down
semdor-crm,src/Clinica.Infrastructure/Migrations/20260803122008_ProntuarioMedidasEProblemas.cs,27,Up
semdor-crm,src/Clinica.Infrastructure/Migrations/20260803122008_ProntuarioMedidasEProblemas.cs,151,Down
semdor-crm,src/Clinica.Infrastructure/Migrations/20260803223310_ChamadaDoProfissional.cs,22,Up
semdor-crm,src/Clinica.Infrastructure/Migrations/20260803223310_ChamadaDoProfissional.cs,32,Down
semdor-crm,src/Clinica.Infrastructure/Migrations/20260805231132_PrescricaoInternaEChecagem.cs,30,Up
semdor-crm,src/Clinica.Infrastructure/Migrations/20260805231132_PrescricaoInternaEChecagem.cs,304,Down
semdor-crm,src/Clinica.Infrastructure/Migrations/20260806133110_AssinaturaDocumentoClinico.cs,12,Up
semdor-crm,src/Clinica.Infrastructure/Migrations/20260806133110_AssinaturaDocumentoClinico.cs,142,Down
semdor-crm,src/Clinica.Infrastructure/Migrations/20260807182608_IndiceCpfProfissional.cs,11,Up
semdor-crm,src/Clinica.Infrastructure/Migrations/20260807182608_IndiceCpfProfissional.cs,20,Down
semdor-crm,src/Clinica.Infrastructure/Migrations/20260807233152_FormatoNumeroGuiaPorConvenio.cs,32,Up
semdor-crm,src/Clinica.Infrastructure/Migrations/20260807233152_FormatoNumeroGuiaPorConvenio.cs,58,Down
semdor-crm,src/Clinica.Infrastructure/Migrations/20260809125932_GuardaProntuarioImutavel.cs,13,Up
semdor-crm,src/Clinica.Infrastructure/Migrations/20260809125932_GuardaProntuarioImutavel.cs,125,Down
semdor-crm,src/Clinica.Infrastructure/Migrations/20260809185155_PublicacaoDocumentoAssinado.cs,12,Up
semdor-crm,src/Clinica.Infrastructure/Migrations/20260809185155_PublicacaoDocumentoAssinado.cs,34,Down
semdor-crm,src/Clinica.Infrastructure/Migrations/20260811091802_AutoriaDoLancamento.cs,12,Up
semdor-crm,src/Clinica.Infrastructure/Migrations/20260811091802_AutoriaDoLancamento.cs,42,Down
semdor-crm,src/Clinica.Infrastructure/Migrations/20260811170417_ConvenioParticular.cs,11,Up
semdor-crm,src/Clinica.Infrastructure/Migrations/20260811170417_ConvenioParticular.cs,34,Down
semdor-crm,src/Clinica.Infrastructure/Migrations/20260811174233_PrimeiroCodigoNoAgendamento.cs,11,Up
semdor-crm,src/Clinica.Infrastructure/Migrations/20260811174233_PrimeiroCodigoNoAgendamento.cs,22,Down
semdor-crm,src/Clinica.Infrastructure/Migrations/20260811222036_LotePorOperadora.cs,11,Up
semdor-crm,src/Clinica.Infrastructure/Migrations/20260811222036_LotePorOperadora.cs,29,Down
semdor-crm,src/Clinica.Infrastructure/Migrations/20260812184433_ModeloEvolucao.cs,13,Up
semdor-crm,src/Clinica.Infrastructure/Migrations/20260812184433_ModeloEvolucao.cs,52,Down
semdor-crm,src/Clinica.Infrastructure/Migrations/20260812190038_ConciliacaoBancaria.cs,12,Up
semdor-crm,src/Clinica.Infrastructure/Migrations/20260812190038_ConciliacaoBancaria.cs,34,Down
semdor-crm,src/Clinica.Infrastructure/Migrations/20260813181321_TermoAssinadoPeloPaciente.cs,13,Up
semdor-crm,src/Clinica.Infrastructure/Migrations/20260813181321_TermoAssinadoPeloPaciente.cs,153,Down
semdor-crm,src/Clinica.Infrastructure/Migrations/20260813202831_ValidadeDoTermoPorProcedimento.cs,11,Up
semdor-crm,src/Clinica.Infrastructure/Migrations/20260813202831_ValidadeDoTermoPorProcedimento.cs,27,Down
semdor-crm,src/Clinica.Infrastructure/Migrations/20260813223632_ExigenciaTermoPorModelo.cs,29,Up
semdor-crm,src/Clinica.Infrastructure/Migrations/20260813223632_ExigenciaTermoPorModelo.cs,43,Down
semdor-crm,src/Clinica.Infrastructure/Migrations/20260814184312_DatasDeCancelamentoSemFuso.cs,32,Up
semdor-crm,src/Clinica.Infrastructure/Migrations/20260814184312_DatasDeCancelamentoSemFuso.cs,89,Down
semdor-crm,src/Clinica.Infrastructure/Migrations/20260816121528_SegundaAssinaturaDaExecucao.cs,11,Up
semdor-crm,src/Clinica.Infrastructure/Migrations/20260816121528_SegundaAssinaturaDaExecucao.cs,22,Down
semdor-crm,src/Clinica.Infrastructure/Migrations/20260819120000_RealizadoNoAtendimento.cs,21,Up
semdor-crm,src/Clinica.Infrastructure/Migrations/20260819120000_RealizadoNoAtendimento.cs,36,Down
semdor-crm,src/Clinica.Infrastructure/Migrations/20260820202249_RegistroDeExecucaoSelado.cs,23,Up
semdor-crm,src/Clinica.Infrastructure/Migrations/20260820202249_RegistroDeExecucaoSelado.cs,46,Down
semdor-crm,src/Clinica.Infrastructure/Migrations/20260821143645_EvolucaoDeEnfermagem.cs,13,Up
semdor-crm,src/Clinica.Infrastructure/Migrations/20260821143645_EvolucaoDeEnfermagem.cs,107,Down
semdor-crm,src/Clinica.Infrastructure/Migrations/20260823123710_ProcessoDeEnfermagemEAtendimento.cs,12,Up
semdor-crm,src/Clinica.Infrastructure/Migrations/20260823123710_ProcessoDeEnfermagemEAtendimento.cs,124,Down
semdor-crm,src/Clinica.Infrastructure/Migrations/20260823161500_FimDoAtendimento.cs,16,Up
semdor-crm,src/Clinica.Infrastructure/Migrations/20260823161500_FimDoAtendimento.cs,25,Down
semdor-crm,src/Clinica.Infrastructure/Migrations/20260823174500_VersaoGuardaAAnamnese.cs,21,Up
semdor-crm,src/Clinica.Infrastructure/Migrations/20260823174500_VersaoGuardaAAnamnese.cs,40,Down
semdor-crm,src/Clinica.Infrastructure/Migrations/20260823183000_AnamneseDoPaciente.cs,16,Up
semdor-crm,src/Clinica.Infrastructure/Migrations/20260823183000_AnamneseDoPaciente.cs,91,Down
semdor-crm,src/Clinica.Infrastructure/Migrations/20260823192000_PlanoTerapeutico.cs,15,Up
semdor-crm,src/Clinica.Infrastructure/Migrations/20260823192000_PlanoTerapeutico.cs,29,Down
semdor-crm,src/Clinica.Infrastructure/Migrations/20260824010000_ModeloEvolucaoCompleto.cs,22,Up
semdor-crm,src/Clinica.Infrastructure/Migrations/20260824010000_ModeloEvolucaoCompleto.cs,45,Down
semdor-crm,src/Clinica.Infrastructure/Migrations/20260824020000_ExecucaoDoCuidadoDeEnfermagem.cs,23,Up
semdor-crm,src/Clinica.Infrastructure/Migrations/20260824020000_ExecucaoDoCuidadoDeEnfermagem.cs,97,Down
semdor-crm,src/Clinica.Infrastructure/Migrations/20260824030000_RetornoEncaminhamentoEAcessoVenoso.cs,28,Up
semdor-crm,src/Clinica.Infrastructure/Migrations/20260824030000_RetornoEncaminhamentoEAcessoVenoso.cs,58,Down
semdor-crm,src/Clinica.Infrastructure/Migrations/20260824040000_DesenhoDaSessaoNoDocumento.cs,22,Up
semdor-crm,src/Clinica.Infrastructure/Migrations/20260824040000_DesenhoDaSessaoNoDocumento.cs,29,Down
semdor-crm,src/Clinica.Infrastructure/Migrations/20260824050000_ColetaRemotaDoTermo.cs,22,Up
semdor-crm,src/Clinica.Infrastructure/Migrations/20260824050000_ColetaRemotaDoTermo.cs,64,Down
semdor-crm,src/Clinica.Infrastructure/Migrations/20260824060000_CodigoDoItemDeDocumento.cs,21,Up
semdor-crm,src/Clinica.Infrastructure/Migrations/20260824060000_CodigoDoItemDeDocumento.cs,29,Down
semdor-crm,src/Clinica.Infrastructure/Migrations/20260831120000_ResultadosDeExame.cs,20,Up
semdor-crm,src/Clinica.Infrastructure/Migrations/20260831120000_ResultadosDeExame.cs,60,Down
semdor-crm,src/Clinica.Infrastructure/Migrations/20260901130000_ResultadoRespondePedido.cs,19,Up
semdor-crm,src/Clinica.Infrastructure/Migrations/20260901130000_ResultadoRespondePedido.cs,42,Down
semdor-crm,src/Clinica.Infrastructure/Migrations/20260901160000_LaudoEmArquivoNoResultado.cs,24,Up
semdor-crm,src/Clinica.Infrastructure/Migrations/20260901160000_LaudoEmArquivoNoResultado.cs,66,Down
semdor-crm,src/Clinica.Infrastructure/Migrations/20260901180000_ChaveDeImportacaoDoPaciente.cs,20,Up
semdor-crm,src/Clinica.Infrastructure/Migrations/20260901180000_ChaveDeImportacaoDoPaciente.cs,37,Down
semdor-crm,src/Clinica.Infrastructure/Migrations/20260902100000_ImportacaoDoProntuarioEDaAgenda.cs,26,Up
semdor-crm,src/Clinica.Infrastructure/Migrations/20260902100000_ImportacaoDoProntuarioEDaAgenda.cs,78,Down
semdor-crm,src/Clinica.Infrastructure/Migrations/20260902180000_ArquivosDaFicha.cs,26,Up
semdor-crm,src/Clinica.Infrastructure/Migrations/20260902180000_ArquivosDaFicha.cs,90,Down
semdor-crm,src/Clinica.Infrastructure/Migrations/20260903153325_EstornoDeAtendimento.cs,12,Up
semdor-crm,src/Clinica.Infrastructure/Migrations/20260903153325_EstornoDeAtendimento.cs,36,Down
semdor-crm,src/Clinica.Infrastructure/Migrations/20260904120000_FichaDaSessaoCabeNaColuna.cs,36,Up
semdor-crm,src/Clinica.Infrastructure/Migrations/20260904120000_FichaDaSessaoCabeNaColuna.cs,61,Down
semdor-crm,src/Clinica.Infrastructure/Migrations/20260905120000_JornadaDoProfissionalEEmailDoPaciente.cs,24,Up
semdor-crm,src/Clinica.Infrastructure/Migrations/20260905120000_JornadaDoProfissionalEEmailDoPaciente.cs,52,Down
semdor-crm,src/Clinica.Infrastructure/Migrations/20260906120000_PagamentoDoPacoteNoLancamento.cs,21,Up
semdor-crm,src/Clinica.Infrastructure/Migrations/20260906120000_PagamentoDoPacoteNoLancamento.cs,43,Down
semdor-crm,src/Clinica.Infrastructure/Migrations/20260906150000_PrecoDoParticularPorEspecialidade.cs,19,Up
semdor-crm,src/Clinica.Infrastructure/Migrations/20260906150000_PrecoDoParticularPorEspecialidade.cs,53,Down
semdor-crm,src/Clinica.Infrastructure/Migrations/20260907120000_CorpoDoDocumentoSemTeto.cs,33,Up
semdor-crm,src/Clinica.Infrastructure/Migrations/20260907120000_CorpoDoDocumentoSemTeto.cs,57,Down
semdor-crm,src/Clinica.Infrastructure/Migrations/20260907130000_HorarioSubstituidoPorSessaoLancadaPorFora.cs,26,Up
semdor-crm,src/Clinica.Infrastructure/Migrations/20260907130000_HorarioSubstituidoPorSessaoLancadaPorFora.cs,48,Down
semdor-crm,src/Clinica.Infrastructure/Migrations/20260907140000_MidiaDoProntuarioNoArmazenamento.cs,21,Up
semdor-crm,src/Clinica.Infrastructure/Migrations/20260907140000_MidiaDoProntuarioNoArmazenamento.cs,38,Down
semdor-crm,src/Clinica.Infrastructure/Migrations/20260907150000_CamposPersonalizadosDoProntuario.cs,17,Up
semdor-crm,src/Clinica.Infrastructure/Migrations/20260907150000_CamposPersonalizadosDoProntuario.cs,91,Down
semdor-crm,src/Clinica.Infrastructure/Migrations/20260908190858_TermoLigadoAoHorario.cs,27,Up
semdor-crm,src/Clinica.Infrastructure/Migrations/20260908190858_TermoLigadoAoHorario.cs,50,Down
semdor-crm,src/Clinica.Infrastructure/Migrations/20260910120000_AssinaturaRemotaGuardadaAntesDaConferencia.cs,30,Up
semdor-crm,src/Clinica.Infrastructure/Migrations/20260910120000_AssinaturaRemotaGuardadaAntesDaConferencia.cs,59,Down
semdor-crm,src/Clinica.Infrastructure/Migrations/20260914133708_EtapasDoFechamentoDaSessao.cs,11,Up
semdor-crm,src/Clinica.Infrastructure/Migrations/20260914133708_EtapasDoFechamentoDaSessao.cs,35,Down
semdor-crm,src/Clinica.Infrastructure/Migrations/20260915102346_ColetaDeTermosNoTablet.cs,12,Up
semdor-crm,src/Clinica.Infrastructure/Migrations/20260915102346_ColetaDeTermosNoTablet.cs,222,Down
semdor-crm,src/Clinica.Infrastructure/Migrations/20260915140519_PrescricaoInfusaoTextoLivre.cs,11,Up
semdor-crm,src/Clinica.Infrastructure/Migrations/20260915140519_PrescricaoInfusaoTextoLivre.cs,24,Down
semdor-crm,src/Clinica.Infrastructure/Migrations/20260915151605_ModelosCorpoObservacoesCompletas.cs,12,Up
semdor-crm,src/Clinica.Infrastructure/Migrations/20260915151605_ModelosCorpoObservacoesCompletas.cs,27,Down
semdor-crm,src/Clinica.Infrastructure/Migrations/20260916173014_AtendimentoClinicoTablet.cs,12,Up
semdor-crm,src/Clinica.Infrastructure/Migrations/20260916173014_AtendimentoClinicoTablet.cs,60,Down
semdor-crm,src/Clinica.Infrastructure/Migrations/20260916193849_PostoClinicoTablet.cs,12,Up
semdor-crm,src/Clinica.Infrastructure/Migrations/20260916193849_PostoClinicoTablet.cs,43,Down
semdor-crm,src/Clinica.Infrastructure/Migrations/20260917133639_TravaOpcionalDaAgenda.cs,11,Up
semdor-crm,src/Clinica.Infrastructure/Migrations/20260917133639_TravaOpcionalDaAgenda.cs,95,Down
semdor-crm,src/Clinica.Infrastructure/Migrations/20260917185911_EnfermagemVinculadaEValidacaoInfusao.cs,12,Up
semdor-crm,src/Clinica.Infrastructure/Migrations/20260917185911_EnfermagemVinculadaEValidacaoInfusao.cs,54,Down
semdor-crm,src/Clinica.Infrastructure/Migrations/20260921194019_ModelosClinicosFormatados.cs,11,Up
semdor-crm,src/Clinica.Infrastructure/Migrations/20260921194019_ModelosClinicosFormatados.cs,106,Down
semdor-crm,src/Clinica.Infrastructure/Migrations/20260922003512_ConsolidacaoGestao.cs,12,Up
semdor-crm,src/Clinica.Infrastructure/Migrations/20260922003512_ConsolidacaoGestao.cs,54,Down
semdor-crm,src/Clinica.Infrastructure/Migrations/20260922013900_AgendaRecebiveisPorContrato.cs,13,Up
semdor-crm,src/Clinica.Infrastructure/Migrations/20260922013900_AgendaRecebiveisPorContrato.cs,69,Down
semdor-crm,src/Clinica.Infrastructure/Migrations/20260922024030_CatalogoEstoqueClinico.cs,11,Up
semdor-crm,src/Clinica.Infrastructure/Migrations/20260922024030_CatalogoEstoqueClinico.cs,170,Down
semdor-crm,src/Clinica.Infrastructure/Migrations/20260922024419_ParcelamentoContasDocumentado.cs,12,Up
semdor-crm,src/Clinica.Infrastructure/Migrations/20260922024419_ParcelamentoContasDocumentado.cs,61,Down
semdor-crm,src/Clinica.Infrastructure/Migrations/20260922025145_ConferenciaMateriaisProcedimento.cs,13,Up
semdor-crm,src/Clinica.Infrastructure/Migrations/20260922025145_ConferenciaMateriaisProcedimento.cs,46,Down
semdor-crm,src/Clinica.Infrastructure/Migrations/20260922031722_BaixasParciaisObrigacoes.cs,12,Up
semdor-crm,src/Clinica.Infrastructure/Migrations/20260922031722_BaixasParciaisObrigacoes.cs,54,Down
semdor-crm,src/Clinica.Infrastructure/Migrations/20260922155443_AdocaoGradualMateriais.cs,12,Up
semdor-crm,src/Clinica.Infrastructure/Migrations/20260922155443_AdocaoGradualMateriais.cs,37,Down
semdor-crm,src/Clinica.Infrastructure/Migrations/20260922202933_ModelosEFasesEvolucaoEnfermagemPortal.cs,14,Up
semdor-crm,src/Clinica.Infrastructure/Migrations/20260922202933_ModelosEFasesEvolucaoEnfermagemPortal.cs,46,Down
semdor-crm,src/Clinica.Infrastructure/Migrations/20260922230000_PerfilPsicologia.cs,14,Up
semdor-crm,src/Clinica.Infrastructure/Migrations/20260922230000_PerfilPsicologia.cs,23,Down
semdor-crm,src/Clinica.Infrastructure/Migrations/20260922231000_HabilitacoesDoProfissional.cs,12,Up
semdor-crm,src/Clinica.Infrastructure/Migrations/20260922231000_HabilitacoesDoProfissional.cs,16,Down
semdor-crm,src/Clinica.Infrastructure/Migrations/20260923190924_EdicaoEnfermagemExclusiva.cs,12,Up
semdor-crm,src/Clinica.Infrastructure/Migrations/20260923190924_EdicaoEnfermagemExclusiva.cs,65,Down
semdor-crm,src/Clinica.Infrastructure/Migrations/20260925170000_DataRealizacaoInfusao.cs,12,Up
semdor-crm,src/Clinica.Infrastructure/Migrations/20260925170000_DataRealizacaoInfusao.cs,16,Down
semdor-crm,src/Clinica.Infrastructure/Migrations/20260926120000_DevolucaoInfusaoExterna.cs,12,Up
semdor-crm,src/Clinica.Infrastructure/Migrations/20260926120000_DevolucaoInfusaoExterna.cs,30,Down
semdor-crm,src/Clinica.Infrastructure/Migrations/20260928123100_AcompanhamentoPacientesBsvRecall.cs,13,Up
semdor-crm,src/Clinica.Infrastructure/Migrations/20260928123100_AcompanhamentoPacientesBsvRecall.cs,173,Down
semdor-crm,src/Clinica.Infrastructure/Migrations/20260928210520_DiluicaoUnicaInfusao.cs,11,Up
semdor-crm,src/Clinica.Infrastructure/Migrations/20260928210520_DiluicaoUnicaInfusao.cs,36,Down
semdor-crm,src/Clinica.Infrastructure/Migrations/20260928211121_ChecagemNaoExecutavel.cs,11,Up
semdor-crm,src/Clinica.Infrastructure/Migrations/20260928211121_ChecagemNaoExecutavel.cs,22,Down
semdor-crm,src/Clinica.Infrastructure/PoliticaBackupService.cs,11,SituacaoBackup
semdor-crm,src/Clinica.Infrastructure/PoliticaBackupService.cs,33,Descrever
semdor-crm,src/Clinica.Infrastructure/PoliticaBackupService.cs,47,ResultadoBackupAutomatico
semdor-crm,src/Clinica.Infrastructure/PoliticaBackupService.cs,109,SituacaoAsync
semdor-crm,src/Clinica.Infrastructure/PoliticaBackupService.cs,127,ExecutarSeVencidoAsync
semdor-crm,src/Clinica.Infrastructure/PoliticaBackupService.cs,151,ExecutarAsync
semdor-crm,src/Clinica.Infrastructure/PoliticaBackupService.cs,201,Rotacionar
semdor-crm,src/Clinica.Infrastructure/PoliticaBackupService.cs,225,ContarCopias
semdor-crm,src/Clinica.Infrastructure/PoliticaBackupService.cs,242,TentarApagar
semdor-crm,src/Clinica.Infrastructure/RecuperacaoGuiasService.cs,14,FiltroRecuperacaoGuias
semdor-crm,src/Clinica.Infrastructure/RecuperacaoGuiasService.cs,15,ItemRecuperacaoGuias
semdor-crm,src/Clinica.Infrastructure/RecuperacaoGuiasService.cs,17,PreviaRecuperacaoGuias
semdor-crm,src/Clinica.Infrastructure/RecuperacaoGuiasService.cs,18,PedidoRecuperacaoGuia
semdor-crm,src/Clinica.Infrastructure/RecuperacaoGuiasService.cs,19,ResultadoRecuperacaoGuia
semdor-crm,src/Clinica.Infrastructure/RecuperacaoGuiasService.cs,22,RecuperacaoGuiasService
semdor-crm,src/Clinica.Infrastructure/RecuperacaoGuiasService.cs,24,Autorizar
semdor-crm,src/Clinica.Infrastructure/RecuperacaoGuiasService.cs,32,PreverAsync
semdor-crm,src/Clinica.Infrastructure/RecuperacaoGuiasService.cs,108,RecuperarAsync
semdor-crm,src/Clinica.Infrastructure/RecuperacaoGuiasService.cs,136,RecuperarLoteAsync
semdor-crm,src/Clinica.Infrastructure/SessoesEnfermagemService.cs,8,FiltroSessoesEnfermagem
semdor-crm,src/Clinica.Infrastructure/SessoesEnfermagemService.cs,10,SessaoEnfermagemItem
semdor-crm,src/Clinica.Infrastructure/SessoesEnfermagemService.cs,23,SessoesEnfermagemPagina
semdor-crm,src/Clinica.Infrastructure/SessoesEnfermagemService.cs,26,SessoesEnfermagemService
semdor-crm,src/Clinica.Infrastructure/SessoesEnfermagemService.cs,28,ListarAsync
semdor-crm,src/Clinica.Infrastructure/Tablet/AnexosFichaTablet.cs,11,PodeAnexar
semdor-crm,src/Clinica.Infrastructure/Tablet/AnexosFichaTablet.cs,12,TipoArquivo
semdor-crm,src/Clinica.Infrastructure/Tablet/AnexosFichaTablet.cs,19,AnexarAsync
semdor-crm,src/Clinica.Infrastructure/Tablet/AtendimentoTabletService.Materiais.cs,8,MateriaisHabilitadosAsync
semdor-crm,src/Clinica.Infrastructure/Tablet/AtendimentoTabletService.Materiais.cs,16,MateriaisAsync
semdor-crm,src/Clinica.Infrastructure/Tablet/AtendimentoTabletService.Materiais.cs,48,RegistrarMateriaisAsync
semdor-crm,src/Clinica.Infrastructure/Tablet/AtendimentoTabletService.cs,13,AtendimentoTabletService
semdor-crm,src/Clinica.Infrastructure/Tablet/AtendimentoTabletService.cs,20,Operador
semdor-crm,src/Clinica.Infrastructure/Tablet/AtendimentoTabletService.cs,22,AutorizarAsync
semdor-crm,src/Clinica.Infrastructure/Tablet/AtendimentoTabletService.cs,47,Horario
semdor-crm,src/Clinica.Infrastructure/Tablet/AtendimentoTabletService.cs,56,DiaAsync
semdor-crm,src/Clinica.Infrastructure/Tablet/AtendimentoTabletService.cs,75,EvolucaoAtual
semdor-crm,src/Clinica.Infrastructure/Tablet/AtendimentoTabletService.cs,82,Mapa
semdor-crm,src/Clinica.Infrastructure/Tablet/AtendimentoTabletService.cs,87,Fotografar
semdor-crm,src/Clinica.Infrastructure/Tablet/AtendimentoTabletService.cs,99,AbrirAsync
semdor-crm,src/Clinica.Infrastructure/Tablet/AtendimentoTabletService.cs,150,CopiarMapaAsync
semdor-crm,src/Clinica.Infrastructure/Tablet/AtendimentoTabletService.cs,183,SalvarAsync
semdor-crm,src/Clinica.Infrastructure/Tablet/AtendimentoTabletService.cs,236,EmitirAsync
semdor-crm,src/Clinica.Infrastructure/Tablet/AtendimentoTabletService.cs,246,EmitirConteudoAsync
semdor-crm,src/Clinica.Infrastructure/Tablet/AtendimentoTabletService.cs,302,SalvarModeloMapaAsync
semdor-crm,src/Clinica.Infrastructure/Tablet/AtendimentoTabletService.cs,317,Auditar
semdor-crm,src/Clinica.Infrastructure/Tablet/AtendimentoTabletService.cs,319,ValidarTextos
semdor-crm,src/Clinica.Infrastructure/Tablet/AutorizacoesSafeIdTablet.cs,8,AutorizacoesSafeIdTablet
semdor-crm,src/Clinica.Infrastructure/Tablet/AutorizacoesSafeIdTablet.cs,26,Receber
semdor-crm,src/Clinica.Infrastructure/Tablet/AutorizacoesSafeIdTablet.cs,31,Consumir
semdor-crm,src/Clinica.Infrastructure/Tablet/AutorizacoesSafeIdTablet.cs,32,Concluir
semdor-crm,src/Clinica.Infrastructure/Tablet/AutorizacoesSafeIdTablet.cs,34,Criar
semdor-crm,src/Clinica.Infrastructure/Tablet/AutorizacoesSafeIdTablet.cs,48,Receber
semdor-crm,src/Clinica.Infrastructure/Tablet/AutorizacoesSafeIdTablet.cs,58,Obter
semdor-crm,src/Clinica.Infrastructure/Tablet/AutorizacoesSafeIdTablet.cs,67,Concluir
semdor-crm,src/Clinica.Infrastructure/Tablet/EdicaoEnfermagemTabletService.cs,13,ReservarEdicaoEnfermagemAsync
semdor-crm,src/Clinica.Infrastructure/Tablet/EdicaoEnfermagemTabletService.cs,41,EdicaoAtiva
semdor-crm,src/Clinica.Infrastructure/Tablet/EdicaoEnfermagemTabletService.cs,44,RecusarEdicao
semdor-crm,src/Clinica.Infrastructure/Tablet/EdicaoEnfermagemTabletService.cs,52,ConferirEdicaoEnfermagem
semdor-crm,src/Clinica.Infrastructure/Tablet/EdicaoFichaTablet.cs,10,Hash
semdor-crm,src/Clinica.Infrastructure/Tablet/EdicaoFichaTablet.cs,11,ConferirVersao
semdor-crm,src/Clinica.Infrastructure/Tablet/EdicaoFichaTablet.cs,15,Textos
semdor-crm,src/Clinica.Infrastructure/Tablet/EdicaoFichaTablet.cs,19,DadosAnamnese
semdor-crm,src/Clinica.Infrastructure/Tablet/EdicaoFichaTablet.cs,22,DadosProblema
semdor-crm,src/Clinica.Infrastructure/Tablet/EdicaoFichaTablet.cs,24,VersaoMedida
semdor-crm,src/Clinica.Infrastructure/Tablet/EdicaoFichaTablet.cs,28,SalvarAnamneseAsync
semdor-crm,src/Clinica.Infrastructure/Tablet/EdicaoFichaTablet.cs,42,RegistrarMedidaAsync
semdor-crm,src/Clinica.Infrastructure/Tablet/EdicaoFichaTablet.cs,51,CancelarMedidaAsync
semdor-crm,src/Clinica.Infrastructure/Tablet/EdicaoFichaTablet.cs,61,SalvarProblemaAsync
semdor-crm,src/Clinica.Infrastructure/Tablet/EdicaoFichaTablet.cs,77,SituacaoProblemaAsync
semdor-crm,src/Clinica.Infrastructure/Tablet/EdicaoFichaTablet.cs,89,VersoesAnamneseAsync
semdor-crm,src/Clinica.Infrastructure/Tablet/InfusaoExternaTabletService.cs,10,ContextoEnfermagemAsync
semdor-crm,src/Clinica.Infrastructure/Tablet/InfusaoExternaTabletService.cs,31,RegistrarInfusaoExternaAsync
semdor-crm,src/Clinica.Infrastructure/Tablet/MapeamentoTablet.cs,8,Aplicar
semdor-crm,src/Clinica.Infrastructure/Tablet/ModelosClinicosTablet.cs,11,VersaoModeloEvolucao
semdor-crm,src/Clinica.Infrastructure/Tablet/ModelosClinicosTablet.cs,19,DadosModeloEvolucao
semdor-crm,src/Clinica.Infrastructure/Tablet/ModelosClinicosTablet.cs,24,ModelosEvolucaoAsync
semdor-crm,src/Clinica.Infrastructure/Tablet/ModelosClinicosTablet.cs,33,SalvarModeloEvolucaoAsync
semdor-crm,src/Clinica.Infrastructure/Tablet/ModelosClinicosTablet.cs,113,SalvarModeloDocumentoGlobalAsync
semdor-crm,src/Clinica.Infrastructure/Tablet/ModelosEnfermagemTablet.cs,13,ChaveModeloEnfermagem
semdor-crm,src/Clinica.Infrastructure/Tablet/ModelosEnfermagemTablet.cs,18,DadosModeloEnfermagem
semdor-crm,src/Clinica.Infrastructure/Tablet/ModelosEnfermagemTablet.cs,21,ModelosEnfermagemAsync
semdor-crm,src/Clinica.Infrastructure/Tablet/ModelosEnfermagemTablet.cs,29,SalvarModeloEnfermagemAsync
semdor-crm,src/Clinica.Infrastructure/Tablet/PendenciasPostoTablet.cs,10,PendenciasAsync
semdor-crm,src/Clinica.Infrastructure/Tablet/PortalTabletService.cs,14,OpcoesTablet
semdor-crm,src/Clinica.Infrastructure/Tablet/PortalTabletService.cs,15,PortalTabletService
semdor-crm,src/Clinica.Infrastructure/Tablet/PortalTabletService.cs,22,Token
semdor-crm,src/Clinica.Infrastructure/Tablet/PortalTabletService.cs,23,Operador
semdor-crm,src/Clinica.Infrastructure/Tablet/PortalTabletService.cs,45,PodeColher
semdor-crm,src/Clinica.Infrastructure/Tablet/PortalTabletService.cs,48,PodeEntrar
semdor-crm,src/Clinica.Infrastructure/Tablet/PortalTabletService.cs,51,AutorizarAsync
semdor-crm,src/Clinica.Infrastructure/Tablet/PortalTabletService.cs,64,DiaAsync
semdor-crm,src/Clinica.Infrastructure/Tablet/PortalTabletService.cs,78,BuscarAsync
semdor-crm,src/Clinica.Infrastructure/Tablet/PortalTabletService.cs,95,SituacoesAsync
semdor-crm,src/Clinica.Infrastructure/Tablet/PortalTabletService.cs,123,ModelosAsync
semdor-crm,src/Clinica.Infrastructure/Tablet/PortalTabletService.cs,127,DiarioAsync
semdor-crm,src/Clinica.Infrastructure/Tablet/PortalTabletService.cs,129,CobertoAsync
semdor-crm,src/Clinica.Infrastructure/Tablet/PortalTabletService.cs,133,PacienteAsync
semdor-crm,src/Clinica.Infrastructure/Tablet/PortalTabletService.cs,157,PrepararNaEvolucaoAsync
semdor-crm,src/Clinica.Infrastructure/Tablet/PortalTabletService.cs,173,PrepararAsync
semdor-crm,src/Clinica.Infrastructure/Tablet/PortalTabletService.cs,232,ColetasAsync
semdor-crm,src/Clinica.Infrastructure/Tablet/PortalTabletService.cs,267,ReceberAsync
semdor-crm,src/Clinica.Infrastructure/Tablet/PortalTabletService.cs,314,EncerrarAsync
semdor-crm,src/Clinica.Infrastructure/Tablet/PortalTabletService.cs,338,EncerrarPreparadasAsync
semdor-crm,src/Clinica.Infrastructure/Tablet/PortalTabletService.cs,350,ExpirarAsync
semdor-crm,src/Clinica.Infrastructure/Tablet/PortalTabletService.cs,359,RetomarAsync
semdor-crm,src/Clinica.Infrastructure/Tablet/PortalTabletService.cs,370,FinalizarAsync
semdor-crm,src/Clinica.Infrastructure/Tablet/PortalTabletService.cs,403,AbrirViaAsync
semdor-crm,src/Clinica.Infrastructure/Tablet/PortalTabletService.cs,415,Auditar
semdor-crm,src/Clinica.Infrastructure/Tablet/PostoTabletService.cs,13,PostoTabletService
semdor-crm,src/Clinica.Infrastructure/Tablet/PostoTabletService.cs,17,SessoesEnfermagemAsync
semdor-crm,src/Clinica.Infrastructure/Tablet/PostoTabletService.cs,22,Autorizar
semdor-crm,src/Clinica.Infrastructure/Tablet/PostoTabletService.cs,24,Auditar
semdor-crm,src/Clinica.Infrastructure/Tablet/PostoTabletService.cs,26,Paciente
semdor-crm,src/Clinica.Infrastructure/Tablet/PostoTabletService.cs,29,AgendaAsync
semdor-crm,src/Clinica.Infrastructure/Tablet/PostoTabletService.cs,41,MapaAsync
semdor-crm,src/Clinica.Infrastructure/Tablet/PostoTabletService.cs,50,AnexoPdfAsync
semdor-crm,src/Clinica.Infrastructure/Tablet/PostoTabletService.cs,59,BuscarAsync
semdor-crm,src/Clinica.Infrastructure/Tablet/PostoTabletService.cs,66,FichaAsync
semdor-crm,src/Clinica.Infrastructure/Tablet/PostoTabletService.cs,124,IniciarAsync
semdor-crm,src/Clinica.Infrastructure/Tablet/PostoTabletService.cs,141,EmitirAsync
semdor-crm,src/Clinica.Infrastructure/Tablet/PostoTabletService.cs,145,FilaAsync
semdor-crm,src/Clinica.Infrastructure/Tablet/PostoTabletService.cs,212,AcaoPendenteInfusao
semdor-crm,src/Clinica.Infrastructure/Tablet/PostoTabletService.cs,222,Versao
semdor-crm,src/Clinica.Infrastructure/Tablet/PostoTabletService.cs,224,InfusaoAsync
semdor-crm,src/Clinica.Infrastructure/Tablet/PostoTabletService.cs,236,ChecarAsync
semdor-crm,src/Clinica.Infrastructure/Tablet/PostoTabletService.cs,256,EncerrarAsync
semdor-crm,src/Clinica.Infrastructure/Tablet/PostoTabletService.cs,269,CancelarInfusaoAsync
semdor-crm,src/Clinica.Infrastructure/Tablet/PostoTabletService.cs,286,DevolverInfusaoAsync
semdor-crm,src/Clinica.Infrastructure/Tablet/PostoTabletService.cs,300,CorrigirHorariosInfusaoAsync
semdor-crm,src/Clinica.Infrastructure/Tablet/RascunhosTablet.cs,14,VersaoDocumento
semdor-crm,src/Clinica.Infrastructure/Tablet/RascunhosTablet.cs,17,RascunhoDocumento
semdor-crm,src/Clinica.Infrastructure/Tablet/RascunhosTablet.cs,25,RascunhoInfusao
semdor-crm,src/Clinica.Infrastructure/Tablet/RascunhosTablet.cs,33,RascunhoAsync
semdor-crm,src/Clinica.Infrastructure/Tablet/RascunhosTablet.cs,48,CorrigirRascunhoAsync
semdor-crm,src/Clinica.Infrastructure/Tablet/RascunhosTablet.cs,78,CancelarRascunhoAsync
semdor-crm,src/Clinica.Infrastructure/Tablet/RascunhosTablet.cs,86,VersaoModelo
semdor-crm,src/Clinica.Infrastructure/Tablet/RascunhosTablet.cs,87,ModelosDocumentoAsync
semdor-crm,src/Clinica.Infrastructure/Tablet/RegistrosFichaTablet.cs,10,RegistrarObservacoesEnfermagemAsync
semdor-crm,src/Clinica.Infrastructure/Tablet/RegistrosFichaTablet.cs,69,RegistrarExameAsync
semdor-crm,src/Clinica.Infrastructure/Tablet/RegistrosFichaTablet.cs,77,RegistrarEnfermagemAsync
semdor-crm,src/Clinica.Infrastructure/Tablet/RegistrosFichaTablet.cs,102,VincularEnfermagemAsync
semdor-crm,src/Clinica.Infrastructure/Tablet/RegistrosFichaTablet.cs,111,CriarModeloAsync
semdor-crm,src/Clinica.Infrastructure/Tablet/ResumoAtendimentoTablet.cs,11,ResumoFaturamentoAsync
